PLAYER_ID,PLAYER_NAME,PLAYER_LAST_TEAM_ID,PLAYER_LAST_TEAM_ABBREVIATION,AGE,GP,G,FGA_FREQUENCY,FGM,FGA,FG_PCT,EFG_PCT,FGA_percentile,FGA_FREQ_percentile,EFG_percentile,sum_percentiles
203999,Nikola Jokic,1610612743,DEN,29.0,76,67,0.131,78,179,0.436,0.475,1.0,0.8721804511278195,0.7142857142857143,2.5864661654135337
1628973,Jalen Brunson,1610612752,NYK,27.0,76,65,0.096,64,154,0.416,0.461,0.9981167608286252,0.5676691729323309,0.650375939849624,2.21616187361058
1628369,Jayson Tatum,1610612738,BOS,26.0,73,61,0.099,51,138,0.37,0.431,0.9943502824858758,0.6090225563909775,0.49624060150375937,2.0996134403806126
1630162,Anthony Edwards,1610612750,MIN,22.0,78,59,0.089,51,138,0.37,0.417,0.9943502824858758,0.462406015037594,0.42105263157894735,1.8778089291024171
1628368,De'Aaron Fox,1610612758,SAC,26.0,73,67,0.089,50,136,0.368,0.43,0.9905838041431262,0.462406015037594,0.4924812030075188,1.945471022188239
1631094,Paolo Banchero,1610612753,ORL,21.0,79,57,0.098,46,136,0.338,0.368,0.9905838041431262,0.6052631578947368,0.22556390977443608,1.821410871812299
202695,Kawhi Leonard,1610612746,LAC,32.0,67,58,0.116,59,132,0.447,0.519,0.9868173258003766,0.8045112781954887,0.8721804511278195,2.6635090551236846
1628404,Josh Hart,1610612752,NYK,29.0,80,62,0.197,44,132,0.333,0.383,0.9868173258003766,1.0,0.2932330827067669,2.280050408507144
201942,DeMar DeRozan,1610612741,CHI,34.0,77,60,0.099,44,129,0.341,0.388,0.9849340866290018,0.6090225563909775,0.3157894736842105,1.90974611670419
1630178,Tyrese Maxey,1610612755,PHI,23.0,69,57,0.088,39,123,0.317,0.358,0.9830508474576272,0.4548872180451128,0.19548872180451127,1.6334267873072514
1630560,Cam Thomas,1610612751,BKN,22.0,63,56,0.108,38,122,0.311,0.365,0.9811676082862524,0.7218045112781954,0.20676691729323307,1.909739036857681
1627832,Fred VanVleet,1610612745,HOU,30.0,73,55,0.118,32,120,0.267,0.329,0.9792843691148776,0.8195488721804511,0.10150375939849623,1.900337000693825
1630532,Franz Wagner,1610612753,ORL,22.0,71,55,0.11,51,118,0.432,0.496,0.975517890772128,0.7518796992481203,0.7819548872180451,2.509352477238293
1629012,Collin Sexton,1610612762,UTA,25.0,77,60,0.116,48,118,0.407,0.453,0.975517890772128,0.8045112781954887,0.5977443609022557,2.3777735298698723
201142,Kevin Durant,1610612756,PHX,35.0,73,47,0.083,51,116,0.44,0.478,0.967984934086629,0.37593984962406013,0.7255639097744361,2.069488693485125
1628970,Miles Bridges,1610612766,CHA,26.0,68,57,0.097,42,116,0.362,0.44,0.967984934086629,0.5864661654135338,0.5488721804511278,2.1033232799512906
1629632,Coby White,1610612741,CHI,24.0,77,57,0.099,39,116,0.336,0.431,0.967984934086629,0.6090225563909775,0.49624060150375937,2.073248091981366
1628398,Kyle Kuzma,1610612764,WAS,28.0,70,52,0.089,36,116,0.31,0.379,0.967984934086629,0.462406015037594,0.2744360902255639,1.7048270393497869
202331,Paul George,1610612746,LAC,33.0,73,60,0.093,47,113,0.416,0.522,0.9642184557438794,0.5225563909774437,0.8834586466165414,2.3702334933378646
1630224,Jalen Green,1610612745,HOU,22.0,81,58,0.086,38,113,0.336,0.42,0.9642184557438794,0.41353383458646614,0.4323308270676692,1.8100831173980148
202710,Jimmy Butler,1610612748,MIA,34.0,59,50,0.143,44,112,0.393,0.442,0.9585687382297552,0.9172932330827067,0.5639097744360902,2.439771745748552
203954,Joel Embiid,1610612755,PHI,30.0,39,38,0.132,35,112,0.313,0.335,0.9585687382297552,0.8796992481203008,0.11278195488721804,1.951049941237274
1626164,Devin Booker,1610612756,PHX,27.0,66,46,0.089,31,112,0.277,0.308,0.9585687382297552,0.462406015037594,0.06766917293233082,1.48864392619968
1629029,Luka Doncic,1610612742,DAL,25.0,69,54,0.068,44,111,0.396,0.486,0.9566854990583804,0.18796992481203006,0.7481203007518797,1.8927757246222903
2544,LeBron James,1610612747,LAL,39.0,69,52,0.091,44,110,0.4,0.432,0.9529190207156308,0.49624060150375937,0.5037593984962406,1.9529190207156306
203471,Dennis Schroder,1610612751,BKN,30.0,79,54,0.12,33,110,0.3,0.355,0.9529190207156308,0.8308270676691729,0.17293233082706766,1.9566784192118714
203944,Julius Randle,1610612752,NYK,29.0,46,40,0.131,43,108,0.398,0.449,0.9491525423728814,0.8721804511278195,0.575187969924812,2.396520963425513
1628378,Donovan Mitchell,1610612739,CLE,27.0,55,50,0.099,40,108,0.37,0.444,0.9491525423728814,0.6090225563909775,0.5676691729323309,2.12584427169619
1629636,Darius Garland,1610612739,CLE,24.0,57,47,0.127,44,107,0.411,0.509,0.9472693032015066,0.8533834586466166,0.8195488721804511,2.6202016340285743
1628389,Bam Adebayo,1610612748,MIA,26.0,69,53,0.107,37,106,0.349,0.358,0.943502824858757,0.706766917293233,0.19548872180451127,1.8457584639565012
1630175,Cole Anthony,1610612753,ORL,23.0,80,59,0.141,36,106,0.34,0.387,0.943502824858757,0.9097744360902256,0.31203007518796994,2.165307336136953
1628991,Jaren Jackson Jr.,1610612763,MEM,24.0,66,53,0.09,38,105,0.362,0.395,0.9397363465160076,0.4849624060150376,0.34210526315789475,1.76680401568894
1627747,Caris LeVert,1610612739,CLE,29.0,68,56,0.128,37,105,0.352,0.429,0.9397363465160076,0.8609022556390977,0.48120300751879697,2.2818416096739025
1627742,Brandon Ingram,1610612740,NOP,26.0,62,49,0.105,41,104,0.394,0.438,0.9378531073446328,0.6766917293233082,0.5300751879699248,2.1446200246378657
1627750,Jamal Murray,1610612743,DEN,27.0,56,44,0.111,40,103,0.388,0.466,0.935969868173258,0.7631578947368421,0.6766917293233082,2.3758194922334086
202704,Reggie Jackson,1610612743,DEN,33.0,79,56,0.14,34,102,0.333,0.382,0.9340866290018832,0.9060150375939849,0.2894736842105263,2.1295753508063946
1628969,Mikal Bridges,1610612751,BKN,27.0,79,59,0.081,36,101,0.356,0.421,0.9322033898305084,0.3383458646616541,0.44360902255639095,1.7141582770485535
202699,Tobias Harris,1610612755,PHI,31.0,69,45,0.106,47,99,0.475,0.54,0.928436911487759,0.6879699248120301,0.9060150375939849,2.522421873893774
1630559,Austin Reaves,1610612747,LAL,25.0,80,53,0.109,26,99,0.263,0.308,0.928436911487759,0.7368421052631579,0.06766917293233082,1.7329481896832477
1628978,Donte DiVincenzo,1610612752,NYK,27.0,80,55,0.1,34,98,0.347,0.449,0.9265536723163842,0.6390977443609023,0.575187969924812,2.1408393866020985
1641764,Brandin Podziemski,1610612744,GSW,21.0,72,51,0.169,35,97,0.361,0.397,0.9246704331450094,0.9699248120300752,0.3533834586466165,2.247978703821701
1630578,Alperen Sengun,1610612745,HOU,21.0,63,49,0.094,47,92,0.511,0.538,0.9190207156308852,0.5375939849624061,0.9022556390977443,2.3588703396910358
1627759,Jaylen Brown,1610612738,BOS,27.0,69,48,0.074,36,92,0.391,0.44,0.9190207156308852,0.2631578947368421,0.5488721804511278,1.731050790818855
1629027,Trae Young,1610612737,ATL,25.0,53,45,0.093,32,92,0.348,0.424,0.9190207156308852,0.5225563909774437,0.4548872180451128,1.8964643246534418
1629014,Anfernee Simons,1610612757,POR,24.0,45,38,0.111,32,91,0.352,0.396,0.9152542372881356,0.7631578947368421,0.3458646616541353,2.024276793679113
1627783,Pascal Siakam,1610612754,IND,30.0,79,53,0.073,30,91,0.33,0.368,0.9152542372881356,0.2518796992481203,0.22556390977443608,1.3926978463106918
203468,CJ McCollum,1610612740,NOP,32.0,64,46,0.088,43,90,0.478,0.583,0.9077212806026366,0.4548872180451128,0.9473684210526315,2.309976919700381
1630567,Scottie Barnes,1610612761,TOR,22.0,60,44,0.096,37,90,0.411,0.472,0.9077212806026366,0.5676691729323309,0.706766917293233,2.1821573708282003
201935,James Harden,1610612746,LAC,34.0,71,48,0.111,30,90,0.333,0.456,0.9077212806026366,0.7631578947368421,0.6240601503759399,2.2949393257154185
1628370,Malik Monk,1610612758,SAC,26.0,72,52,0.101,28,90,0.311,0.406,0.9077212806026366,0.6466165413533834,0.38345864661654133,1.9377964685725613
203507,Giannis Antetokounmpo,1610612749,MIL,29.0,73,51,0.065,41,89,0.461,0.472,0.903954802259887,0.15037593984962405,0.706766917293233,1.7610976594027439
203903,Jordan Clarkson,1610612762,UTA,31.0,54,45,0.112,19,89,0.213,0.247,0.903954802259887,0.7781954887218046,0.018796992481203006,1.7009472834628947
1628983,Shai Gilgeous-Alexander,1610612760,OKC,25.0,74,49,0.059,38,87,0.437,0.454,0.8983050847457628,0.09022556390977443,0.6127819548872181,1.6013126035427554
1630595,Cade Cunningham,1610612765,DET,22.0,61,48,0.076,34,87,0.391,0.466,0.8983050847457628,0.2819548872180451,0.6766917293233082,1.856951701287116
203081,Damian Lillard,1610612749,MIL,33.0,72,46,0.069,25,87,0.287,0.351,0.8983050847457628,0.20300751879699247,0.15789473684210525,1.2592073403848605
1626179,Terry Rozier,1610612748,MIA,30.0,61,41,0.086,34,86,0.395,0.465,0.896421845574388,0.41353383458646614,0.6729323308270677,1.9828880109879217
203076,Anthony Davis,1610612747,LAL,31.0,74,52,0.068,35,84,0.417,0.435,0.8926553672316384,0.18796992481203006,0.518796992481203,1.5994222845248716
1630169,Tyrese Haliburton,1610612754,IND,24.0,68,44,0.081,26,84,0.31,0.375,0.8926553672316384,0.3383458646616541,0.2593984962406015,1.490399728133894
1631099,Keegan Murray,1610612758,SAC,23.0,76,47,0.087,30,83,0.361,0.416,0.8907721280602636,0.43609022556390975,0.41353383458646614,1.7403961882106393
1629640,Keldon Johnson,1610612759,SAS,24.0,68,49,0.097,34,82,0.415,0.482,0.8888888888888888,0.5864661654135338,0.7330827067669173,2.20843776106934
1627749,Dejounte Murray,1610612737,ATL,27.0,77,50,0.056,31,81,0.383,0.488,0.8851224105461394,0.05263157894736842,0.7631578947368421,1.70091188423035
1630202,Payton Pritchard,1610612738,BOS,26.0,80,57,0.133,25,81,0.309,0.37,0.8851224105461394,0.8834586466165414,0.23684210526315788,2.0054231624258385
1631114,Jalen Williams,1610612760,OKC,23.0,70,51,0.081,39,80,0.488,0.563,0.879472693032015,0.3383458646616541,0.9323308270676691,2.150149384761338
202696,Nikola Vucevic,1610612741,CHI,33.0,74,50,0.069,36,80,0.45,0.469,0.879472693032015,0.20300751879699247,0.6992481203007519,1.7817283321297595
1630703,Scoot Henderson,1610612757,POR,20.0,61,41,0.102,25,80,0.313,0.35,0.879472693032015,0.6541353383458647,0.15413533834586465,1.6877433697237443
203924,Jerami Grant,1610612757,POR,30.0,54,40,0.093,31,79,0.392,0.449,0.871939736346516,0.5225563909774437,0.575187969924812,1.9696840972487717
1628374,Lauri Markkanen,1610612762,UTA,26.0,55,39,0.089,27,79,0.342,0.405,0.871939736346516,0.462406015037594,0.37593984962406013,1.7102856010081702
1631110,Jeremy Sochan,1610612759,SAS,20.0,73,44,0.104,24,79,0.304,0.386,0.871939736346516,0.6616541353383458,0.30451127819548873,1.8381051498803505
1628997,Caleb Martin,1610612748,MIA,28.0,63,46,0.144,22,79,0.278,0.323,0.871939736346516,0.924812030075188,0.09398496240601503,1.8907367288277188
1630193,Immanuel Quickley,1610612761,TOR,24.0,67,47,0.09,21,78,0.269,0.308,0.8700564971751412,0.4849624060150376,0.06766917293233082,1.4226880761225098
1630540,Miles McBride,1610612752,NYK,23.0,67,39,0.173,25,77,0.325,0.396,0.8662900188323918,0.981203007518797,0.3458646616541353,2.193357688005324
1626220,Royce O'Neale,1610612756,PHX,30.0,76,53,0.148,24,77,0.312,0.416,0.8662900188323918,0.9398496240601504,0.41353383458646614,2.2196734774790086
1627734,Domantas Sabonis,1610612758,SAC,27.0,81,45,0.072,36,76,0.474,0.487,0.8625235404896422,0.23684210526315788,0.7556390977443609,1.8550047434971608
101108,Chris Paul,1610612744,GSW,38.0,56,43,0.17,22,76,0.289,0.349,0.8625235404896422,0.9736842105263158,0.15037593984962405,1.986583690865582
1630228,Jonathan Kuminga,1610612744,GSW,21.0,72,47,0.091,28,75,0.373,0.42,0.8587570621468926,0.49624060150375937,0.4323308270676692,1.7873284907183211
1630591,Jalen Suggs,1610612753,ORL,22.0,74,46,0.105,25,75,0.333,0.44,0.8587570621468926,0.6766917293233082,0.5488721804511278,2.0843209719213287
201939,Stephen Curry,1610612744,GSW,36.0,74,47,0.051,26,72,0.361,0.438,0.8531073446327684,0.022556390977443608,0.5300751879699248,1.4057389235801367
1641706,Brandon Miller,1610612766,CHA,21.0,73,42,0.068,24,72,0.333,0.41,0.8531073446327684,0.18796992481203006,0.39473684210526316,1.4358141115500618
1641718,Keyonte George,1610612762,UTA,20.0,73,47,0.091,22,72,0.306,0.361,0.8531073446327684,0.49624060150375937,0.20300751879699247,1.55235546493352
1629130,Duncan Robinson,1610612748,MIA,29.0,67,47,0.106,29,71,0.408,0.556,0.847457627118644,0.6879699248120301,0.9210526315789473,2.4564801835096217
1626181,Norman Powell,1610612746,LAC,30.0,75,42,0.095,27,71,0.38,0.507,0.847457627118644,0.5526315789473685,0.8157894736842105,2.2158786797502232
1631093,Jaden Ivey,1610612765,DET,22.0,75,43,0.076,26,71,0.366,0.394,0.847457627118644,0.2819548872180451,0.3308270676691729,1.460239582005862
1627741,Buddy Hield,1610612755,PHI,31.0,83,49,0.084,29,70,0.414,0.493,0.8436911487758946,0.38721804511278196,0.7781954887218046,2.009104682610481
1630170,Devin Vassell,1610612759,SAS,23.0,68,42,0.066,29,70,0.414,0.514,0.8436911487758946,0.16917293233082706,0.8533834586466166,1.866247539753338
1629611,Terance Mann,1610612746,LAC,27.0,73,44,0.147,24,69,0.348,0.406,0.8361581920903954,0.9360902255639098,0.38345864661654133,2.1557070642708465
1641705,Victor Wembanyama,1610612759,SAS,20.0,71,39,0.058,23,69,0.333,0.355,0.8361581920903954,0.07894736842105263,0.17293233082706766,1.0880378913385158
1626156,D'Angelo Russell,1610612747,LAL,28.0,74,43,0.066,19,69,0.275,0.355,0.8361581920903954,0.16917293233082706,0.17293233082706766,1.17826345524829
1629673,Jordan Poole,1610612764,WAS,24.0,78,43,0.058,18,69,0.261,0.348,0.8361581920903954,0.07894736842105263,0.14285714285714285,1.057962703368591
1626162,Kelly Oubre Jr.,1610612755,PHI,28.0,67,36,0.078,26,68,0.382,0.463,0.832391713747646,0.3082706766917293,0.6654135338345865,1.8060759242739617
203992,Bogdan Bogdanovic,1610612737,ATL,31.0,78,42,0.063,18,68,0.265,0.309,0.832391713747646,0.13157894736842105,0.07894736842105263,1.0429180295371197
203078,Bradley Beal,1610612756,PHX,30.0,50,34,0.099,27,67,0.403,0.44,0.8229755178907722,0.6090225563909775,0.5488721804511278,1.9808702547328776
200768,Kyle Lowry,1610612755,PHI,38.0,58,32,0.183,24,67,0.358,0.455,0.8229755178907722,0.9924812030075187,0.6203007518796992,2.4357574727779903
201976,Patrick Beverley,1610612749,MIL,35.0,72,45,0.178,23,67,0.343,0.41,0.8229755178907722,0.9849624060150376,0.39473684210526316,2.202674766011073
203915,Spencer Dinwiddie,1610612747,LAL,31.0,74,37,0.108,21,67,0.313,0.433,0.8229755178907722,0.7218045112781954,0.5112781954887218,2.056058224657689
1630692,Jordan Goodwin,1610612763,MEM,25.0,55,31,0.182,20,67,0.299,0.351,0.8229755178907722,0.9887218045112782,0.15789473684210525,1.9695920592441558
201144,Mike Conley,1610612750,MIN,36.0,75,45,0.104,26,66,0.394,0.5,0.8173258003766478,0.6616541353383458,0.7857142857142857,2.2646942214292793
1631170,Jaime Jaquez Jr.,1610612748,MIA,23.0,73,42,0.097,22,66,0.333,0.394,0.8173258003766478,0.5864661654135338,0.3308270676691729,1.7346190334593545
203501,Tim Hardaway Jr.,1610612742,DAL,32.0,77,43,0.07,14,66,0.212,0.28,0.8173258003766478,0.22556390977443608,0.03759398496240601,1.08048369511349
1629018,Gary Trent Jr.,1610612761,TOR,25.0,69,41,0.081,24,65,0.369,0.485,0.8116760828625236,0.3383458646616541,0.7443609022556391,1.894382849779817
1629684,Grant Williams,1610612766,CHA,25.0,75,45,0.109,23,65,0.354,0.408,0.8116760828625236,0.7368421052631579,0.39097744360902253,1.9394956317347039
1630583,Santi Aldama,1610612763,MEM,23.0,61,42,0.114,17,65,0.262,0.3,0.8116760828625236,0.793233082706767,0.06015037593984962,1.66505954150914
1631097,Bennedict Mathurin,1610612754,IND,21.0,59,40,0.097,24,64,0.375,0.438,0.8060263653483992,0.5864661654135338,0.5300751879699248,1.9225677187318577
1629628,RJ Barrett,1610612761,TOR,23.0,58,36,0.073,23,64,0.359,0.391,0.8060263653483992,0.2518796992481203,0.32706766917293234,1.3849737337694519
1630217,Desmond Bane,1610612763,MEM,25.0,42,34,0.082,21,64,0.328,0.414,0.8060263653483992,0.3533834586466165,0.40601503759398494,1.5654248615890007
202681,Kyrie Irving,1610612742,DAL,32.0,57,36,0.057,27,63,0.429,0.492,0.8022598870056498,0.06015037593984962,0.7706766917293233,1.6330869546748228
1629675,Naz Reid,1610612750,MIN,24.0,80,43,0.075,19,63,0.302,0.341,0.8022598870056498,0.2744360902255639,0.12030075187969924,1.196996729110913
1630166,Deni Avdija,1610612764,WAS,23.0,74,40,0.079,26,62,0.419,0.492,0.7928436911487758,0.31954887218045114,0.7706766917293233,1.8830692550585504
1629639,Tyler Herro,1610612748,MIA,24.0,40,30,0.087,25,62,0.403,0.476,0.7928436911487758,0.43609022556390975,0.7180451127819549,1.9469790294946405
1631096,Chet Holmgren,1610612760,OKC,21.0,81,42,0.066,25,62,0.403,0.46,0.7928436911487758,0.16917293233082706,0.6428571428571429,1.6048737663367458
1629023,P.J. Washington,1610612742,DAL,25.0,72,43,0.077,19,62,0.306,0.355,0.7928436911487758,0.3007518796992481,0.17293233082706766,1.2665279016750917
201566,Russell Westbrook,1610612746,LAC,35.0,68,41,0.094,17,62,0.274,0.355,0.7928436911487758,0.5375939849624061,0.17293233082706766,1.5033700069382496
203937,Kyle Anderson,1610612750,MIN,30.0,78,44,0.143,24,61,0.393,0.402,0.7890772128060264,0.9172932330827067,0.36466165413533835,2.0710321000240715
1631133,Jabari Walker,1610612757,POR,21.0,72,40,0.12,15,61,0.246,0.279,0.7890772128060264,0.8308270676691729,0.03383458646616541,1.6537388669413646
1628384,OG Anunoby,1610612752,NYK,26.0,49,33,0.106,23,60,0.383,0.45,0.783427495291902,0.6879699248120301,0.5864661654135338,2.057863585517466
1627736,Malik Beasley,1610612749,MIL,27.0,78,41,0.084,21,60,0.35,0.425,0.783427495291902,0.38721804511278196,0.462406015037594,1.633051555442278
1630180,Saddiq Bey,1610612737,ATL,25.0,63,38,0.087,17,60,0.283,0.367,0.783427495291902,0.43609022556390975,0.22180451127819548,1.4413222321340071
1629638,Nickeil Alexander-Walker,1610612750,MIN,25.0,81,42,0.11,22,59,0.373,0.458,0.7796610169491526,0.7518796992481203,0.631578947368421,2.163119663565694
202691,Klay Thompson,1610612744,GSW,34.0,75,41,0.055,19,59,0.322,0.373,0.7796610169491526,0.041353383458646614,0.2518796992481203,1.0728940996559195
1629661,Cameron Johnson,1610612751,BKN,28.0,57,36,0.095,17,58,0.293,0.345,0.7777777777777778,0.5526315789473685,0.12781954887218044,1.4582289055973268
1630173,Precious Achiuwa,1610612752,NYK,24.0,73,35,0.123,22,57,0.386,0.439,0.7740112994350282,0.8421052631578947,0.5451127819548872,2.16122934454781
1641713,GG Jackson,1610612763,MEM,19.0,47,29,0.108,16,57,0.281,0.298,0.7740112994350282,0.7218045112781954,0.05639097744360902,1.5522067881568327
1627936,Alex Caruso,1610612741,CHI,30.0,69,36,0.107,28,56,0.5,0.679,0.7664783427495292,0.706766917293233,0.9924812030075187,2.465726463050281
1626171,Bobby Portis,1610612749,MIL,29.0,81,38,0.062,22,56,0.393,0.429,0.7664783427495292,0.11278195488721804,0.48120300751879697,1.3604633051555441
1628960,Grayson Allen,1610612756,PHX,28.0,72,38,0.087,20,56,0.357,0.482,0.7664783427495292,0.43609022556390975,0.7330827067669173,1.9356512750803563
1629022,Lonnie Walker IV,1610612751,BKN,25.0,57,33,0.117,16,56,0.286,0.348,0.7664783427495292,0.8120300751879699,0.14285714285714285,1.7213655607946419
203994,Jusuf Nurkic,1610612756,PHX,29.0,73,31,0.09,15,55,0.273,0.282,0.7645951035781544,0.4849624060150376,0.041353383458646614,1.2909108930518385
1626167,Myles Turner,1610612754,IND,28.0,76,39,0.061,28,54,0.519,0.565,0.7551789077212806,0.10526315789473684,0.9360902255639098,1.7965322911799273
203084,Harrison Barnes,1610612758,SAC,31.0,81,35,0.076,23,54,0.426,0.528,0.7551789077212806,0.2819548872180451,0.8909774436090225,1.9281112385483483
1629008,Michael Porter Jr.,1610612743,DEN,25.0,78,37,0.052,23,54,0.426,0.519,0.7551789077212806,0.03007518796992481,0.8721804511278195,1.657434546819025
1630230,Naji Marshall,1610612740,NOP,26.0,65,31,0.148,20,54,0.37,0.454,0.7551789077212806,0.9398496240601504,0.6127819548872181,2.3078104866686493
1630625,Dalano Banton,1610612757,POR,24.0,52,27,0.118,13,54,0.241,0.269,0.7551789077212806,0.8195488721804511,0.02631578947368421,1.6010435693754161
204001,Kristaps Porzingis,1610612738,BOS,28.0,57,29,0.069,23,52,0.442,0.51,0.7495291902071564,0.20300751879699247,0.8233082706766918,1.7758449796808407
1629659,Talen Horton-Tucker,1610612762,UTA,23.0,50,32,0.113,15,52,0.288,0.346,0.7495291902071564,0.7819548872180451,0.13157894736842105,1.6630630247936224
202692,Alec Burks,1610612752,NYK,32.0,66,34,0.091,14,52,0.269,0.375,0.7495291902071564,0.49624060150375937,0.2593984962406015,1.5051682879515171
1631246,Vince Williams Jr.,1610612763,MEM,23.0,52,29,0.135,16,51,0.314,0.373,0.7457627118644068,0.8947368421052632,0.2518796992481203,1.89237925321779
1631095,Jabari Smith Jr.,1610612745,HOU,20.0,75,40,0.063,14,51,0.275,0.353,0.7457627118644068,0.13157894736842105,0.16541353383458646,1.0427551930674142
1627763,Malcolm Brogdon,1610612757,POR,31.0,39,23,0.101,19,50,0.38,0.46,0.7401129943502824,0.6466165413533834,0.6428571428571429,2.0295866785608085
203952,Andrew Wiggins,1610612744,GSW,29.0,69,36,0.067,18,50,0.36,0.41,0.7401129943502824,0.18045112781954886,0.39473684210526316,1.3153009642750946
1628415,Dillon Brooks,1610612745,HOU,28.0,72,35,0.065,17,50,0.34,0.42,0.7401129943502824,0.15037593984962405,0.4323308270676692,1.3228197612675756
202685,Jonas Valanciunas,1610612740,NOP,31.0,80,37,0.069,28,49,0.571,0.571,0.7269303201506592,0.20300751879699247,0.9398496240601504,1.869787463007802
1628971,Bruce Brown,1610612761,TOR,27.0,66,36,0.086,22,49,0.449,0.469,0.7269303201506592,0.41353383458646614,0.6992481203007519,1.8397122750378772
1630245,Ayo Dosunmu,1610612741,CHI,24.0,75,35,0.07,20,49,0.408,0.459,0.7269303201506592,0.22556390977443608,0.6353383458646616,1.587832575789757
1629627,Zion Williamson,1610612740,NOP,23.0,68,38,0.046,19,49,0.388,0.388,0.7269303201506592,0.015037593984962405,0.3157894736842105,1.057757387819832
201569,Eric Gordon,1610612756,PHX,35.0,67,37,0.08,18,49,0.367,0.459,0.7269303201506592,0.3308270676691729,0.6353383458646616,1.6930957336844936
1629652,Luguentz Dort,1610612760,OKC,24.0,78,33,0.075,16,49,0.327,0.398,0.7269303201506592,0.2744360902255639,0.35714285714285715,1.3585092675190804
1627827,Dorian Finney-Smith,1610612751,BKN,30.0,66,35,0.099,14,49,0.286,0.316,0.7269303201506592,0.6090225563909775,0.08646616541353383,1.4224190419551705
1626157,Karl-Anthony Towns,1610612750,MIN,28.0,61,36,0.051,19,48,0.396,0.427,0.71939736346516,0.022556390977443608,0.47368421052631576,1.2156379649689193
1630581,Josh Giddey,1610612760,OKC,21.0,79,32,0.057,17,48,0.354,0.365,0.71939736346516,0.06015037593984962,0.20676691729323307,0.9863146566982427
1628401,Derrick White,1610612738,BOS,29.0,72,34,0.058,15,48,0.313,0.438,0.71939736346516,0.07894736842105263,0.5300751879699248,1.3284199198561375
1630557,Corey Kispert,1610612764,WAS,25.0,79,35,0.062,14,48,0.292,0.385,0.71939736346516,0.11278195488721804,0.3007518796992481,1.1329311980516261
1629651,Nic Claxton,1610612751,BKN,24.0,68,37,0.084,28,47,0.596,0.596,0.7062146892655368,0.38721804511278196,0.9661654135338346,2.0595981479121535
1629021,Moritz Wagner,1610612753,ORL,26.0,79,31,0.086,26,47,0.553,0.585,0.7062146892655368,0.41353383458646614,0.9586466165413534,2.078395140393356
202711,Bojan Bogdanovic,1610612752,NYK,34.0,56,35,0.07,22,47,0.468,0.521,0.7062146892655368,0.22556390977443608,0.8796992481203008,1.8114778471602735
1629614,Andrew Nembhard,1610612754,IND,24.0,67,31,0.091,20,47,0.426,0.479,0.7062146892655368,0.49624060150375937,0.7293233082706767,1.931778599039973
201572,Brook Lopez,1610612749,MIL,36.0,78,37,0.063,20,47,0.426,0.489,0.7062146892655368,0.13157894736842105,0.7669172932330827,1.6047109298670406
1630200,Tre Jones,1610612759,SAS,24.0,75,34,0.08,19,47,0.404,0.436,0.7062146892655368,0.3308270676691729,0.5263157894736842,1.563357546408394
1641709,Ausar Thompson,1610612765,DET,21.0,62,33,0.099,18,47,0.383,0.383,0.7062146892655368,0.6090225563909775,0.2932330827067669,1.608470328363281
1630183,Jaden McDaniels,1610612750,MIN,23.0,71,36,0.074,22,46,0.478,0.511,0.6949152542372882,0.2631578947368421,0.8270676691729323,1.7851408181470627
1631204,Marcus Sasser,1610612765,DET,23.0,69,34,0.094,18,46,0.391,0.467,0.6949152542372882,0.5375939849624061,0.6879699248120301,1.9204791640117242
204456,T.J. McConnell,1610612754,IND,32.0,70,30,0.079,17,46,0.37,0.38,0.6949152542372882,0.31954887218045114,0.2857142857142857,1.3001784121320248
1630541,Moses Moody,1610612744,GSW,21.0,64,31,0.115,13,46,0.283,0.37,0.6949152542372882,0.8007518796992481,0.23684210526315788,1.7325092391996941
1628372,Dennis Smith Jr.,1610612751,BKN,26.0,54,36,0.141,12,46,0.261,0.261,0.6949152542372882,0.9097744360902256,0.022556390977443608,1.6272460813049574
1629622,Max Strus,1610612739,CLE,28.0,69,33,0.064,10,46,0.217,0.272,0.6949152542372882,0.14661654135338345,0.03007518796992481,0.8716069835605964
1630194,Paul Reed,1610612755,PHI,24.0,81,31,0.096,22,45,0.489,0.511,0.6930320150659134,0.5676691729323309,0.8270676691729323,2.0877688571711763
1626166,Cameron Payne,1610612755,PHI,29.0,77,33,0.093,18,44,0.409,0.534,0.687382297551789,0.5225563909774437,0.8984962406015038,2.1084349291307367
1630573,Sam Hauser,1610612738,BOS,26.0,77,32,0.083,16,44,0.364,0.523,0.687382297551789,0.37593984962406013,0.8872180451127819,1.950540192288631
1630198,Isaiah Joe,1610612760,OKC,24.0,77,33,0.091,14,44,0.318,0.432,0.687382297551789,0.49624060150375937,0.5037593984962406,1.687382297551789
1630552,Jalen Johnson,1610612737,ATL,22.0,56,30,0.062,20,43,0.465,0.512,0.6836158192090396,0.11278195488721804,0.8345864661654135,1.6309842402616712
1627777,Georges Niang,1610612739,CLE,30.0,81,30,0.069,16,43,0.372,0.453,0.6836158192090396,0.20300751879699247,0.5977443609022557,1.4843676989082877
201950,Jrue Holiday,1610612738,BOS,33.0,68,29,0.062,21,42,0.5,0.583,0.67984934086629,0.11278195488721804,0.9473684210526315,1.7399997168061394
1629599,Amir Coffey,1610612746,LAC,26.0,68,32,0.127,15,42,0.357,0.476,0.67984934086629,0.8533834586466166,0.7180451127819549,2.2512779122948614
1631212,Peyton Watson,1610612743,DEN,21.0,77,30,0.096,19,41,0.463,0.512,0.6666666666666666,0.5676691729323309,0.8345864661654135,2.0689223057644113
1630530,Trey Murphy III,1610612740,NOP,23.0,55,28,0.068,18,41,0.439,0.598,0.6666666666666666,0.18796992481203006,0.9699248120300752,1.8245614035087718
1629631,De'Andre Hunter,1610612737,ATL,26.0,56,30,0.063,18,41,0.439,0.512,0.6666666666666666,0.13157894736842105,0.8345864661654135,1.6328320802005012
203932,Aaron Gordon,1610612743,DEN,28.0,70,28,0.059,15,41,0.366,0.402,0.6666666666666666,0.09022556390977443,0.36466165413533835,1.1215538847117794
1630167,Obi Toppin,1610612754,IND,26.0,81,34,0.072,15,41,0.366,0.427,0.6666666666666666,0.23684210526315788,0.47368421052631576,1.3771929824561402
1641871,Duop Reath,1610612757,POR,27.0,66,31,0.085,14,41,0.341,0.415,0.6666666666666666,0.40601503759398494,0.40977443609022557,1.4824561403508771
1627752,Taurean Prince,1610612747,LAL,30.0,76,32,0.074,13,41,0.317,0.39,0.6666666666666666,0.2631578947368421,0.3233082706766917,1.2531328320802004
1641710,Anthony Black,1610612753,ORL,20.0,68,29,0.164,15,40,0.375,0.463,0.664783427495292,0.9624060150375939,0.6654135338345865,2.2926029763674722
1628380,Zach Collins,1610612759,SAS,26.0,67,28,0.065,21,39,0.538,0.59,0.6534839924670434,0.15037593984962405,0.9624060150375939,1.7662659473542615
203083,Andre Drummond,1610612741,CHI,30.0,78,30,0.082,20,39,0.513,0.513,0.6534839924670434,0.3533834586466165,0.8458646616541353,1.8527321127677951
1630171,Isaac Okoro,1610612739,CLE,23.0,68,29,0.082,17,39,0.436,0.487,0.6534839924670434,0.3533834586466165,0.7556390977443609,1.762506548858021
1626145,Tyus Jones,1610612764,WAS,27.0,66,30,0.059,12,39,0.308,0.372,0.6534839924670434,0.09022556390977443,0.24812030075187969,0.9918298571286974
1628975,Jevon Carter,1610612741,CHI,28.0,70,32,0.109,12,39,0.308,0.346,0.6534839924670434,0.7368421052631579,0.13157894736842105,1.5219050450986222
1630205,Lamar Stevens,1610612763,MEM,26.0,38,18,0.163,12,39,0.308,0.346,0.6534839924670434,0.9586466165413534,0.13157894736842105,1.7437095563768177
203482,Kelly Olynyk,1610612761,TOR,32.0,76,29,0.079,18,38,0.474,0.513,0.6384180790960452,0.31954887218045114,0.8458646616541353,1.8038316129306318
1628381,John Collins,1610612762,UTA,26.0,67,28,0.052,15,38,0.395,0.461,0.6384180790960452,0.03007518796992481,0.650375939849624,1.318869206915594
203995,Vasilije Micic,1610612766,CHA,30.0,58,28,0.108,14,38,0.368,0.461,0.6384180790960452,0.7218045112781954,0.650375939849624,2.0105985302238647
201145,Jeff Green,1610612745,HOU,37.0,77,29,0.106,13,38,0.342,0.421,0.6384180790960452,0.6879699248120301,0.44360902255639095,1.7699970264644662
1626224,Cedi Osman,1610612759,SAS,29.0,72,30,0.099,12,38,0.316,0.368,0.6384180790960452,0.6090225563909775,0.22556390977443608,1.4730045452614586
1641717,Cason Wallace,1610612760,OKC,20.0,81,28,0.087,11,38,0.289,0.342,0.6384180790960452,0.43609022556390975,0.12406015037593984,1.1985684550358946
202694,Marcus Morris Sr.,1610612739,CLE,34.0,48,20,0.149,10,38,0.263,0.355,0.6384180790960452,0.9473684210526315,0.17293233082706766,1.7587188309757444
1631223,David Roddy,1610612756,PHX,23.0,63,30,0.096,8,38,0.211,0.211,0.6384180790960452,0.5676691729323309,0.007518796992481203,1.2136060490208573
1628392,Isaiah Hartenstein,1610612752,NYK,25.0,74,29,0.103,24,37,0.649,0.662,0.6252354048964218,0.6578947368421053,0.9849624060150376,2.2680925477535645
1627826,Ivica Zubac,1610612746,LAC,27.0,67,27,0.073,19,37,0.514,0.514,0.6252354048964218,0.2518796992481203,0.8533834586466166,1.7304985627911589
1629060,Rui Hachimura,1610612747,LAL,26.0,66,29,0.057,17,37,0.459,0.5,0.6252354048964218,0.06015037593984962,0.7857142857142857,1.4711000665505571
1628988,Aaron Holiday,1610612745,HOU,27.0,77,29,0.091,15,37,0.405,0.486,0.6252354048964218,0.49624060150375937,0.7481203007518797,1.869596307152061
1630558,Davion Mitchell,1610612758,SAC,25.0,71,28,0.119,13,37,0.351,0.405,0.6252354048964218,0.8270676691729323,0.37593984962406013,1.8282429236934141
1631101,Shaedon Sharpe,1610612757,POR,20.0,32,22,0.085,12,37,0.324,0.365,0.6252354048964218,0.40601503759398494,0.20676691729323307,1.23801735978364
1626168,Trey Lyles,1610612758,SAC,28.0,57,26,0.117,10,37,0.27,0.324,0.6252354048964218,0.8120300751879699,0.09774436090225563,1.5350098409866475
203967,Dario Saric,1610612744,GSW,30.0,62,27,0.097,19,36,0.528,0.583,0.615819209039548,0.5864661654135338,0.9473684210526315,2.149653795505713
1626204,Larry Nance Jr.,1610612740,NOP,31.0,60,30,0.155,17,36,0.472,0.514,0.615819209039548,0.9548872180451128,0.8533834586466166,2.4240898857312776
1628386,Jarrett Allen,1610612739,CLE,25.0,76,28,0.044,15,36,0.417,0.417,0.615819209039548,0.011278195488721804,0.42105263157894735,1.0481500361072171
1626192,Pat Connaughton,1610612749,MIL,31.0,75,25,0.104,14,36,0.389,0.514,0.615819209039548,0.6616541353383458,0.8533834586466166,2.1308568030245105
1630702,Jaden Hardy,1610612742,DAL,21.0,71,26,0.078,11,36,0.306,0.375,0.615819209039548,0.3082706766917293,0.2593984962406015,1.1834883819718789
1630596,Evan Mobley,1610612739,CLE,22.0,49,25,0.065,16,35,0.457,0.457,0.6045197740112994,0.15037593984962405,0.6278195488721805,1.3827152627331039
203484,Kentavious Caldwell-Pope,1610612743,DEN,31.0,73,26,0.062,15,35,0.429,0.557,0.6045197740112994,0.11278195488721804,0.924812030075188,1.6421137589737054
1627884,Derrick Jones Jr.,1610612742,DAL,27.0,75,26,0.072,13,35,0.371,0.429,0.6045197740112994,0.23684210526315788,0.48120300751879697,1.3225648867932542
1641739,Toumani Camara,1610612757,POR,23.0,69,24,0.082,12,35,0.343,0.4,0.6045197740112994,0.3533834586466165,0.3609022556390977,1.3188054882970137
1641711,Gradey Dick,1610612761,TOR,20.0,58,24,0.083,11,35,0.314,0.386,0.6045197740112994,0.37593984962406013,0.30451127819548873,1.2849709018308482
1631323,Simone Fontecchio,1610612765,DET,28.0,65,25,0.065,10,35,0.286,0.371,0.6045197740112994,0.15037593984962405,0.24436090225563908,0.9992566161165626
1630168,Onyeka Okongwu,1610612737,ATL,23.0,55,28,0.094,18,34,0.529,0.544,0.5932203389830508,0.5375939849624061,0.9097744360902256,2.0405887600356825
1641708,Amen Thompson,1610612745,HOU,21.0,61,26,0.078,16,34,0.471,0.5,0.5932203389830508,0.3082706766917293,0.7857142857142857,1.6872053013890658
1629312,Haywood Highsmith,1610612748,MIA,27.0,65,24,0.105,15,34,0.441,0.515,0.5932203389830508,0.6766917293233082,0.868421052631579,2.138333120937938
1631103,Malaki Branham,1610612759,SAS,20.0,74,30,0.055,14,34,0.412,0.5,0.5932203389830508,0.041353383458646614,0.7857142857142857,1.4202880081559832
1630529,Herbert Jones,1610612740,NOP,25.0,74,30,0.06,12,34,0.353,0.426,0.5932203389830508,0.10150375939849623,0.46616541353383456,1.1608895119153817
1631165,Keon Ellis,1610612758,SAC,24.0,56,21,0.152,9,34,0.265,0.353,0.5932203389830508,0.9511278195488722,0.16541353383458646,1.7097616923665093
1629680,Matisse Thybulle,1610612757,POR,27.0,64,27,0.107,15,33,0.455,0.561,0.5819209039548022,0.706766917293233,0.9285714285714286,2.217259249819464
204060,Joe Ingles,1610612753,ORL,36.0,67,27,0.146,14,33,0.424,0.576,0.5819209039548022,0.9323308270676691,0.943609022556391,2.457860753578862
1630700,Dyson Daniels,1610612740,NOP,21.0,59,24,0.109,14,33,0.424,0.5,0.5819209039548022,0.7368421052631579,0.7857142857142857,2.104477294932246
203497,Rudy Gobert,1610612750,MIN,31.0,75,28,0.055,14,33,0.424,0.424,0.5819209039548022,0.041353383458646614,0.4548872180451128,1.0781615054585616
1630174,Aaron Nesmith,1610612754,IND,24.0,71,28,0.053,10,33,0.303,0.379,0.5819209039548022,0.03759398496240601,0.2744360902255639,0.8939509791427721
1630631,Jose Alvarado,1610612740,NOP,26.0,54,20,0.1,10,33,0.303,0.394,0.5819209039548022,0.6390977443609023,0.3308270676691729,1.5518457159848775
1628989,Kevin Huerter,1610612758,SAC,25.0,64,25,0.057,14,32,0.438,0.547,0.5706214689265536,0.06015037593984962,0.9135338345864662,1.5443056794528696
1630188,Jalen Smith,1610612754,IND,24.0,60,25,0.082,14,32,0.438,0.5,0.5706214689265536,0.3533834586466165,0.7857142857142857,1.709719213287456
1626196,Josh Richardson,1610612748,MIA,30.0,42,24,0.095,13,32,0.406,0.453,0.5706214689265536,0.5526315789473685,0.5977443609022557,1.720997408776178
1631222,Jake LaRavia,1610612763,MEM,22.0,34,16,0.113,13,32,0.406,0.547,0.5706214689265536,0.7819548872180451,0.9135338345864662,2.266110190731065
1630182,Josh Green,1610612742,DAL,23.0,55,22,0.089,10,32,0.313,0.453,0.5706214689265536,0.462406015037594,0.5977443609022557,1.6307718448664033
1631128,Christian Braun,1610612743,DEN,22.0,79,25,0.069,6,32,0.188,0.219,0.5706214689265536,0.20300751879699247,0.015037593984962405,0.7886665817085085
1629028,Deandre Ayton,1610612757,POR,25.0,54,21,0.043,21,31,0.677,0.677,0.5555555555555556,0.007518796992481203,0.9887218045112782,1.551796157059315
1641731,Bilal Coulibaly,1610612764,WAS,19.0,63,23,0.072,19,31,0.613,0.694,0.5555555555555556,0.23684210526315788,0.9962406015037594,1.7886382623224728
1630214,Xavier Tillman,1610612738,BOS,25.0,53,22,0.114,13,31,0.419,0.452,0.5555555555555556,0.793233082706767,0.5902255639097744,1.9390142021720969
1631105,Jalen Duren,1610612765,DET,20.0,60,25,0.056,13,31,0.419,0.419,0.5555555555555556,0.05263157894736842,0.42857142857142855,1.0367585630743525
1629002,Chimezie Metu,1610612765,DET,27.0,49,23,0.134,13,31,0.419,0.468,0.5555555555555556,0.8909774436090225,0.6917293233082706,2.1382623224728485
1630533,Ziaire Williams,1610612763,MEM,22.0,51,22,0.082,12,31,0.387,0.452,0.5555555555555556,0.3533834586466165,0.5902255639097744,1.4991645781119465
203114,Khris Middleton,1610612749,MIL,32.0,54,24,0.049,12,31,0.387,0.435,0.5555555555555556,0.018796992481203006,0.518796992481203,1.0931495405179616
203957,Dante Exum,1610612742,DAL,28.0,54,23,0.104,11,31,0.355,0.468,0.5555555555555556,0.6616541353383458,0.6917293233082706,1.908939014202172
1631108,Max Christie,1610612747,LAL,21.0,65,18,0.128,12,30,0.4,0.533,0.5461393596986818,0.8609022556390977,0.8947368421052632,2.3017784574430427
1641722,Jordan Hawkins,1610612740,NOP,21.0,66,27,0.067,10,30,0.333,0.433,0.5461393596986818,0.18045112781954886,0.5112781954887218,1.2378686830069525
1626153,Delon Wright,1610612748,MIA,31.0,46,23,0.166,9,30,0.3,0.317,0.5461393596986818,0.9661654135338346,0.09022556390977443,1.6025303371422908
1630172,Patrick Williams,1610612741,CHI,22.0,43,22,0.084,8,30,0.267,0.333,0.5461393596986818,0.38721804511278196,0.10526315789473684,1.0386205627062006
1630538,Bones Hyland,1610612746,LAC,23.0,36,20,0.121,7,30,0.233,0.3,0.5461393596986818,0.8383458646616542,0.06015037593984962,1.4446356003001855
1626174,Christian Wood,1610612747,LAL,28.0,49,22,0.113,17,29,0.586,0.638,0.5348399246704332,0.7819548872180451,0.981203007518797,2.297997819407275
1629731,Dean Wade,1610612739,CLE,27.0,54,24,0.125,13,29,0.448,0.621,0.5348399246704332,0.849624060150376,0.9736842105263158,2.358148195347125
1628998,Cody Martin,1610612766,CHA,28.0,28,16,0.135,12,29,0.414,0.466,0.5348399246704332,0.8947368421052632,0.6766917293233082,2.1062684960990046
1629026,Kenrich Williams,1610612760,OKC,29.0,68,24,0.107,11,29,0.379,0.448,0.5348399246704332,0.706766917293233,0.5714285714285714,1.8130354133922377
1631200,Kris Murray,1610612757,POR,23.0,60,20,0.084,9,29,0.31,0.379,0.5348399246704332,0.38721804511278196,0.2744360902255639,1.1964940600087792
1630544,Tre Mann,1610612766,CHA,23.0,40,23,0.095,7,29,0.241,0.293,0.5348399246704332,0.5526315789473685,0.045112781954887216,1.1325842855726886
1630598,Aaron Wiggins,1610612760,OKC,25.0,77,17,0.076,12,28,0.429,0.482,0.5254237288135594,0.2819548872180451,0.7330827067669173,1.5404613227985218
201587,Nicolas Batum,1610612755,PHI,35.0,59,20,0.111,10,28,0.357,0.5,0.5254237288135594,0.7631578947368421,0.7857142857142857,2.0742959092646873
1629723,John Konchar,1610612763,MEM,28.0,55,23,0.135,9,28,0.321,0.375,0.5254237288135594,0.8947368421052632,0.2593984962406015,1.679559067159424
1641733,Nick Smith Jr.,1610612766,CHA,19.0,49,22,0.106,8,28,0.286,0.339,0.5254237288135594,0.6879699248120301,0.11654135338345864,1.3299350070090483
1628365,Markelle Fultz,1610612753,ORL,25.0,42,21,0.086,5,28,0.179,0.179,0.5254237288135594,0.41353383458646614,0.0037593984962406013,0.9427169618962662
1629655,Daniel Gafford,1610612742,DAL,25.0,73,22,0.057,19,27,0.704,0.704,0.512241054613936,0.06015037593984962,1.0,1.5723914305537856
1631367,Jacob Gilyard,1610612751,BKN,25.0,40,20,0.185,12,27,0.444,0.63,0.512241054613936,0.9962406015037594,0.9774436090225563,2.485925265140252
202397,Ish Smith,1610612766,CHA,35.0,43,16,0.171,10,27,0.37,0.426,0.512241054613936,0.9774436090225563,0.46616541353383456,1.9558500771703269
201567,Kevin Love,1610612748,MIA,35.0,53,23,0.077,8,27,0.296,0.333,0.512241054613936,0.3007518796992481,0.10526315789473684,0.9182560922079209
1629234,Drew Eubanks,1610612756,PHX,27.0,72,23,0.11,8,27,0.296,0.296,0.512241054613936,0.7518796992481203,0.04887218045112782,1.312992934313184
203110,Draymond Green,1610612744,GSW,34.0,54,22,0.076,7,27,0.259,0.315,0.512241054613936,0.2819548872180451,0.08270676691729323,0.8769027087492742
1628379,Luke Kennard,1610612763,MEM,27.0,39,19,0.086,6,27,0.222,0.296,0.512241054613936,0.41353383458646614,0.04887218045112782,0.9746470696515299
203991,Clint Capela,1610612737,ATL,29.0,73,19,0.042,13,26,0.5,0.5,0.5009416195856874,0.0037593984962406013,0.7857142857142857,1.2904153037962138
1630215,Jared Butler,1610612764,WAS,23.0,39,16,0.144,10,26,0.385,0.462,0.5009416195856874,0.924812030075188,0.6616541353383458,2.087407784999221
1630163,LaMelo Ball,1610612766,CHA,22.0,22,16,0.061,9,26,0.346,0.423,0.5009416195856874,0.10526315789473684,0.45112781954887216,1.0573325970292964
1631104,Blake Wesley,1610612759,SAS,21.0,59,19,0.128,9,26,0.346,0.365,0.5009416195856874,0.8609022556390977,0.20676691729323307,1.5686107925180182
1631260,AJ Green,1610612749,MIL,24.0,56,18,0.133,8,26,0.308,0.404,0.5009416195856874,0.8834586466165414,0.37218045112781956,1.7565807173300483
203095,Evan Fournier,1610612765,DET,31.0,30,18,0.124,4,26,0.154,0.212,0.5009416195856874,0.8458646616541353,0.011278195488721804,1.3580844767285445
