player,pts,trb,ast,stl,blk,pts_as_percent_of_other_stats
Allan Bristow,5450,2787,2219,514,42,0.4949146385760988
Bird Averitt,4434,680,1078,325,55,0.6746804625684724
Bo Lamar,4478,739,1063,359,30,0.6714649872544609
Caldwell Jones,10241,10685,1800,685,2297,0.3983584876303096
Doug Collins,7427,1339,1368,518,114,0.6898569570871261
Dwight Jones,6230,4513,911,429,397,0.49919871794871795
E.C. Coleman,2553,2151,472,305,142,0.45402809887960166
Ed Ratleff,2813,1363,896,430,143,0.4983170947741364
Ernie DiGregorio,2997,610,1594,190,14,0.5544865864939871
Jim Brewer,4099,4458,1038,556,510,0.3844855079260857
John Brown,3614,2126,703,250,76,0.5339045649283498
John Williamson,9017,1274,1441,553,138,0.7258311196973356
Ken Charles,2747,640,806,407,128,0.5810067681895094
Kermit Washington,4666,4232,695,403,550,0.4424426322776408
Kevin Kunnert,4602,4031,784,252,616,0.4474477394263491
Larry Kenon,12954,6701,1672,952,247,0.5750688093758324
Mike Bantom,8568,4517,1623,630,478,0.5417298937784522
Mike Green,5301,3181,587,325,752,0.5224719101123596
Nick Weatherspoon,4086,2232,418,344,145,0.5655363321799308
Ron Behagen,3977,2712,624,290,160,0.5123019451243076
Slick Watts,3901,1398,2678,961,111,0.4310973588241795
Swen Nater,8980,8340,1235,364,427,0.4641786415796547
Tim Bassett,2933,3148,576,358,227,0.40499861916597624
Aaron James,3829,1470,370,158,69,0.6494233378561737
Bill Walton,6215,4923,1590,380,1034,0.43947107905529625
Billy Knight,13901,4377,1862,834,143,0.6582847942416062
Bobby Jones,11391,5739,2522,1387,1319,0.5094820645853833
Brian Winters,10537,1688,2674,792,190,0.6634972608777785
Campy Russell,8953,2696,1684,594,114,0.637632647247347
Eric Money,5211,894,1623,524,62,0.6267741159490017
Foots Walker,4199,1686,3111,992,83,0.41693972793168504
Gus Gerard,3765,1811,560,283,318,0.5588540893572806
Harvey Catchings,2335,3639,608,261,1226,0.28937910521749904
Jamaal Wilkes,14644,5117,2050,1049,262,0.6333362165902604
Jan van Breda Kolff,3696,2572,1178,476,468,0.4405244338498212
John Drew,15291,5088,1224,1004,193,0.6706578947368421
Kevin Restani,3386,2206,747,221,111,0.5075700794483585
Len Elmore,3948,3360,616,582,674,0.4300653594771242
Marvin Barnes,5034,2873,651,365,438,0.5377630595021899
Maurice Lucas,14857,9306,2498,803,659,0.5282864559257547
Mickey Johnson,12748,6465,2677,1025,632,0.5413853144774281
Moses Malone,29580,17834,1936,1199,1889,0.564094740455395
Phil Smith,9924,1978,2561,734,165,0.6460096341622185
Scott Wedman,11916,4355,1771,846,301,0.620980770232946
Steve Hawes,5768,4272,1288,518,314,0.4743421052631579
Tom Burleson,4190,2794,601,312,591,0.4936380772855796
Tom Henderson,6088,1494,3136,760,76,0.5269170849922105
Truck Robinson,11988,7267,1348,533,510,0.5538205673103576
Alvan Adams,13910,6937,4012,1289,808,0.5160261166345155
Bill Robinzine,5541,3209,560,563,84,0.5564929195540825
Bill Willoughby,2930,1891,413,209,292,0.5108979947689625
Bob Gross,4567,2253,1481,615,361,0.49229276705831626
Dan Roundfield,11657,7502,1655,695,1160,0.5142264766862235
Darryl Dawkins,8733,4432,917,345,1023,0.5652427184466019
David Thompson,13422,2446,1939,595,509,0.7097456506794987
Don Ford,3016,1691,647,274,139,0.5229755505462113
Gus Williams,14093,2222,4597,1638,291,0.6170045094347884
Jim McElroy,4120,820,1462,384,126,0.5960648148148148
Joe Bryant,5252,2441,1049,519,201,0.5550623546818855
Joe Meriweather,5439,3764,603,311,810,0.4977578475336323
John Shumate,3920,2388,574,323,224,0.5276618656615965
Junior Bridgeman,11517,2995,2066,685,220,0.6587542183835726
Kevin Grevey,7364,1594,1247,392,112,0.6876459053132878
Kim Hughes,1624,2367,374,419,502,0.30722663639803255
Lionel Hollins,7809,1601,3006,1053,192,0.5716272600834492
M.L. Carr,6759,3054,1336,939,270,0.5469331607056158
Mark Olberding,8940,5033,2332,623,272,0.5197674418604651
Marvin Webster,4302,4218,752,228,881,0.4144109430690685
Rich Kelley,6199,5678,2092,694,749,0.4022190500908383
Ricky Sobers,10902,2132,3525,1085,161,0.6122999157540017
Tom McMillen,5914,2913,788,198,191,0.5911635345861656
Wilbur Holland,3760,842,922,475,44,0.622207512824756
World B. Free,17955,2430,3319,910,223,0.7229133953376011
Adrian Dantley,23177,5455,2830,944,150,0.7119117827742966
Alex English,25613,6538,4351,1067,833,0.6669704702880058
Armond Hill,3214,917,2194,548,61,0.4635131237381021
Bob Wilkerson,5424,2236,1835,671,141,0.5262442999902979
Dennis Johnson,15535,4249,5499,1477,675,0.5662474940769091
John Lucas,9951,2151,6454,1273,73,0.5
Johnny Davis,9710,1505,3368,683,116,0.6312573137433364
Leon Douglas,3587,2954,479,210,325,0.47478491065519524
Lonnie Shelton,8049,4136,1459,739,559,0.5386829072413332
Mike Dunleavy,3496,689,1723,329,25,0.5582880868732034
Mitch Kupchak,5202,2730,377,164,176,0.6014568158168574
Paul Griffin,2443,2650,1116,403,248,0.35612244897959183
Quinn Buckner,5929,1969,3114,1337,80,0.477029527717435
Richard Washington,3456,2204,409,224,277,0.5260273972602739
Robert Parish,23334,14715,2180,1219,2361,0.5326302814490174
Ron Lee,3285,1219,1688,869,122,0.45732980648754
Scott May,3690,1450,610,285,44,0.6070077315347919
Sonny Parker,4471,1841,954,611,151,0.556925759840558
Wally Walker,3968,1759,844,216,111,0.5752391997680487
Alvin Scott,3088,1992,847,404,371,0.4607579826917338
Ben Poquette,4899,3731,872,384,794,0.45870786516853934
Bernard King,19655,5060,2863,866,230,0.6854641835809444
Brad Davis,7866,1738,4709,756,146,0.5169898126848504
Cedric Maxwell,10465,5261,1862,671,433,0.5598651829659748
Charlie Criss,3534,592,1335,366,21,0.6043091655266758
Eddie Johnson,10163,1522,3436,761,89,0.6363408678229291
Eddie Jordan,3414,788,1595,766,96,0.5126895930319868
Ernie Grunfeld,5124,1815,1419,472,134,0.571619812583668
Glen Gondrezick,2544,1964,605,485,117,0.44514435695538057
Greg Ballard,9953,4858,1733,877,256,0.5630480285116253
Jack Sikma,17287,10816,3488,1162,1048,0.511434572941629
James Edwards,14862,6004,1499,420,867,0.6283612379502791
Kenny Carr,7813,4999,923,484,296,0.5382707543920082
Kent Benson,6168,3881,1203,605,586,0.4957003937957084
Marques Johnson,13892,4817,2502,888,525,0.6140381895332391
Mike Bratz,4081,1030,1851,548,59,0.5391729422645
Mike Glenn,4496,710,952,318,43,0.6896763307255714
Norm Nixon,12065,1991,6386,1187,71,0.5559907834101383
Otis Birdsong,12544,2072,2260,858,143,0.7016837276948034
Ray Williams,10158,2370,3779,1198,208,0.5734771072093943
Rickey Green,8870,1819,5221,1348,51,0.5124501704315674
Robert Reid,10448,4168,2500,973,403,0.5650010815487778
T.R. Dunn,5033,4371,1631,1316,252,0.3993493612631913
Tree Rollins,6249,6750,660,512,2542,0.3739005564530605
Walter Davis,19521,3053,3878,1280,133,0.7005562533644357
Billy McKinney,3823,677,1661,353,40,0.5833079035703387
Clemon Johnson,4102,3508,744,349,717,0.43545647558386413
Dave Corzine,7615,5262,1477,369,848,0.4890501573437801
George Johnson,4214,2610,817,432,282,0.5043686415320168
Jerome Whitehead,4423,3268,374,251,200,0.519375293565054
John Long,12131,2492,1738,912,180,0.6950667507018851
Maurice Cheeks,12195,3088,7392,2310,294,0.4824162348194153
Michael Cooper,7729,2769,3666,1033,523,0.49166666666666664
Micheal Ray Richardson,8253,3056,3899,1463,206,0.4890087100788055
Mike Mitchell,15016,4246,1010,530,400,0.7082350721630035
Mychal Thompson,12810,6951,2141,701,1073,0.5410542321338064
Phil Ford,5594,854,3083,589,29,0.5511873090944921
Purvis Short,14607,3625,2123,878,178,0.682219419924338
Reggie Theus,19015,3349,6453,1206,236,0.6284080769357877
Rick Robey,3723,2301,611,220,90,0.5360691144708424
Ron Brewer,5971,971,920,480,249,0.6950296822255849
Terry Tyler,8868,4675,1039,801,1342,0.5302242152466368
Wayne Cooper,7777,6095,852,295,1535,0.46979581974145224
Allen Leavell,6684,1164,3339,929,120,0.5462569467146127
Bill Cartwright,12713,6106,1390,460,668,0.5958194685288466
Calvin Natt,10291,4070,1306,525,191,0.6281511322712567
Cliff Robinson,10823,5237,1249,655,441,0.5880467264330345
Clint Richardson,4084,1378,1461,360,105,0.5527883053600433
Dave Greenwood,8428,6537,1614,583,736,0.4708906023019332
Dudley Bradley,3131,1098,1147,940,182,0.48184056632810096
Geoff Huston,4380,684,2509,331,32,0.5519153225806451
Gerald Henderson,7773,1453,3141,939,98,0.5799015219337511
James Bailey,5246,2988,488,305,521,0.5494344365312107
Jeff Cook,2734,2334,707,306,215,0.43424396442185514
Jim Paxson,11199,1593,2300,951,93,0.6940381755081805
Larry Bird,21791,8974,5695,1556,755,0.5620437956204379
Magic Johnson,17707,6559,10141,1724,374,0.4850568415285577
Mike Evans,4531,808,1514,430,51,0.6178074720479957
Pat Cummings,6529,3825,807,360,171,0.5584160109476565
Paul Mokeski,2764,2342,500,228,307,0.45008956196059274
Phil Hubbard,7228,3538,857,574,89,0.5883118997232623
Reggie King,3898,2707,691,365,147,0.49923155737704916
Sidney Moncrief,11931,3575,2793,924,228,0.6133874865045499
Vinnie Johnson,11825,3109,3212,852,253,0.614253804997143
Andrew Toney,7458,1009,1965,369,105,0.6838437557307904
Bill Hanzlik,5414,2058,2058,727,205,0.5174918753584401
Bill Laimbeer,13790,10400,2184,710,965,0.49163963064636884
Darrell Griffith,12391,2519,1627,931,242,0.6996612083568605
Darwin Cook,5820,1308,2248,1044,203,0.5478678339452132
Earl Cureton,3620,3172,678,341,361,0.44297601566324035
James Donaldson,8203,7492,765,336,1267,0.4541327575707247
Jeff Wilkins,3575,2574,462,178,246,0.5081734186211798
Jerry Sichting,4141,817,1962,439,19,0.5612632149634047
Joe Barry Carroll,12455,5404,1264,687,1121,0.5950504037074196
Johnny Moore,4890,1548,3866,1017,116,0.4275596747398793
Kelvin Ransey,5380,901,2480,472,34,0.580554656307327
Kevin McHale,17335,7122,1670,344,1690,0.6155676289904478
Kiki Vandeweghe,15980,2785,1668,468,243,0.7557699583806281
Kyle Macy,5259,1214,2198,631,49,0.562399743342958
Larry Drew,8110,1265,3702,791,45,0.5829080715877237
Larry Smith,5904,8125,941,699,457,0.3661168299640332
Louis Orr,5545,2117,853,455,163,0.6071389466768861
Michael Brooks,4086,2001,818,387,124,0.5509708737864077
Mike Gminski,10953,6480,1203,507,989,0.5440592092191536
Mike O'Koren,3355,1391,856,311,89,0.5589803398867045
Mike Woodson,10981,1838,1822,952,275,0.6920216788505168
Rick Mahorn,7763,6957,1082,633,1007,0.4450751060658181
Rory Sparrow,7557,1755,4192,828,103,0.5235192241080706
Wes Matthews,3654,626,1955,444,81,0.5405325443786982
Al Wood,4902,1262,742,310,159,0.6646779661016949
Albert King,6470,2262,1171,452,196,0.6132120178182163
Alton Lister,6298,5996,914,351,1473,0.41897285790314
Buck Williams,16784,13017,1646,1080,1100,0.49912272875962765
Danny Ainge,11964,2768,4199,1133,132,0.5923945335710041
Danny Schayes,8780,5671,1299,560,840,0.5119533527696793
Danny Vranes,2613,1998,594,333,270,0.44989669421487605
Darnell Valentine,5400,1318,3080,910,58,0.501579045142114
Eddie Johnson,19202,4832,2550,739,180,0.6981783805403047
Elston Turner,2397,1375,914,442,27,0.4649854510184287
Frank Johnson,4937,1025,2476,570,36,0.5458867757629368
Gene Banks,5305,2718,1335,436,101,0.5361293582617483
Herb Williams,11944,6509,1856,605,1605,0.5303965540210489
Isiah Thomas,18822,3478,9061,1861,249,0.5623375459352873
Jay Vincent,8729,3167,1124,413,172,0.6416023520764425
Jeff Ruland,5763,3378,1002,249,267,0.5406698564593302
Kelly Tripucka,12142,2703,2090,678,137,0.684056338028169
Kurt Nimphius,3602,2474,681,191,696,0.47121925693354266
Kurt Rambis,4603,4961,931,761,456,0.39301571038251365
Larry Nance,15687,7352,2393,872,2027,0.5537044227171649
Lewis Lloyd,5130,1192,1138,365,133,0.6446343302337271
Mark Aguirre,18458,4578,2871,687,296,0.6864261807363332
Mike McGee,4968,1112,629,371,49,0.6968719315472016
Orlando Woolridge,13623,3696,1609,553,569,0.6794513715710723
Rolando Blackman,17623,3278,2981,715,274,0.7085762534678943
Steve Johnson,7345,3450,777,290,530,0.5927211103938025
Tom Chambers,20049,6703,2283,885,627,0.656332864111042
Clark Kellogg,4918,2482,764,381,105,0.5685549132947977
Cliff Levingston,5888,4307,752,534,593,0.48765943349345703
Craig Hodges,5940,937,1769,553,26,0.6439024390243903
Derek Smith,5232,1300,866,265,175,0.667517223781577
Dominique Wilkins,26668,7169,2677,1378,642,0.6920641511392537
Fat Lever,10433,4523,4696,1666,209,0.48464718725321687
James Worthy,16320,4708,2791,1041,624,0.6404018207502746
John Bagley,5802,1729,3980,755,54,0.47094155844155844
LaSalle Thompson,7806,6689,1139,741,972,0.4499913529716954
Lester Conner,4337,1861,2669,1085,64,0.43300718849840253
Marc Iavaroni,2328,1725,514,185,200,0.4701130856219709
Mark Eaton,5216,6939,840,368,3064,0.3175260242284045
Mike Sanders,5162,1927,880,464,206,0.5975228614422966
Paul Pressey,7664,2798,3715,997,428,0.4912190744776311
Quintin Dailey,7470,1307,1188,500,51,0.7103461392164321
Ricky Pierce,14467,2296,1826,768,147,0.7417452830188679
Rod Higgins,7011,2819,1254,485,359,0.5877766599597586
Sleepy Floyd,12260,2494,5175,1120,215,0.576561324303988
Terry Cummings,19460,8630,2190,1255,650,0.6046294857853037
Terry Teagle,7982,1803,956,517,127,0.7010979358805446
Trent Tucker,6236,1520,1532,679,88,0.6201889607160617
Bob Hansen,3952,1282,947,359,50,0.5996965098634295
Byron Scott,15097,2987,2729,1224,276,0.6766010845695335
Charles Jones,1826,3253,623,442,1134,0.250893102500687
Clyde Drexler,22195,6677,6125,2207,719,0.5852648788334256
Craig Ehlo,7492,3139,2456,989,232,0.5236231478892927
Dale Ellis,19004,4201,1746,974,183,0.7278994944078443
Darrell Walker,6389,3134,3276,1090,225,0.45267110670256483
Derek Harper,16006,2884,6577,1957,304,0.5772504327755338
Doc Rivers,9377,2625,4889,1563,351,0.4986439776655145
Fred Roberts,5962,2308,977,412,253,0.6014931396287329
Greg Kite,1717,2607,345,171,414,0.326798629615531
Jeff Malone,17231,2364,2154,577,100,0.7683492374921965
John Paxson,5560,906,2758,517,44,0.5682166581502299
Jon Sundvold,3886,554,1469,220,5,0.6335180958591458
Mark West,6259,5347,428,326,1403,0.4547700356027029
Mitchell Wiggins,3877,1235,609,397,34,0.6302015604681405
Ralph Sampson,7039,4011,1038,390,752,0.5320483749055178
Randy Breuer,4599,2986,616,305,750,0.496866897147796
Randy Wittman,4034,760,1201,257,65,0.6385942694316923
Rodney McCray,9014,5087,2750,585,493,0.502760890177924
Roy Hinson,7206,3452,495,306,882,0.5839073008670286
Sedale Threatt,9327,1709,3613,1138,136,0.5857564529297243
Sidney Green,5080,4128,635,369,223,0.486823191183517
Steve Stipanovich,5323,3131,938,415,380,0.522528713065672
Thurl Bailey,11834,4718,1298,435,1086,0.6109132207939704
Alvin Robertson,10882,4066,3929,2112,323,0.5106043543543544
Antoine Carr,9176,3384,1086,361,925,0.6145191534958478
Charles Barkley,23757,12546,4215,1648,888,0.5517954197054862
Danny Young,2622,709,1674,507,37,0.4725175707334655
Frank Brickowski,7302,3410,1384,644,285,0.5606142034548944
Hakeem Olajuwon,26946,13748,3058,2162,3830,0.5416934705693149
Jay Humphries,8772,2003,4339,1153,89,0.5363169479090242
Jeff Turner,3697,2036,635,215,85,0.5544391121775645
Jerome Kersey,11825,6339,2134,1439,799,0.5247160099396521
Jim Petersen,3397,2354,487,213,363,0.4985324332257118
John Stockton,19711,4051,15806,3265,315,0.4568230277185501
Kevin Willis,17253,11901,1328,958,750,0.5359739049394222
Michael Cage,8278,8646,1057,1050,725,0.41901194573800365
Michael Jordan,32292,6672,5633,2514,893,0.6726939421714857
Otis Thorpe,17600,10370,2730,840,501,0.5492962142255235
Ron Anderson,7056,2312,952,470,90,0.6485294117647059
Sam Bowie,5564,3845,1075,263,909,0.4773507206588881
Sam Perkins,15324,7666,1975,1105,933,0.5674925008332408
Steve Colter,3319,1051,1482,463,76,0.5193240494445314
Tim McCormick,4030,2366,491,139,187,0.5587134340773603
Tony Campbell,7994,2117,1019,582,157,0.6735192518325048
Vern Fleming,10125,3012,4293,926,105,0.5484534965603164
A.C. Green,12331,9473,1400,1033,546,0.49755881047492234
Benoit Benjamin,9223,6063,1070,522,1581,0.49964786824855084
Bill Wennington,3301,2148,440,226,248,0.5187804494735188
Blair Rasmussen,5119,3006,467,210,484,0.5512599612319621
Charles Oakley,12417,12205,3217,1351,384,0.4198620409819436
Chris Mullin,17911,4034,3450,1530,549,0.6519254567955157
Detlef Schrempf,15761,7023,3833,856,312,0.5672485153859996
Ed Pinckney,5378,3952,727,612,435,0.4843299711815562
Gerald Wilkins,11736,2646,2697,907,208,0.6450478179619655
Jerry Reynolds,4036,1317,904,486,250,0.5771485771485771
Joe Dumars,16401,2203,4612,902,83,0.6776992686252634
Joe Kleine,4666,3991,622,261,285,0.47491094147582696
John Battle,5338,824,1257,273,43,0.6901098901098901
Jon Koncak,3520,3856,785,542,791,0.37076048030334946
Karl Malone,36928,14968,5248,2085,1145,0.6116540232550436
Manute Bol,1599,2647,171,126,2086,0.24121285261728767
Michael Adams,9621,1900,4209,1081,67,0.5700319943121223
Patrick Ewing,24815,11607,2215,1136,2894,0.5815970187732908
Sam Vincent,3106,819,1543,268,60,0.5358868184955141
Spud Webb,8072,1742,4342,922,111,0.5314372243070643
Terry Catledge,6520,3314,459,285,99,0.6106584246511192
Terry Porter,15586,3872,7160,1583,181,0.5491508702698894
Tyrone Corbin,9766,5046,1894,1228,270,0.536475499890134
Wayman Tisdale,12878,5117,1077,464,500,0.6427430624875224
Xavier McDaniel,13606,5313,1775,791,416,0.6212501712250582
Brad Daugherty,10389,5227,2028,422,397,0.5626929534745166
Buck Johnson,4617,1760,856,404,252,0.5852452782355179
Chuck Person,13858,4763,2645,683,197,0.6257563442608146
David Wingate,4166,1420,1376,597,122,0.5423772946230959
Dell Curry,12670,2617,1909,985,238,0.6878766491123297
Dennis Rodman,6683,11954,1600,611,531,0.3125964731746106
Hot Rod Williams,9784,5998,1592,746,1456,0.4997956681651001
Jeff Hornacek,15659,3646,5281,1536,226,0.5943145589798087
John Salley,5228,3356,916,451,983,0.478141576733126
John Williams,4406,2201,1262,566,184,0.511196194454113
Johnny Dawkins,5984,1336,2997,618,29,0.5457862094126231
Johnny Newman,12740,2536,1688,1064,246,0.6971653715661595
Kenny Gattison,3923,2327,444,290,327,0.5365887019559568
Kenny Walker,3128,1793,299,235,299,0.5436218282933611
Kevin Duckworth,8085,3945,598,329,316,0.6091313192194681
Larry Krystkowiak,3425,2051,513,264,62,0.5423594615993665
Mark Price,10989,1848,4863,860,76,0.5896651641983258
Mike Brown,3130,2762,424,253,169,0.4645295339863461
Nate McMillan,4733,3222,4893,1544,356,0.32092487116897206
Otis Smith,3951,1416,690,377,188,0.5966475385080037
Ron Harper,13910,4309,3916,1716,729,0.565907241659886
Scott Skiles,6652,1526,3881,500,29,0.5284397839211948
Armen Gilliam,12700,6401,1088,676,607,0.591467958271237
Brad Lohaus,3854,1869,714,307,503,0.5318062646612391
Chris Dudley,3473,5457,375,334,1027,0.3256141008813051
Dennis Hopson,3633,939,539,319,159,0.6500268384326355
Derrick McKey,10266,4387,2254,1072,611,0.5522323830016138
Greg Anderson,4953,4246,385,480,590,0.4648958137788624
Horace Grant,12996,9443,2575,1143,1136,0.4761660499029055
Joe Wolf,2485,1933,596,257,131,0.4600148093298778
Ken Norman,8717,3949,1355,517,431,0.5823368294475249
Kenny Smith,9397,1454,4073,759,65,0.5967106934213868
Kevin Gamble,6154,1457,1300,470,176,0.6439259181751595
Kevin Johnson,13127,2404,6711,1082,176,0.558595744680851
Mark Jackson,12489,4963,10334,1608,117,0.4231981295110298
Muggsy Bogues,6858,2318,6726,1369,39,0.39618717504332757
Olden Polynice,8265,7110,744,516,651,0.47813259284970494
Reggie Lewis,7902,1938,1153,569,417,0.6596543951915853
Reggie Miller,25279,4182,4141,1505,299,0.7139750324803705
Reggie Williams,7508,2393,1492,802,407,0.5957784478654182
Scottie Pippen,18940,7494,6135,2307,947,0.5287106049186276
Vincent Askew,3311,1176,1017,304,106,0.5598579641528576
Winston Garland,4799,1433,2421,674,80,0.5101520144573191
Andrew Lang,4431,3511,424,332,1099,0.4522813106052873
Anthony Bowie,2945,1021,840,288,106,0.5663461538461538
Avery Johnson,8817,1751,5846,1007,154,0.501678520625889
Brian Shaw,6547,3183,3918,747,252,0.44698573086638904
Charles Smith,8107,3246,798,462,789,0.6049097149679152
Chris Morris,8184,3544,1182,917,540,0.5696387554813114
Dan Majerle,10925,4265,2755,1194,360,0.5602851428278374
Danny Manning,12367,4615,2063,1000,752,0.594653074962735
Duane Ferrell,3704,1132,509,302,105,0.6439499304589708
Gary Grant,4368,1283,3013,821,69,0.4571907054636801
Grant Long,9518,6154,1716,1199,366,0.5021896269719833
Harvey Grant,7781,3436,1219,599,428,0.5779543935229889
Hersey Hawkins,14470,3554,2860,1622,302,0.6344265170115749
Jeff Grayer,3257,1294,635,271,65,0.58982252806954
John Starks,10829,2129,3085,951,106,0.6332748538011695
Kevin Edwards,6596,1653,1609,825,197,0.60625
Ledell Eackles,4783,979,740,249,31,0.7052491890297847
Mark Bryant,4313,2992,491,330,195,0.5183271241437327
Micheal Williams,4533,1050,2385,717,95,0.5162870159453303
Mitch Richmond,20497,3801,3398,1211,254,0.7028908473646308
Rex Chapman,9731,1645,1798,592,129,0.7003238575026988
Rik Smits,12871,5277,1215,372,1111,0.617432600978605
Rod Strickland,14463,4084,7987,1616,215,0.5098889476467477
Rony Seikaly,9991,6424,860,453,872,0.5371505376344086
Scott Brooks,3317,685,1608,480,30,0.5419934640522875
Steve Kerr,5437,1060,1658,476,46,0.6265990549729169
Tim Perry,3283,1911,436,221,414,0.524022346368715
Vernon Maxwell,10912,2200,2912,975,152,0.6362311235496473
Vinny Del Negro,7038,1810,2484,576,65,0.5878226008519168
Will Perdue,3740,3918,595,226,527,0.415278703086831
Willie Anderson,6771,2082,2105,594,342,0.5692786278796031
Anthony Mason,9656,7279,2963,648,244,0.46445406445406445
B.J. Armstrong,7320,1321,2479,533,47,0.6256410256410256
Blue Edwards,7585,2376,1409,728,297,0.6119402985074627
Chucky Brown,4125,2148,549,228,216,0.5677126341866227
Clifford Robinson,19591,6306,3094,1402,1390,0.6163987037095302
Dana Barros,8901,1609,2837,740,46,0.6298025896837189
David Robinson,20790,10497,2441,1388,2954,0.5460992907801419
Donald Royal,3161,1431,500,247,99,0.5812798823096726
Doug West,6477,1670,1292,459,189,0.6421136115792604
Dražen Petrović,4461,669,701,265,27,0.7285644292013719
George McCloud,6925,2342,1769,593,190,0.5859209747017514
Glen Rice,18336,4387,2097,958,265,0.7040663518027876
J.R. Reid,5680,3381,639,514,264,0.5420881847680855
Mookie Blaylock,11962,3659,5972,2075,300,0.49908210947930576
Nick Anderson,11529,4064,2087,1114,364,0.6017851550266208
Pervis Ellison,4494,3170,691,293,752,0.47808510638297874
Pooh Richardson,7083,1807,4180,817,111,0.5060008572653236
Sam Mitchell,8636,3711,1089,548,301,0.6045502275113755
Šarūnas Marčiulionis,4631,819,807,459,31,0.6863791314658366
Sean Elliott,10544,3204,1897,576,284,0.6388367161466222
Shawn Kemp,15347,8834,1704,1185,1279,0.5413594835796677
Sherman Douglas,8425,1672,4536,785,76,0.5437588744029948
Terry Davis,3061,2887,273,183,149,0.46711429879444527
Tim Hardaway,15373,2855,7095,1428,129,0.5719122023809524
Tom Hammonds,3617,2243,378,167,136,0.5529735514447333
Vlade Divac,13398,9326,3541,1288,1631,0.4590871710526316
Bimbo Coles,6628,1820,3313,735,134,0.5247822644497229
Cedric Ceballos,8693,3258,723,450,183,0.653265198767566
Danny Ferry,6439,2550,1185,384,292,0.5934562211981567
Dee Brown,6758,1569,2227,800,205,0.5846526516134614
Dennis Scott,8094,1774,1296,525,197,0.6809692074709742
Derrick Coleman,12884,7232,1985,606,1051,0.5423015405337149
Duane Causwell,2648,2273,243,220,767,0.43049910583644935
Elden Campbell,10805,6116,1199,702,1602,0.5290344692518606
Felton Spencer,3354,3436,213,248,534,0.43082851637764935
Gary Payton,21813,5269,8966,2445,285,0.5625096704316881
Greg Foster,2538,1691,351,94,194,0.5213640098603123
Jayson Williams,3472,3584,287,204,301,0.44240570846075433
Jud Buechler,2385,1266,560,314,144,0.5108160205611479
Keith Askins,1852,1428,375,278,170,0.4513770411893736
Kendall Gill,12914,4002,2945,1519,432,0.5920594168347698
Lionel Simmons,5833,2833,1498,514,361,0.5283993115318416
Loy Vaught,6984,4881,652,510,228,0.5268955111278762
Mahmoud Abdul-Rauf,8553,1087,2079,487,46,0.6980901077375122
Mario Elie,6265,2017,1875,671,129,0.5717805968787076
Matt Bullard,3270,1223,535,186,119,0.6131633227076693
Scott Williams,3825,3506,431,393,421,0.44601212686567165
Terry Mills,7175,3680,891,397,296,0.5768148564997186
Tony Massenburg,4238,2964,266,261,322,0.5263942367407776
Tyrone Hill,7532,6854,647,614,379,0.4699862723075003
Billy Owens,7026,4016,1704,569,321,0.515253740099736
Bison Dele,4536,2564,440,320,355,0.5521606816798539
Bobby Phills,5153,1469,1246,592,139,0.599255727410164
Carl Herrera,2481,1690,261,237,204,0.5091319515698748
Chris Gatling,7232,3741,461,464,375,0.5892609793856433
Dale Davis,8706,8605,978,691,1270,0.42992592592592593
David Benoit,3455,1983,287,216,246,0.5584289639566834
Derek Strong,3088,2213,291,203,94,0.5243674647648158
Dikembe Mutombo,11729,12359,1240,494,3289,0.4029061179622823
Elliot Perry,3449,742,1699,574,20,0.5319247378161629
Eric Murdock,5118,1261,2467,830,69,0.5251924063622371
Greg Anthony,5497,1417,2997,887,79,0.5053783212282799
Isaac Austin,3285,2030,538,214,226,0.5220085809629748
Kenny Anderson,10789,2641,5196,1258,111,0.539584896224056
Larry Johnson,11450,5300,2298,515,258,0.577670147823016
Luc Longley,4090,2794,836,278,549,0.47853047853047853
Pete Chilcutt,2494,1935,488,267,210,0.46236559139784944
Randy Brown,3148,1173,1420,722,156,0.47560054388880496
Rick Fox,8966,3517,2649,967,355,0.5449130910416919
Robert Pack,4921,1112,2556,605,43,0.5327487279419725
Stacey Augmon,7990,3216,1561,974,317,0.5683596528666951
Steve Smith,13430,3060,2922,726,275,0.6579140743643757
Terrell Brandon,9994,2174,4407,1142,226,0.5569860112578722
Adam Keefe,3107,2556,427,307,173,0.47290715372907155
Alonzo Mourning,14311,7137,946,414,2356,0.5687092672071213
Anthony Peeler,8017,2136,1956,775,138,0.6156504377207802
Bryant Stith,5946,1983,1178,594,130,0.6048214830637778
Christian Laettner,11121,5806,2224,917,675,0.5361326712625946
Clarence Weatherspoon,10483,6846,1346,880,794,0.51516045014497025
Doug Christie,9301,3382,2992,1555,392,0.527806151401657
Hubert Davis,5583,1045,1172,297,44,0.6857879867338165
Jim Jackson,12690,4152,2851,726,188,0.6158101615955743
Jon Barry,4715,1513,1784,722,111,0.5330695308083663
LaPhonso Ellis,7410,4032,981,433,477,0.5557638940973524
Latrell Sprewell,16712,3724,3664,1294,399,0.6479277323304773
Lee Mayberry,2546,642,1767,352,43,0.4758878504672897
Malik Sealy,4955,1585,816,518,157,0.6169841862781721
Matt Geiger,5059,3158,388,306,347,0.5464463166990711
Oliver Miller,3625,2893,1061,455,758,0.4123066424021838
Robert Horry,7715,5269,2343,1158,1035,0.4403538812785388
Sean Rooks,4676,2877,631,255,499,0.5231595435220407
Shaquille O'Neal,28596,13099,3026,739,2732,0.5933764940239044
Todd Day,5917,1649,713,532,291,0.6500769061744671
Tom Gugliotta,9895,5589,2140,1079,492,0.5154988278197448
Tracy Murray,5943,1649,508,361,161,0.6892832289491997
Walt Williams,8385,2794,1637,658,406,0.604106628242075
Aaron Williams,4120,2790,485,282,539,0.501460564751704
Allan Houston,14551,2434,1990,566,139,0.739380081300813
Anfernee Hardaway,10684,3146,3525,1125,312,0.5685398041719881
Antonio Davis,9041,6755,1017,430,889,0.4986212221486874
Bo Outlaw,4970,4437,1441,855,1193,0.3853908188585608
Bryon Russell,6663,2914,1085,874,203,0.5675951955021723
Calbert Cheaney,7826,2610,1398,659,198,0.616657473800331
Chris Mills,6357,2808,1063,421,247,0.5834251101321586
Chris Webber,17182,8124,3526,1197,1200,0.5501937301866855
Chris Whitney,3738,815,1613,351,32,0.570774163994503
Corie Blount,2287,2690,460,328,266,0.3792074282871829
David Wesley,11842,2405,4159,1280,161,0.5966644832972238
Ervin Johnson,3473,5148,387,471,1087,0.3286958167707742
George Lynch,5109,3902,1121,817,258,0.45587579191576694
Isaiah Rider,9405,2166,1535,367,136,0.6910867808068191
Jamal Mashburn,11644,3271,2414,632,109,0.6443829551743221
Lindsey Hunter,7956,2021,2506,1120,165,0.5778617083091226
Lucious Harris,5784,1864,1130,556,86,0.6140127388535032
Michael Curry,2986,1045,804,333,66,0.5705005731753917
Nick Van Exel,12658,2545,5777,726,92,0.5806954766492338
P.J. Brown,9870,8409,1661,912,1116,0.4492898761835397
Popeye Jones,3726,3981,696,300,161,0.42035198555956677
Rodney Rogers,9468,3881,1722,868,451,0.5776693105552166
Sam Cassell,15635,3221,5939,1058,163,0.6009763222632226
Scott Burrell,2647,1332,527,341,180,0.5265565943902925
Shawn Bradley,6752,5268,573,532,2119,0.44292836525846235
Toni Kukoč,9810,3555,3119,817,290,0.5576715365812063
Vin Baker,11839,5867,1509,582,798,0.574848264141782
Aaron McKie,5871,2587,2126,912,164,0.503516295025729
Brian Grant,7933,5622,923,455,561,0.5120046469601136
Charlie Ward,3947,1648,2539,776,128,0.4367116618720956
Chris Childs,3710,1308,2633,490,54,0.4527150701647346
Darrell Armstrong,7712,2269,3394,1133,98,0.5280021908804601
Darrick Martin,3525,588,1475,340,22,0.592436974789916
Donyell Marshall,10716,6376,1305,790,848,0.5348639880209634
Eddie Jones,14155,3857,2812,1620,580,0.6147932592077832
Eric Montross,2071,2159,207,122,275,0.4284236657012826
Eric Piatkowski,5919,1716,778,404,115,0.6626735333631886
Glenn Robinson,14234,4189,1879,826,389,0.661523446577125
Grant Hill,17137,6169,4252,1248,576,0.583248247226193
Howard Eisley,5116,1324,2748,540,83,0.5214555091224136
Jalen Rose,13220,3193,3527,729,315,0.630003812428517
Jason Kidd,17529,8725,12091,2684,450,0.4225993876419393
Juwan Howard,16159,7428,2663,818,312,0.5901753104455807
Lamond Murray,8286,3033,978,684,319,0.6230075187969925
Michael Smith,2527,3193,661,361,248,0.361516452074392
Monty Williams,2884,1296,544,251,137,0.5641627543035994
Wesley Person,8192,2402,1234,579,230,0.6482551238426841
Alan Henderson,5094,3249,397,364,297,0.5418572492288054
Andrew DeClercq,2815,2488,339,390,301,0.4444970787936207
Antonio McDyess,12227,7638,1300,782,1102,0.5304785457069721
Arvydas Sabonis,5629,3436,964,370,494,0.5167538786376572
Bob Sura,5654,2240,2474,641,142,0.5070397273787104
Brent Barry,8488,2780,2892,955,253,0.5523165018219677
Bryant Reeves,4945,2745,623,200,302,0.5609756097560976
Corliss Williamson,9147,3183,972,462,261,0.652192513368984
Damon Stoudamire,11763,3039,5371,953,81,0.5546753430471071
Eric Snow,5791,2141,4245,975,105,0.4368258278645244
Eric Williams,5642,2139,936,548,103,0.602263023057216
Fred Hoiberg,2944,1438,846,428,59,0.5151356080489938
Gary Trent,4366,2276,504,223,174,0.5788147951743339
Greg Ostertag,3512,4145,443,189,1293,0.3665205593821749
Jason Caffey,3368,2022,420,209,110,0.549518681677272
Jerry Stackhouse,16409,3067,3240,869,437,0.6830821746732162
Joe Smith,11208,6575,1010,606,868,0.5530172201115113
Kevin Garnett,26071,14662,5445,1859,2037,0.5206494388305308
Kurt Thomas,8973,7328,1204,724,841,0.4705296276874672
Michael Finley,17306,4804,3245,996,323,0.6487965809402414
Rasheed Wallace,16006,7404,1994,1090,1460,0.5725835300851398
Theo Ratliff,5809,4596,465,393,1968,0.4390446678255612
Travis Best,5376,1249,2444,661,60,0.5491317671092952
Voshon Lenard,6745,1609,1180,424,131,0.6685499058380414
Allen Iverson,24368,3394,5624,1983,164,0.6857850448878507
Antoine Walker,15647,6891,3170,1085,469,0.5739490866407454
Ben Wallace,6254,10482,1437,1369,2137,0.28848194104894137
Bruce Bowen,5290,2428,1089,712,336,0.5367833587011669
Derek Fisher,10713,2658,3804,1352,98,0.5751946308724832
Erick Dampier,7309,7005,817,330,1398,0.43353698321371376
Erick Strickland,3780,1317,1203,422,41,0.5589235546355168
Jeff McInnis,5396,1170,2514,371,31,0.5690782535330099
Jermaine O'Neal,13309,7261,1369,470,1820,0.5493004251104049
Jerome Williams,3865,3743,474,618,128,0.43781150883552333
Kerry Kittles,7165,1983,1295,811,221,0.624400871459695
Kobe Bryant,33643,7047,6306,1944,640,0.6785599031867688
Lorenzen Wright,6191,4943,622,471,572,0.4837096648175639
Malik Rose,5003,3371,684,487,293,0.50853832079691
Marcus Camby,9262,9513,1837,967,2331,0.3873693015474697
Moochie Norris,2272,868,1233,321,19,0.4820708678124337
Othella Harrington,5212,3130,443,185,286,0.5630942091616249
Ray Allen,24505,5272,4361,1451,244,0.683866826668155
Samaki Walker,2376,2089,252,134,316,0.4598413005612541
Shandon Anderson,5327,2252,1007,556,180,0.5714438961596224
Shareef Abdur-Rahim,15028,6239,2109,820,638,0.6051381170975276
Stephon Marbury,16297,2516,6471,1022,121,0.6166799106973928
Steve Nash,17387,3642,10335,899,102,0.5372161285339101
Tony Delk,4957,1351,1024,447,77,0.6309826883910387
Vitaly Potapenko,3995,2725,418,258,209,0.5253122945430638
Walter McCarty,3056,1554,670,380,173,0.5239156523229899
Adonal Foyle,2989,3461,344,264,1193,0.36225912010665373
Alvin Williams,4161,1140,1877,549,109,0.531010719754977
Anthony Johnson,4432,1358,2274,551,92,0.5090157344665212
Anthony Parker,4478,1574,1129,439,85,0.5811810512654121
Antonio Daniels,6623,1613,2934,564,85,0.5603688975378628
Austin Croshere,4475,2649,627,245,216,0.5449342425718461
Bobby Jackson,7344,2347,1945,704,68,0.5918762088974855
Brevin Knight,5342,1785,4481,1229,87,0.4133395233673785
Chauncey Billups,15802,2992,5636,1051,168,0.6160863971304924
Danny Fortson,3615,3184,301,182,94,0.49010303687635576
Derek Anderson,7357,1988,2083,691,87,0.6027363591676225
Jacque Vaughn,3463,1028,1919,403,15,0.5071763327475103
Keith Van Horn,9206,3909,900,472,295,0.6227844675957245
Kelvin Cato,2960,2874,244,292,685,0.4195605953224663
Kevin Ollie,2496,1018,1501,335,25,0.4643720930232558
Maurice Taylor,5889,2452,623,246,259,0.6219241736191784
Ron Mercer,5892,1342,921,456,113,0.6753782668500687
Scot Pollard,2222,2351,220,299,352,0.40815576781778107
Tim Duncan,26496,15091,4225,1025,3020,0.5314399181659546
Tim Thomas,9454,3379,1272,609,300,0.6296789662981217
Tony Battie,5082,4287,522,420,713,0.46099419448476053
Tracy McGrady,18381,5276,4161,1136,807,0.6176203756594201
Troy Hudson,4637,877,1748,273,30,0.6129543952412425
Zydrunas Ilgauskas,10976,6191,955,421,1327,0.5523905385002517
Al Harrington,13237,5482,1649,858,246,0.6164772727272727
Antawn Jamison,20042,8157,1761,1048,421,0.637691304209488
Bonzi Wells,7147,2737,1249,769,192,0.5909541921614023
Brad Miller,9724,6199,2470,639,592,0.49551569506726456
Brian Skinner,2876,2841,288,256,532,0.4233770057412042
Cuttino Mobley,11964,2902,2015,878,313,0.6620185922974767
Damon Jones,4326,1074,1806,257,20,0.578110383536015
Dirk Nowitzki,31560,11489,3651,1210,1281,0.6415807769713973
Earl Boykins,5791,877,2092,390,34,0.6305531358885017
Jason Williams,8266,1810,4611,933,60,0.5271683673469387
Keon Clark,2882,2096,322,184,571,0.4759702725020644
Larry Hughes,10242,3039,2290,1092,255,0.6053907081215274
Matt Harpring,7645,3366,907,497,112,0.6102817913307257
Michael Doleac,2882,1955,343,200,209,0.5156557523707282
Michael Olowokandi,4135,3414,327,226,697,0.46993976588248665
Mike Bibby,14698,3103,5517,1172,149,0.596533950241487
Mikki Moore,3257,2196,409,179,306,0.5131558216480226
Nazr Mohammed,5827,4708,375,432,639,0.48635339287204743
Pat Garrity,4017,1457,443,246,104,0.6409765438008617
Paul Pierce,26397,7527,4708,1752,745,0.6418099151450315
Peja Stojaković,13647,3782,1408,747,106,0.6930929405789741
Raef LaFrentz,5690,3423,606,276,919,0.5213487264064505
Rashard Lewis,15579,5433,1765,1115,541,0.6376212499488397
Rasho Nesterović,5519,4143,836,330,934,0.4692229212718925
Ricky Davis,9912,2550,2426,732,187,0.6270639590055039
Ruben Patterson,6953,2697,1150,751,249,0.5892372881355932
Tyronn Lue,4710,943,1727,286,10,0.6136008337675873
Vince Carter,25728,6606,4714,1530,888,0.6519029037652663
Adrian Griffin,1919,1512,653,436,59,0.4190871369294606
Andre Miller,16278,4795,8524,1546,227,0.5189034109021358
Anthony Carter,3009,1302,2363,601,115,0.4071718538565629
Baron Davis,13447,3183,6025,1530,360,0.5478508861275209
Chucky Atkins,6863,1186,2396,465,36,0.6269870272245569
Corey Maggette,13198,4022,1696,590,139,0.6718248918299822
Devean George,3536,1975,543,436,230,0.5261904761904762
Elton Brand,16827,9040,2184,940,1828,0.5459943541321912
Greg Buckner,2878,1593,719,454,111,0.5000868809730669
James Posey,7419,4061,1413,917,298,0.5258718457612702
Jason Terry,18881,3274,5415,1603,275,0.6411640858462374
Jeff Foster,3747,5248,703,507,308,0.3564158660705793
Jumaine Jones,3325,1987,408,307,144,0.5388105655485335
Kenny Thomas,5876,4341,975,527,276,0.4898707794914548
Lamar Odom,12781,8059,3554,848,892,0.4890564016224076
Metta World Peace,13058,4448,2631,1721,522,0.583467381590706
Milt Palacio,2243,831,1194,302,58,0.48465859982713916
Rafer Alston,6799,1891,3202,813,105,0.5307572209211553
Richard Hamilton,15708,2852,3125,714,131,0.6972037283621838
Shawn Marion,17700,10101,2198,1759,1233,0.5365099572610712
Steve Francis,10446,3215,3473,846,223,0.5738614514091084
Wally Szczerbiak,9195,2602,1532,388,160,0.6626071917561432
Chris Mihm,3262,2302,223,128,444,0.5129737380091209
Darius Miles,4507,2190,840,384,495,0.535527566539924
DeShawn Stevenson,5930,1832,1355,423,134,0.6129832540831094
Desmond Mason,7767,2863,1049,441,230,0.6289068825910931
Eddie House,5356,1223,1112,470,58,0.6516607859836964
Eduardo Nájera,3052,2307,493,446,231,0.4674529024352887
Hedo Türkoğlu,11022,3971,2832,750,299,0.5839779590971708
Ira Newble,1930,1114,342,204,105,0.5223274695534507
Jamaal Magloire,4917,4408,386,224,603,0.46659707724425886
Jamal Crawford,19419,2948,4541,1179,271,0.6847803089075393
Joel Przybilla,2293,3665,256,157,836,0.31816289718329405
Kenyon Martin,9325,5159,1439,893,864,0.5274321266968326
Keyon Dooling,5067,964,1601,463,75,0.6201958384332925
Marc Jackson,3238,1655,311,147,102,0.5938015771135154
Mark Blount,4941,2784,513,327,508,0.5445828281714978
Michael Redd,11972,2411,1338,579,66,0.7315165587192961
Mike Miller,10973,4376,2666,573,229,0.5831429026943721
Morris Peterson,7628,2483,1090,639,136,0.636940547762191
Quentin Richardson,8032,3666,1138,607,148,0.590979324553013
Raja Bell,6998,1968,1208,484,130,0.6486837226548017
Stephen Jackson,12976,3328,2634,1109,317,0.6372029070909448
Stromile Swift,4582,2535,275,354,683,0.5435994779926444
Andrei Kirilenko,9431,4352,2169,1097,1461,0.5095083738519719
Bobby Simmons,4189,1791,710,396,83,0.584321383735528
Brendan Haywood,5538,4875,442,320,1109,0.45083034842070985
Carlos Arroyo,3770,965,1761,290,26,0.5534351145038168
Charlie Bell,3204,814,857,303,31,0.6150892685736226
Chris Andersen,3755,3493,337,312,991,0.4224797479747975
DeSagana Diop,1185,2219,270,227,630,0.2615316707128669
Earl Watson,5593,1985,3871,873,176,0.447511601856297
Eddy Curry,6820,2725,287,155,384,0.6576029312506027
Gerald Wallace,9933,4838,1725,1200,681,0.5405125972683246
Gilbert Arenas,11402,2168,2909,884,134,0.6516545693547465
Jamaal Tinsley,4652,1605,3330,776,155,0.4422894086328199
Jarron Collins,2095,1579,419,138,98,0.4839454839454839
Jason Collins,2621,2706,626,368,359,0.39236526946107786
Jason Richardson,14644,4245,2284,995,367,0.6498335921899268
Joe Johnson,20407,5059,5001,1071,260,0.6417699226366438
Kwame Brown,4035,3333,554,324,376,0.46798886569241477
Maurice Evans,3747,1384,420,294,88,0.631552334400809
Mike James,5863,1324,2075,458,38,0.6008403361344538
Pau Gasol,20894,11305,3925,606,1941,0.540301517933335
Richard Jefferson,14904,4720,2412,787,347,0.6432455761760898
Samuel Dalembert,6814,6942,465,437,1546,0.42051345346827945
Shane Battier,8408,4082,1717,988,906,0.5222035898391404
Speedy Claxton,3096,830,1441,503,40,0.5238578680203045
Tony Parker,19473,3396,7036,1053,98,0.6270285935085008
Trenton Hassell,3741,1826,1132,282,272,0.5157865710740384
Troy Murphy,7860,5708,1088,478,294,0.5094633134560539
Tyson Chandler,9509,10467,967,630,1335,0.4150951632617426
Vladimir Radmanović,5879,2784,998,537,263,0.5619921613612465
Zach Randolph,18578,10208,2049,834,301,0.5811072880825774
Amar'e Stoudemire,15994,6632,1050,636,1054,0.6305290546400694
Carlos Boozer,13976,8192,1928,765,346,0.5544491609473559
Caron Butler,12430,4387,2007,1163,216,0.6152551601247339
Chris Wilcox,5150,3076,455,322,246,0.556816953184128
Dan Gadzuric,2465,2326,196,242,448,0.4342082085608596
Devin Brown,3352,1288,679,263,58,0.5943262411347517
Drew Gooden,8653,5618,896,544,474,0.5346308310163732
Fred Jones,3206,958,990,336,115,0.5719892952720785
Gordan Giriček,3670,941,584,222,47,0.6716691068814056
Jared Jeffries,3003,2563,798,435,323,0.42165122156697554
John Salmons,8292,2603,2183,756,239,0.5892133873374547
Juan Dixon,3678,816,775,341,34,0.651665485471297
Manu Ginóbili,14043,3697,4001,1392,319,0.5987975439194951
Marko Jarić,3193,1200,1600,583,128,0.47628281622911695
Mehmet Okur,8561,4436,1089,329,453,0.5758003766478342
Mike Dunleavy,11048,4211,2185,719,324,0.5976091307405204
Nenê,10909,5828,1719,1041,721,0.5395687011573845
Rasual Butler,6092,1934,658,288,408,0.6494669509594883
Reggie Evans,3289,5765,458,566,115,0.32267242225056414
Roger Mason,3289,897,677,189,75,0.6415057538521552
Ronald Murray,4817,1006,1096,404,100,0.6489290044456419
Tayshaun Prince,11272,4332,2406,571,500,0.590744719878413
Yao Ming,9247,4494,769,189,920,0.5920353415711633
Boris Diaw,9139,4634,3684,648,510,0.4909481600859522
Carmelo Anthony,28289,7808,3422,1223,644,0.6835403276470304
Chris Bosh,17189,7592,1795,730,932,0.6087187477866705
Chris Kaman,8208,5582,921,322,931,0.5141568529190679
Dahntay Jones,3353,1082,529,261,144,0.6245110821382008
Darius Songaila,3415,1689,589,324,106,0.5577331373509717
Darko Miličić,2813,1971,405,206,613,0.46820905459387485
David West,14034,6590,2273,764,850,0.5725592591081555
Dwyane Wade,23165,4933,5701,1620,885,0.6380839576906127
James Jones,3717,1276,366,226,218,0.6405307599517491
Jarvis Hayes,3553,1330,459,312,56,0.6222416812609457
Jason Kapono,3398,844,417,180,25,0.6986019736842105
Josh Howard,7270,2886,817,530,276,0.6172001018762204
Keith Bogans,4257,1817,866,429,68,0.5724082291246471
Kendrick Perkins,4214,4532,813,263,903,0.3929137529137529
Kirk Hinrich,9594,2576,4245,972,243,0.5441860465116279
Kyle Korver,11953,3643,2114,804,403,0.6318655177882329
Leandro Barbosa,9035,1720,1775,693,121,0.6770833333333334
LeBron James,37062,10210,10045,2136,1041,0.6126558005752637
Luke Ridnour,7740,1877,3713,814,161,0.541069556099266
Luke Walton,2649,1588,1317,313,102,0.44379293013905174
Marquis Daniels,4319,1552,966,509,137,0.5771749298409729
Matt Barnes,7589,4281,1691,714,444,0.5155920918540662
Matt Carroll,3013,863,313,223,60,0.6737477638640429
Mickaël Piétrus,4629,1723,445,371,230,0.6257096512570965
Mo Williams,10759,2264,3990,721,121,0.6025763091570988
Sasha Pavlović,2787,1000,517,272,98,0.5962772785622593
Steve Blake,5662,1816,3446,587,63,0.48919993087955765
T.J. Ford,4797,1331,2495,496,55,0.5228907782864617
Travis Outlaw,5273,1974,514,331,381,0.6223297533341201
Udonis Haslem,6559,5780,733,423,250,0.47719170607493633
Willie Green,6059,1303,1018,393,108,0.6822429906542056
Zaza Pachulia,7414,6315,1433,768,378,0.45462349766985527
Al Jefferson,14343,7690,1347,628,1093,0.5714114975498984
Anderson Varejão,4574,4531,737,537,407,0.4240682366030039
Andre Iguodala,13951,6030,5128,1761,630,0.5073090909090909
Andrés Nocioni,5415,2295,614,215,228,0.6176571233032965
Andris Biedriņš,3247,3631,467,331,580,0.39328972868217055
Ben Gordon,11084,1851,1868,508,114,0.7185737439222042
Beno Udrih,6952,1712,2858,576,71,0.5712876982496508
Carlos Delfino,4115,1815,887,461,88,0.5586478414336139
Chris Duhon,3946,1364,2690,471,36,0.4638532972845892
Damien Wilkins,3604,1362,796,431,130,0.5699826031946861
Delonte West,4198,1265,1540,465,179,0.548973453641951
Devin Harris,10597,2151,3869,998,194,0.5950362176427649
Dorell Wright,4597,2093,850,418,271,0.558634098918459
Dwight Howard,19485,14627,1676,1081,2228,0.49837583446300227
Emeka Okafor,7370,5967,520,414,1003,0.4825193138667016
J.R. Smith,12148,3073,2077,974,204,0.6575016237280796
Jameer Nelson,9940,2595,4508,772,68,0.5558351507017838
Josh Childress,3548,1850,609,339,184,0.5433384379785605
Josh Smith,12996,6653,2789,1083,1713,0.5150194182452247
Kevin Martin,12396,2278,1352,643,78,0.7401922732429689
Kris Humphries,5350,4314,556,326,454,0.4863636363636364
Luol Deng,13361,5468,2042,880,444,0.6019824284748817
Matt Bonner,4632,2371,552,285,213,0.5751893704209612
Nenad Krstić,4210,2261,346,162,286,0.5794907088781831
Nick Collison,5359,4701,939,446,469,0.4498069498069498
Quinton Ross,1863,947,431,263,129,0.5127993393889347
Sasha Vujačić,3094,1093,748,336,34,0.5832233741753063
Sebastian Telfair,4183,898,1960,413,75,0.5555850710585735
Shaun Livingston,5231,1989,2483,586,311,0.49349056603773583
Tony Allen,6654,2884,1077,1158,337,0.5494632535094963
Trevor Ariza,11593,5356,2379,1628,355,0.5439913659612406
Amir Johnson,6102,4692,1073,524,839,0.46122448979591835
Andray Blatche,5706,3024,798,492,458,0.5445695743462493
Andrew Bogut,6808,6112,1546,442,1091,0.42552659541221327
Andrew Bynum,4822,3221,490,133,657,0.5172154885766385
Brandon Bass,6575,3448,608,295,479,0.5765015344147304
C.J. Miles,8108,2011,914,601,254,0.6820323014804845
Channing Frye,7786,4002,864,457,540,0.5704447212249981
Charlie Villanueva,6808,3019,549,329,349,0.6158856522525783
Chris Paul,20936,5206,10977,2453,172,0.5267713365539453
Chuck Hayes,2410,3243,781,478,237,0.3371100853266191
Danny Granger,9855,2888,1097,561,481,0.6622093804596156
David Lee,11232,7320,1825,625,329,0.5265575922366509
Deron Williams,13804,2619,6819,867,206,0.567715402015217
Francisco García,4323,1400,747,441,388,0.5922729140978216
Gerald Green,6412,1639,596,335,199,0.6983988672257924
Hakim Warrick,4947,2117,400,218,154,0.6313169984686064
Jarrett Jack,9349,2487,3952,683,107,0.5639401616600314
Jason Maxiell,3481,2576,266,230,490,0.49424960954138863
José Calderón,7921,2148,5148,716,71,0.4949387653086728
Linas Kleiza,3561,1470,321,159,73,0.6377148997134671
Lou Williams,15593,2484,3789,952,192,0.6776618861364624
Luther Head,2842,845,747,254,43,0.600718664130205
Martell Webster,5056,1811,588,299,160,0.6388678291635077
Marvin Williams,10965,5546,1373,824,577,0.5685766139486648
Monta Ellis,14858,2874,3856,1409,281,0.6382850760374602
Nate Robinson,6807,1446,1826,543,42,0.6383158289572393
Raymond Felton,10853,2867,5096,1144,207,0.5381563941091883
Ronny Turiaf,2209,1757,618,181,593,0.41228070175438597
Ryan Gomes,4926,2239,712,351,78,0.593065254033229
Andrea Bargnani,7873,2541,653,207,470,0.6703848773841962
Brandon Roy,6136,1388,1517,335,76,0.6491747778247989
Daniel Gibson,3115,792,775,243,86,0.6216324087008581
Ersan İlyasova,8364,4661,908,560,293,0.5656702285946166
J.J. Barea,7415,1748,3270,331,24,0.5798404754457304
J.J. Redick,12028,1903,1862,420,88,0.7378688424023067
Jordan Farmar,3888,958,1453,391,56,0.576341535724874
Kyle Lowry,15116,4475,6469,1350,298,0.5455464125884221
LaMarcus Aldridge,20558,8736,2076,758,1187,0.6170793936665165
P.J. Tucker,5536,4390,1149,887,240,0.45369611539091953
Paul Millsap,14536,7673,2378,1327,1045,0.5391891390630216
Rajon Rondo,9337,4349,7584,1518,125,0.4074979269410378
Randy Foye,7729,1686,2112,528,220,0.629653767820774
Ronnie Brewer,3940,1427,828,622,120,0.5679688626207294
Rudy Gay,17349,6120,2223,1212,780,0.626679670567837
Thabo Sefolosha,4994,3252,1196,935,366,0.46486083961649444
Tyrus Thomas,3093,1938,347,328,525,0.49638902262879153
Aaron Brooks,6259,1079,1925,359,87,0.6446595941909569
Al Horford,12989,7771,3144,762,1126,0.5036057692307693
Al Thornton,3527,1233,353,185,152,0.6471559633027523
Arron Afflalo,8198,2176,1386,341,141,0.6696618199640582
C.J. Watson,4344,1156,1485,559,67,0.570752857705952
Carl Landry,5541,2533,355,216,203,0.6262432188065099
Corey Brewer,7097,2287,1250,1023,222,0.597440862025423
Glen Davis,4111,2236,457,357,173,0.5605399509135534
Ian Mahinmi,3209,2705,357,357,443,0.45382548437279024
Jared Dudley,6633,2849,1394,710,167,0.5643665447119884
Jason Smith,3777,2075,453,208,408,0.5457303857824014
Jeff Green,13295,4502,1625,719,539,0.6428916827852998
Joakim Noah,5881,6058,1907,534,874,0.3855382194834142
Josh McRoberts,2333,1686,901,222,194,0.43721889055472263
Kevin Durant,25526,6646,4032,1021,1038,0.6671196717455505
Luis Scola,8882,4941,1194,474,224,0.5651924912503977
Marcin Gortat,7951,6407,915,383,885,0.48068436007496523
Marco Belinelli,8370,1769,1429,488,65,0.690537084398977
Mike Conley,14221,2872,5407,1363,197,0.5910640066500416
Nick Young,8194,1427,687,394,135,0.7561133154932177
Ramon Sessions,7141,1840,2807,472,52,0.580003248862898
Rodney Stuckey,8185,1912,2333,568,94,0.6251909563091964
Spencer Hawes,5932,3893,1271,264,652,0.4938394938394938
Thaddeus Young,13848,6345,2002,1535,448,0.5727520886756555
Wilson Chandler,8463,3574,1205,470,414,0.5991080277502477
Anthony Morrow,5327,1215,494,317,75,0.7171513193322563
Anthony Tolliver,4451,2416,650,272,215,0.5560969515242379
Brandon Rush,3250,1413,468,222,262,0.578806767586821
Brook Lopez,14247,5407,1246,503,1530,0.6212444948327738
Courtney Lee,7765,2127,1353,809,213,0.6329991032852368
D.J. Augustin,9259,1805,3761,567,32,0.6002982365145229
Danilo Gallinari,11327,3510,1414,536,262,0.6643791424716993
Darrell Arthur,3282,1768,409,309,307,0.5402469135802469
DeAndre Jordan,8933,10142,932,537,1502,0.4051982218996643
Derrick Rose,12230,2239,3646,521,235,0.6480843622489534
Eric Gordon,12263,1811,2121,641,258,0.7173862173862174
George Hill,9313,2646,2697,780,227,0.59458596692843
Goran Dragić,12203,2735,4254,863,163,0.603571075279454
J.J. Hickson,5081,3639,449,274,309,0.5210213289581624
Jason Thompson,5210,3880,635,283,414,0.49990404912684705
JaVale McGee,6536,4344,358,327,1212,0.5115441809501448
Jerryd Bayless,4909,1235,1674,370,73,0.594237985716015
Kevin Love,14305,8666,1920,528,342,0.5552967664298746
Kosta Koufos,3913,3452,359,291,506,0.4592184015960568
Luc Mbah a Moute,4380,2800,588,612,263,0.5067684831655676
Marc Gasol,12514,6604,2996,792,1254,0.5179635761589404
Mario Chalmers,5743,1585,2412,950,103,0.5321041415732419
Marreese Speights,5592,2875,461,189,356,0.5903093001161195
Michael Beasley,7568,2861,788,345,314,0.6372515998652745
Nicolas Batum,10149,4707,3215,874,579,0.5198217578365089
O.J. Mayo,7574,1706,1607,559,141,0.6536635885043584
Robin Lopez,8196,4604,796,216,1034,0.5520678970766536
Roy Hibbert,6611,4173,885,241,1146,0.5063572303921569
Russell Westbrook,23298,7541,8611,1699,313,0.561912112295596
Ryan Anderson,8001,3413,586,332,217,0.6375806837198184
Alonzo Gee,2754,1360,441,379,101,0.5469712015888779
Brandon Jennings,7801,1659,3151,679,98,0.5826859874514491
Chase Budinger,3198,1240,473,213,65,0.6163037194064367
Danny Green,7143,2811,1270,846,631,0.5623966616801827
Dante Cunningham,4133,2676,506,459,336,0.5096177558569667
Darren Collison,8861,1889,3545,820,106,0.582156231522239
DeMar DeRozan,19869,4227,3729,935,280,0.684194214876033
DeMarre Carroll,5150,2454,726,524,151,0.5719044975013882
Garrett Temple,4391,1620,1188,572,234,0.5485321673953779
Gerald Henderson,5987,1716,1009,358,183,0.6470333945747325
James Harden,23477,5294,6397,1449,512,0.6323089768105793
James Johnson,5763,2676,1583,569,646,0.5128593040847201
Jeff Teague,10061,1989,4585,936,277,0.563704616763783
Jodie Meeks,4988,1120,583,413,36,0.6985994397759103
Jonas Jerebko,3919,2522,525,321,153,0.526747311827957
Jordan Hill,3232,2389,322,150,272,0.5077769049489396
Jrue Holiday,13586,3361,5373,1267,430,0.5656826414622975
Marcus Thornton,5750,1348,677,405,61,0.697730857905594
Omri Casspi,4642,2355,662,362,134,0.5692213366033109
Patty Mills,7520,1390,1894,533,73,0.6590709903593339
Serge Ibaka,10962,6469,745,371,1752,0.5400266022956796
Stephen Curry,20064,3838,5388,1367,187,0.6504992867332382
Taj Gibson,8088,5477,880,503,927,0.50948031496063
Toney Douglas,3009,875,889,349,30,0.5840450310559007
Ty Lawson,6977,1506,3316,636,52,0.5587410907343637
Tyreke Evans,9347,2720,2852,734,222,0.5887874015748031
Wayne Ellington,6190,1643,852,412,66,0.6755429444505074
Wesley Matthews,10921,2591,1786,889,180,0.6672572860023217
Al-Farouq Aminu,5350,4280,879,678,397,0.4618439226519337
Avery Bradley,7279,1863,1105,655,128,0.6599274705349049
Blake Griffin,14343,5954,2994,613,350,0.591366372557104
DeMarcus Cousins,12802,6664,1979,874,742,0.5551363774337627
Derrick Favors,8354,5608,851,577,939,0.5116051197256415
Ed Davis,4291,4616,539,349,566,0.4141492133963903
Eric Bledsoe,10348,2937,3545,1028,344,0.5685089550598835
Evan Turner,6824,3278,2462,532,184,0.513855421686747
Gary Neal,3470,760,573,145,10,0.699878983461073
Gordon Hayward,11454,3302,2576,726,296,0.6240601503759399
Greg Monroe,8402,5293,1376,680,373,0.521086579012652
Greivis Vásquez,3591,1021,1935,236,34,0.5267713070265513
Hassan Whiteside,6450,5523,327,271,1143,0.47032229838121625
Ish Smith,5465,1790,2799,518,186,0.5079940509388362
Jeremy Lin,5567,1338,2042,519,175,0.5774297272067213
John Wall,11702,2612,5557,1018,427,0.5489772940514168
Lance Stephenson,4738,2251,1621,357,76,0.5239411699657194
Ömer Aşık,2479,3362,280,167,339,0.37407575071676474
Patrick Patterson,4782,2799,736,368,296,0.5324574100879634
Paul George,15029,4735,2641,1268,324,0.6262866191607285
Timofey Mozgov,3072,2225,250,139,383,0.5061789421651013
Trevor Booker,3679,2932,566,355,277,0.47112306313228325
Wesley Johnson,4235,1924,645,468,402,0.551863434975241
Alec Burks,6649,2210,1264,438,132,0.6218086598709436
Bismack Biyombo,3814,4482,442,188,952,0.38611054869406763
Brandon Knight,6301,1385,1777,386,75,0.634925433293027
Chandler Parsons,5571,1972,1201,412,152,0.5985174043833261
Cory Joseph,5161,1884,2186,562,167,0.5181726907630522
Derrick Williams,3809,1693,293,199,108,0.6242215666994428
E'Twaun Moore,4743,1208,1055,395,131,0.6297132235793946
Enes Kanter,8349,5822,638,296,363,0.5397595034910784
Iman Shumpert,3320,1534,845,514,120,0.5242381177956734
Isaiah Thomas,9715,1321,2638,472,61,0.6838178362778912
Jimmy Butler,12222,3658,2836,1127,323,0.6060696221362689
Kawhi Leonard,11085,3689,1672,1013,367,0.6218444968024234
Kemba Walker,14414,2815,3919,921,280,0.6449505570719047
Kenneth Faried,5430,3884,470,351,392,0.5158164719293246
Klay Thompson,12647,2255,1504,577,349,0.7296907454419571
Kyrie Irving,14089,2339,3503,816,241,0.6712883552506194
Marcus Morris,8921,3298,1085,488,204,0.6373963989711346
Markieff Morris,7822,3714,1153,578,369,0.5736286300968025
Nikola Vučević,12553,7731,2037,650,675,0.5308720290958302
Norris Cole,2506,702,981,280,34,0.5565178769709083
Reggie Jackson,9183,2122,3020,486,88,0.616350090610108
Ricky Rubio,7399,2760,5045,1200,88,0.44864176570458403
Shelvin Mack,2997,894,1421,300,24,0.5317601135557133
Tobias Harris,12313,4660,1728,557,396,0.626488246667345
Tristan Thompson,6592,6120,725,364,501,0.4609145574045588
Andre Drummond,9938,9519,1003,976,1055,0.4418656351429461
Anthony Davis,14390,6163,1414,824,1413,0.5945298297802016
Aron Baynes,3115,2396,421,118,255,0.4940523394131642
Austin Rivers,5741,1359,1438,466,108,0.6300482879719052
Bradley Beal,14231,2641,2701,727,251,0.6924723857719819
Damian Lillard,17510,2976,4726,682,221,0.6704958835918055
Dion Waiters,5505,1108,1163,391,113,0.6648550724637681
Draymond Green,5960,4751,3733,955,711,0.36995654872749845
Evan Fournier,9222,1771,1675,570,98,0.6915116976604679
Harrison Barnes,10566,3817,1376,522,142,0.6433660110820191
Jae Crowder,7056,3141,1182,736,254,0.5704584040747029
Jeremy Lamb,5805,2073,904,417,218,0.6164383561643836
John Henson,3383,2368,496,211,642,0.4764788732394366
Jonas Valančiūnas,9319,6571,824,290,702,0.5263187620015813
Justin Holiday,5005,1700,860,559,255,0.5973266499582289
Kent Bazemore,5414,2072,1154,658,309,0.5635474133444364
Khris Middleton,11136,3166,2461,794,123,0.6298642533936651
Kyle Singler,2326,1026,272,203,110,0.5908051816103632
Maurice Harkless,4259,2198,572,583,399,0.5316439895144177
Michael Kidd-Gilchrist,3750,2420,515,296,304,0.5147563486616334
Mike Scott,3736,1727,499,182,74,0.6008362817626246
Patrick Beverley,4654,2243,1839,602,271,0.48433760016651056
Terrence Ross,7525,1907,841,552,221,0.6812420785804816
Will Barton,7246,2655,1705,476,259,0.5871485292926019
Alex Len,4371,3341,489,224,550,0.48701949860724236
Allen Crabbe,3453,1073,434,223,104,0.6531114053338377
Ben McLemore,5015,1269,563,353,106,0.6864221188064604
CJ McCollum,11341,2041,2044,526,223,0.7011437403400309
Cody Zeller,4202,2949,691,320,321,0.49534362843333724
Dennis Schröder,8806,1829,2907,515,82,0.622816323643822
Dewayne Dedmon,3056,2836,332,249,390,0.4452863179367623
Giannis Antetokounmpo,14321,6149,3020,764,856,0.5703305455993628
Gorgui Dieng,4470,3427,784,464,535,0.4617768595041322
Kelly Olynyk,6146,3087,1248,464,284,0.5473327990025826
Kentavious Caldwell-Pope,7911,2148,1150,748,154,0.6532078275947486
Mason Plumlee,5484,4378,1611,503,592,0.43634627625716105
Matthew Dellavedova,2463,798,1649,206,21,0.4794627214327428
Michael Carter-Williams,4023,1713,1701,497,214,0.49374079528718706
Otto Porter,5336,2551,767,570,216,0.5652542372881356
Reggie Bullock,3382,1095,524,252,63,0.6361926260346125
Robert Covington,6222,3122,803,861,527,0.5394018205461638
Rudy Gobert,7592,7119,807,412,1357,0.4391739457395731
Seth Curry,4245,843,832,274,53,0.6795261725628302
Solomon Hill,2453,1399,662,307,99,0.49857723577235774
Steven Adams,6157,5303,982,588,629,0.4507650633282085
Tim Hardaway Jr.,8149,1650,1095,366,83,0.718416644626642
Tony Snell,3672,1371,669,266,138,0.6003924133420536
Trey Burke,4792,878,1522,274,52,0.6374035647778664
Victor Oladipo,8054,2117,1824,748,218,0.6214026695471029
Aaron Gordon,6887,3310,1313,389,335,0.5629393493542586
Andrew Wiggins,11519,2649,1393,595,399,0.6958018725460586
Bojan Bogdanović,9043,2184,945,334,42,0.7206726171501434
Clint Capela,5851,5023,465,328,713,0.4726171243941842
Doug McDermott,4846,1236,496,113,53,0.718564650059312
Dwight Powell,3926,2349,524,324,242,0.5330617786829599
Elfrid Payton,5036,2007,2868,588,151,0.4728638497652582
Gary Harris,5526,1162,965,547,101,0.6657029273581496
Jabari Parker,4380,1703,610,271,118,0.618469358938153
James Ennis,2629,1306,373,244,113,0.5635584137191855
JaMychal Green,3842,2781,445,273,203,0.5092788971367974
Jerami Grant,6329,2189,747,348,615,0.618791552600704
Joe Harris,4584,1344,679,204,80,0.6652154984762734
Joe Ingles,5094,1914,2213,544,90,0.5168949771689497
Jordan Clarkson,9216,1971,1526,515,88,0.6920997296485432
Julius Randle,9191,4814,1842,365,235,0.5588253176871162
Jusuf Nurkić,5015,3513,903,372,489,0.48727166731441895
Kyle Anderson,3366,2220,1167,510,298,0.4451792090993255
Langston Galloway,3656,1106,732,304,64,0.6236779256226543
Marcus Smart,5438,1867,2318,821,191,0.5113305124588623
Nerlens Noel,3303,2789,491,572,673,0.4219468574348493
Nikola Mirotić,3910,1894,407,240,228,0.5854169785896092
Rodney Hood,4656,1160,736,301,80,0.6715707485936824
Spencer Dinwiddie,5042,1167,1933,260,104,0.5927580531389607
T.J. Warren,5142,1372,397,327,168,0.6943019173642992
Tyler Johnson,3469,1069,813,288,140,0.6002768645094307
Zach LaVine,9466,1876,1860,423,145,0.687436456063907
Bobby Portis,5021,2995,537,263,171,0.558695894069211
D'Angelo Russell,7504,1503,2370,471,119,0.6270577421241749
Delon Wright,2952,1318,1246,474,148,0.4809384164222874
Devin Booker,11217,1865,2228,398,128,0.7083228087900985
Frank Kaminsky,3541,1527,619,168,142,0.5904618976154744
Josh Richardson,5270,1377,1172,465,262,0.6166627662064124
Justise Winslow,2633,1615,791,277,126,0.4838294744579199
Karl-Anthony Towns,11170,5465,1486,389,663,0.5825901006623898
Kelly Oubre Jr.,5769,2074,484,449,231,0.6405018319085156
Kristaps Porziņģis,6371,2649,537,234,635,0.6110684826395549
Larry Nance Jr.,3210,2577,747,484,199,0.44478315089372317
Montrezl Harrell,5900,2429,642,252,379,0.6144553218079567
Myles Turner,5485,2879,513,311,984,0.5392253244199764
Nemanja Bjelica,3412,2051,826,288,184,0.5046590741014643
Nikola Jokić,10364,5456,3281,627,376,0.5155192996418623
Norman Powell,4776,1088,625,341,113,0.6878870805127466
Pat Connaughton,2469,1392,521,197,118,0.5256546731956568
Richaun Holmes,3605,2167,403,220,396,0.5308496539537624
Stanley Johnson,2632,1309,612,367,100,0.5243027888446216
T.J. McConnell,3299,1436,2404,613,94,0.4204690288044864
Terry Rozier,6039,1866,1509,441,113,0.605838683788122
Trey Lyles,3503,1953,477,175,156,0.559227330779055
Tyus Jones,2807,799,1691,444,33,0.48614478697609975
Willie Cauley-Stein,3675,2470,598,350,335,0.4947495961227787
Brandon Ingram,6812,1896,1412,260,210,0.6432483474976393
Bryn Forbes,3687,703,506,156,12,0.7280805687203792
Buddy Hield,7463,2003,1180,383,136,0.6684281236005374
Caris LeVert,4649,1216,1257,343,107,0.613972530375066
Dario Šarić,4180,2086,699,220,79,0.5754405286343612
Dejounte Murray,3993,1920,1540,455,84,0.49962462462462465
Domantas Sabonis,5961,3815,1493,309,184,0.5068015643598027
Dorian Finney-Smith,3229,1792,554,316,168,0.5329262254497442
Fred VanVleet,4755,1105,1704,439,131,0.5845832308827146
Jakob Poeltl,3035,2524,601,214,524,0.43998260365323283
Jamal Murray,5639,1258,1322,328,109,0.6514556377079482
Jaylen Brown,6644,1994,822,381,146,0.6652648442975868
Joel Embiid,8535,3732,1080,285,542,0.6021588824608438
Malcolm Brogdon,5159,1398,1596,285,77,0.605871990604815
Pascal Siakam,6290,2522,1241,371,271,0.5881252921926133
Taurean Prince,3899,1442,647,313,159,0.6035603715170279
Tomáš Satoranský,2676,1117,1586,309,60,0.46555323590814196
Bam Adebayo,4617,2850,1189,340,309,0.49618484685652875
Ben Simmons,4382,2217,2127,464,199,0.46671637022047074
Bogdan Bogdanović,4501,1083,1073,325,73,0.6379872430900071
Cedi Osman,3269,1055,699,241,49,0.6152832674571805
De'Aaron Fox,6148,1138,2005,432,142,0.6232133806386214
Dillon Brooks,3955,829,546,260,82,0.6972849083215797
Donovan Mitchell,8234,1433,1542,445,99,0.700587084148728
Jarrett Allen,3945,2964,467,187,465,0.4914050822122571
Jayson Tatum,7640,2420,1106,410,252,0.6459249239093676
John Collins,4837,2441,455,167,304,0.5895904436860068
Josh Hart,2918,1701,614,273,104,0.5201426024955437
Kyle Kuzma,5336,2116,759,195,184,0.6211874272409779
Lauri Markkanen,4339,1904,354,189,141,0.6263894903998846
Lonzo Ball,2995,1447,1563,391,162,0.4566941140591644
OG Anunoby,3144,1246,429,331,138,0.594553706505295
Royce O'Neale,2285,1763,771,292,136,0.43548694492090717
Kevin Huerter,3125,958,871,253,96,0.5892890816518952
Luka Dončić,6962,2256,2102,278,111,0.5945853616875908
Mikal Bridges,3483,1212,639,403,183,0.5883445945945946
Miles Bridges,3893,1641,656,213,216,0.5881553104698595
Shai Gilgeous-Alexander,4421,1088,1040,273,161,0.6331089789488759
Trae Young,7076,1085,2544,262,42,0.6427468434916886
