player_id,player,best_worst_starter_elig,career_vorp,career_g,career_gs,career_mp,career_mp_per_game
1101,Elvin Hayes,1,0.5,82,82,3032,36.97560975609756
1204,Kareem Abdul-Jabbar,2,1.2,154,154,4003,25.993506493506494
1226,Spencer Haywood,1,0.1,76,63,2086,27.44736842105263
1260,Dave Cowens,1,1.6,66,55,2159,32.71212121212121
1329,Tiny Archibald,1,0,46,46,1038,22.565217391304348
1431,Chris Ford,2,0.7,158,128,4314,27.303797468354432
1452,Henry Bibby,1,0.4,81,80,2639,32.58024691358025
1495,Caldwell Jones,2,0.6000000000000001,160,149,4407,27.54375
1499,Doug Collins,1,0.9,47,44,1595,33.93617021276596
1556,Bill Walton,1,1.7,55,46,1476,26.836363636363636
1559,Bobby Jones,1,0.9,70,42,1519,21.7
1562,Campy Russell,1,0.5,77,63,2358,30.623376623376622
1591,John Drew,1,1.2,70,51,2040,29.142857142857142
1602,Maurice Lucas,1,1.1,77,71,2586,33.58441558441559
1603,Mickey Johnson,1,1.6,76,71,1934,25.44736842105263
1619,Truck Robinson,3,1,220,211,7306,33.20909090909091
1635,Darryl Dawkins,1,0.6,81,81,2093,25.839506172839506
1670,Lionel Hollins,2,0.4,161,141,4207,26.130434782608695
1672,Mark Olberding,2,0.8999999999999999,162,143,4437,27.38888888888889
1680,Ricky Sobers,1,0.3,81,81,2624,32.39506172839506
1701,Dennis Johnson,5,6.000000000000001,386,380,13309,34.479274611398964
1721,Quinn Buckner,2,1.8,142,126,3721,26.204225352112676
1733,Wally Walker,2,-0.5,152,129,4216,27.736842105263158
1745,Cedric Maxwell,1,0.9,57,51,1495,26.228070175438596
1747,Eddie Johnson,2,1.1,140,109,4260,30.428571428571427
1757,James Edwards,5,-0.10000000000000009,321,300,8774,27.333333333333332
1761,Kenny Carr,1,0.3,49,43,1443,29.448979591836736
1770,Norm Nixon,1,0,79,79,2711,34.31645569620253
1771,Otis Birdsong,1,-0.7,67,59,1882,28.08955223880597
1774,Ray Williams,1,0.5,72,68,2170,30.13888888888889
1778,Robert Reid,1,-1.1,82,54,2152,26.24390243902439
1782,T.R. Dunn,1,1.4,82,80,2640,32.19512195121951
1796,Clemon Johnson,1,0.9,79,42,1979,25.050632911392405
1804,George Johnson,1,-0.4,82,64,2297,28.01219512195122
1811,Jerome Whitehead,1,-0.9,79,78,2536,32.10126582278481
1813,John Long,3,1.5,228,205,6599,28.94298245614035
1817,Kenny Higgs,1,-0.8,76,49,1696,22.31578947368421
1825,Mike Mitchell,5,1.8999999999999997,380,379,13569,35.70789473684211
1826,Mychal Thompson,2,0.1,152,148,4452,29.289473684210527
1828,Phil Ford,3,-1,223,176,5419,24.300448430493272
1836,Ron Brewer,1,0.2,47,41,1724,36.680851063829785
1840,Terry Tyler,1,0.6,71,52,1651,23.253521126760564
1842,Wayne Cooper,4,-0.49999999999999994,307,280,7803,25.416938110749186
1849,Bill Cartwright,6,-3.8,397,394,10270,25.869017632241814
1858,Dave Greenwood,1,0.5,79,61,2355,29.810126582278482
1863,Geoff Huston,1,0,80,79,2716,33.95
1882,Pat Cummings,3,0.5,224,214,6878,30.705357142857142
1885,Phil Hubbard,2,-0.19999999999999998,146,127,3714,25.438356164383563
1889,Sidney Moncrief,1,1.1,56,51,1428,25.5
1899,Andrew Toney,2,0.9999999999999999,145,122,4005,27.620689655172413
1925,James Donaldson,3,1.6,224,219,7306,32.61607142857143
1929,Jeff Wilkins,1,-1.2,82,62,2274,27.73170731707317
1931,Joe Barry Carroll,1,0.8,76,75,2627,34.56578947368421
1936,Kelvin Ransey,2,1.8,158,118,4355,27.563291139240505
1939,Kiki Vandeweghe,1,1.5,72,69,2502,34.75
1941,Larry Drew,1,-0.6,74,51,2024,27.35135135135135
1942,Larry Smith,5,0.7,361,334,10236,28.354570637119114
1946,Louis Orr,1,0.9,80,41,1951,24.3875
1954,Mike Woodson,2,0,155,145,4385,28.29032258064516
1961,Rick Mahorn,4,3.4,291,254,8101,27.83848797250859
1963,Ronnie Lester,1,0.9,75,74,2252,30.026666666666667
1965,Rory Sparrow,1,0.5,49,49,1548,31.591836734693878
1976,Albert King,3,-1.4,221,165,5285,23.914027149321267
1978,Alton Lister,4,0.5,316,277,7458,23.60126582278481
1981,Buck Williams,1,1.4,82,82,3182,38.80487804878049
1987,Danny Ainge,1,1.8,80,78,2407,30.0875
1988,Danny Schayes,2,0.10000000000000003,126,114,3556,28.22222222222222
1989,Danny Vranes,3,0.7,238,215,6391,26.852941176470587
1990,Darnell Valentine,2,2.4,143,119,4171,29.167832167832167
1994,Elston Turner,1,-0.2,80,62,1996,24.95
1995,Frank Johnson,1,0.8,68,65,2324,34.1764705882353
2001,Herb Williams,1,0.1,46,46,1567,34.06521739130435
2003,Isiah Thomas,1,0.7,72,72,2433,33.791666666666664
2004,Jay Vincent,1,1.1,79,47,2543,32.18987341772152
2012,Kelly Tripucka,1,2.2,58,58,2252,38.827586206896555
2016,Kurt Nimphius,1,-0.4,67,62,1946,29.044776119402986
2017,Kurt Rambis,3,2.3,204,134,4204,20.607843137254903
2021,Mark Aguirre,1,0.6,44,44,1529,34.75
2024,Mike McGee,1,0.4,80,49,2027,25.3375
2025,Orlando Woolridge,1,0.8,82,61,2113,25.76829268292683
2033,Rolando Blackman,1,2.1,80,80,2758,34.475
2037,Steve Johnson,2,0.19999999999999998,153,128,4004,26.169934640522875
2038,Tom Chambers,2,0.4,150,124,4630,30.866666666666667
2050,Cliff Levingston,1,1.2,80,52,2184,27.3
2052,Craig Hodges,3,1.4000000000000001,236,154,6665,28.241525423728813
2057,Derek Smith,1,-0.1,52,42,1658,31.884615384615383
2067,James Worthy,1,1.6,54,54,2108,39.03703703703704
2073,John Bagley,1,0.4,73,59,1742,23.863013698630137
2077,LaSalle Thompson,3,-0.7,205,151,4701,22.931707317073172
2080,Marc Iavaroni,4,-1.9,316,269,5178,16.38607594936709
2084,Mike Sanders,2,-0.30000000000000004,135,133,3291,24.377777777777776
2087,Quintin Dailey,1,0.8,82,42,2449,29.865853658536587
2091,Rob Williams,1,-0.2,79,66,1924,24.354430379746834
2098,Terry Cummings,2,2.3,137,129,4344,31.708029197080293
2099,Terry Teagle,1,-0.3,82,49,2376,28.975609756097562
2103,Bob Hansen,3,-0.4,235,235,5659,24.080851063829787
2107,Byron Scott,3,1.6,208,164,5504,26.46153846153846
2109,Charles Jones,2,1.5,150,130,3553,23.686666666666667
2111,Craig Ehlo,1,2.3,81,64,2894,35.72839506172839
2119,Ennis Whatley,1,0.8,80,73,2159,26.9875
2120,Fred Roberts,3,0.6000000000000001,244,211,6095,24.979508196721312
2122,Greg Kite,1,-0.7,71,47,1515,21.338028169014084
2124,Jeff Malone,3,0.2,240,220,8472,35.3
2136,Mark West,2,-0.9,149,140,3101,20.812080536912752
2139,Mitchell Wiggins,1,1,66,52,1852,28.060606060606062
2142,Ralph Sampson,1,1.8,79,76,2864,36.25316455696203
2143,Randy Breuer,3,2.4,214,183,5375,25.11682242990654
2144,Randy Wittman,1,0.7,71,65,2049,28.859154929577464
2147,Roy Hinson,2,-0.2,156,119,4347,27.865384615384617
2151,Sidney Green,3,-0.8,242,202,6148,25.40495867768595
2153,Steve Stipanovich,1,0.1,81,73,2426,29.950617283950617
2155,Thurl Bailey,2,2,161,122,4490,27.888198757763973
2159,Antoine Carr,1,1.2,71,46,1947,27.422535211267604
2177,Jay Humphries,1,0.8,82,82,2579,31.451219512195124
2179,Jeff Turner,3,-3.7,214,136,4810,22.476635514018692
2181,Jim Petersen,1,0.2,69,50,1793,25.985507246376812
2187,Kevin Willis,9,-0.5,633,540,19317,30.51658767772512
2190,Melvin Turpin,2,1.5999999999999999,159,114,4241,26.67295597484277
2191,Michael Cage,5,4.9,403,324,11133,27.62531017369727
2192,Michael Holton,1,-0.7,74,59,1761,23.7972972972973
2196,Otis Thorpe,2,1.6,151,148,5018,33.2317880794702
2203,Sam Bowie,4,2.8,280,231,8394,29.978571428571428
2204,Sam Perkins,3,3.8,212,182,6002,28.31132075471698
2209,Tim McCormick,1,0.4,77,42,1705,22.142857142857142
2213,Tony Brown,1,-0.5,77,67,2339,30.376623376623378
2215,Vern Fleming,1,0.3,80,65,2486,31.075
2218,A.C. Green,3,4.3,243,209,6994,28.781893004115226
2221,Ben McDonald,1,-1.1,81,41,2039,25.17283950617284
2222,Benoit Benjamin,4,-0.4,271,250,6848,25.269372693726936
2225,Blair Rasmussen,3,-1.7000000000000002,230,175,6072,26.4
2230,Charles Oakley,7,3.9999999999999996,507,503,16420,32.38658777120315
2236,Detlef Schrempf,1,1.6,81,80,2728,33.67901234567901
2237,Dirk Minniefield,1,-0.1,63,52,1478,23.46031746031746
2239,Ed Pinckney,1,0.8,77,50,1082,14.051948051948052
2242,Gerald Wilkins,2,0.4,149,109,4189,28.114093959731544
2248,Joe Dumars,1,0.4,82,45,1957,23.865853658536587
2249,Joe Kleine,1,-0.5,82,60,1999,24.378048780487806
2251,Jon Koncak,1,0.7,82,78,1823,22.23170731707317
2264,Patrick Ewing,2,0.30000000000000004,141,141,4142,29.375886524822697
2272,Terry Catledge,3,-1.8,231,226,6688,28.952380952380953
2273,Terry Porter,1,2,80,42,1678,20.975
2274,Tyrone Corbin,2,2.1,149,144,5004,33.58389261744966
2277,Wayman Tisdale,5,0.7000000000000001,387,340,12016,31.04909560723514
2278,Xavier McDaniel,2,1,148,146,4449,30.06081081081081
2284,Billy Thompson,1,0,73,46,1481,20.28767123287671
2286,Brad Sellers,1,0,82,76,2212,26.975609756097562
2289,Buck Johnson,3,1.2999999999999998,235,221,7313,31.119148936170212
2298,David Wingate,1,0.5,72,55,1471,20.430555555555557
2306,Greg Dreiling,1,-0.4,73,42,1031,14.123287671232877
2308,Hot Rod Williams,2,1.2,130,124,3789,29.146153846153847
2315,Johnny Newman,2,0.5,135,124,3928,29.096296296296295
2319,Kenny Walker,1,0.2,68,64,1719,25.279411764705884
2320,Kevin Duckworth,7,-5.6,545,481,15327,28.122935779816515
2322,Larry Krystkowiak,1,0.7,80,77,2472,30.9
2333,Pete Myers,1,-0.1,82,81,2030,24.75609756097561
2335,Ron Harper,1,0.6,47,46,1139,24.23404255319149
2341,Walter Berry,1,0.1,56,45,1567,27.982142857142858
2344,Armen Gilliam,2,0.2,124,110,3815,30.766129032258064
2349,Chris Dudley,2,-0.19999999999999996,162,143,4169,25.734567901234566
2356,Derrick McKey,1,0.5,50,49,1449,28.98
2360,Greg Anderson,2,-0.4,164,101,4385,26.73780487804878
2361,Horace Grant,1,2.5,63,62,2286,36.285714285714285
2368,Ken Norman,2,0.39999999999999997,152,139,4873,32.05921052631579
2369,Kenny Smith,2,1.4,146,134,3826,26.205479452054796
2378,Muggsy Bogues,1,1.6,65,65,1880,28.923076923076923
2382,Olden Polynice,5,-0.7,369,354,10561,28.62059620596206
2385,Reggie Lewis,1,1.9,79,79,2878,36.43037974683544
2402,Andrew Lang,4,-1.1,258,225,7210,27.94573643410853
2406,Avery Johnson,1,0.5,82,70,2332,28.4390243902439
2410,Brian Shaw,1,0.4,68,45,1603,23.573529411764707
2411,Charles Shackleford,1,-0.2,72,62,1399,19.430555555555557
2412,Charles Smith,1,0.6,76,58,2150,28.289473684210527
2416,Dan Majerle,1,1.2,48,48,1624,33.833333333333336
2427,Gary Grant,2,0.2,139,113,4029,28.985611510791365
2428,Grant Long,2,-0.09999999999999987,135,115,4069,30.14074074074074
2430,Harvey Grant,1,0.4,77,73,2112,27.428571428571427
2431,Hersey Hawkins,1,1.2,79,79,2577,32.620253164556964
2434,Jerome Lane,1,-0.1,67,46,956,14.26865671641791
2438,John Starks,2,2.1,134,118,4179,31.186567164179106
2444,Mark Bryant,1,-0.7,75,50,1712,22.826666666666668
2455,Rex Chapman,2,1.2,106,102,3446,32.509433962264154
2458,Rik Smits,6,4.9,423,419,11562,27.333333333333332
2464,Rony Seikaly,5,-0.6999999999999995,335,297,10284,30.698507462686567
2473,Tom Tolbert,1,-0.1,72,61,1838,25.52777777777778
2474,Vernon Maxwell,2,1.4,139,127,4609,33.15827338129496
2475,Vinny Del Negro,3,4.7,234,209,7075,30.235042735042736
2477,Will Perdue,1,0.3,78,78,1592,20.41025641025641
2478,Willie Anderson,1,0,49,42,1564,31.918367346938776
2483,Blue Edwards,2,-0.2,144,105,3500,24.305555555555557
2490,Chucky Brown,2,-0.3,156,133,3504,22.46153846153846
2492,Clifford Robinson,1,0.6,82,82,2846,34.707317073170735
2498,Donald Royal,1,0.1,70,68,1841,26.3
2500,Doug West,3,-1.9000000000000001,211,192,6430,30.473933649289098
2509,Glen Rice,2,-0.29999999999999993,104,85,3296,31.692307692307693
2511,Haywoode Workman,3,1.4,167,137,4563,27.323353293413174
2513,J.R. Reid,2,-2.6,162,162,5224,32.24691358024691
2514,Jaren Jackson,1,0.3,82,45,2226,27.146341463414632
2539,Sam Mitchell,3,-2,242,165,7417,30.64876033057851
2543,Sean Elliott,3,0.8999999999999999,204,192,5950,29.166666666666668
2544,Shawn Kemp,1,-0.9,79,55,1633,20.670886075949365
2545,Sherman Douglas,1,0.4,78,78,2789,35.756410256410255
2550,Terry Davis,4,-2.8,254,241,6894,27.141732283464567
2558,Winston Bennett,1,-0.9,52,45,831,15.98076923076923
2562,Alaa Abdelnaby,1,-0.6,63,52,1152,18.285714285714285
2568,Bimbo Coles,2,-0.7,133,98,3395,25.526315789473685
2572,Cedric Ceballos,1,1.8,53,43,1602,30.22641509433962
2576,Danny Ferry,1,1,82,48,2633,32.109756097560975
2580,Derrick Coleman,1,0.4,37,29,1178,31.83783783783784
2581,Duane Causwell,1,0.4,55,45,1211,22.01818181818182
2583,Elden Campbell,5,3.2,382,365,11720,30.680628272251308
2584,Felton Spencer,4,-4.1000000000000005,293,261,6312,21.542662116040955
2588,Greg Foster,1,-1.1,78,49,1446,18.53846153846154
2593,Jayson Williams,1,0.3,30,30,1020,34
2598,Kendall Gill,2,0.7999999999999999,138,107,3535,25.615942028985508
2608,Mahmoud Abdul-Rauf,1,1.3,81,81,2710,33.45679012345679
2610,Mario Elie,2,1.7,147,146,3723,25.3265306122449
2617,Scott Williams,2,-0.2,130,98,2805,21.576923076923077
2623,Terry Mills,1,0.1,81,46,2183,26.950617283950617
2626,Tony Massenburg,2,-2.1,159,99,4081,25.666666666666668
2628,Travis Mays,1,0,64,55,2145,33.515625
2630,Tyrone Hill,6,0.9000000000000001,427,404,12935,30.292740046838407
2632,Willie Burton,1,0,68,50,1585,23.308823529411764
2634,Bison Dele,1,0.3,49,48,1177,24.020408163265305
2635,Bobby Phills,2,1.2,134,114,3418,25.507462686567163
2637,Carl Herrera,1,-1.4,75,58,1837,24.493333333333332
2644,Dale Davis,1,1.2,81,43,2162,26.691358024691358
2645,David Benoit,1,0.8,71,67,1841,25.929577464788732
2656,Isaac Austin,1,0.1,49,49,1259,25.693877551020407
2666,Larry Johnson,3,3.6,186,186,6274,33.73118279569893
2667,Larry Stewart,1,0.3,76,43,2229,29.32894736842105
2669,Luc Longley,5,-0.19999999999999996,290,286,7166,24.71034482758621
2670,Mark Macon,1,-1.4,76,67,2304,30.31578947368421
2680,Rick Fox,1,1.1,82,82,2709,33.03658536585366
2685,Stanley Roberts,2,-1.1,151,120,3144,20.821192052980134
2698,Anthony Avent,1,-2,82,78,2285,27.865853658536587
2699,Anthony Peeler,2,1,103,69,2936,28.50485436893204
2703,Bryant Stith,2,1.2,128,114,4047,31.6171875
2706,Christian Laettner,1,0.7,82,82,2443,29.79268292682927
2707,Clarence Weatherspoon,1,0.4,56,41,1728,30.857142857142858
2712,Doug Christie,1,2,82,82,2780,33.90243902439025
2715,Elmore Spencer,1,-1,76,63,1930,25.394736842105264
2722,Jim Jackson,1,0.2,48,47,1788,37.25
2729,Latrell Sprewell,1,0.5,69,69,2771,40.15942028985507
2730,Lee Mayberry,1,-0.3,82,50,1744,21.26829268292683
2733,Lorenzo Williams,1,-0.5,65,61,1806,27.784615384615385
2734,Malik Sealy,1,0.1,62,48,1601,25.822580645161292
2737,Matt Geiger,1,-0.5,77,50,2349,30.506493506493506
2740,Oliver Miller,1,0.1,64,53,1628,25.4375
2755,Tom Gugliotta,1,0.8,81,81,2795,34.50617283950617
2763,Allan Houston,2,1.2999999999999998,131,131,4480,34.19847328244275
2768,Antonio Davis,3,1.4000000000000001,202,191,6715,33.242574257425744
2776,Calbert Cheaney,4,-1.2,298,270,8717,29.251677852348994
2781,Chris Webber,1,1.2,43,42,1277,29.697674418604652
2786,David Wesley,2,0.2,128,123,4488,35.0625
2791,Ervin Johnson,2,0.6000000000000001,147,107,2484,16.897959183673468
2795,George Lynch,1,0.2,78,51,1701,21.807692307692307
2800,Isaiah Rider,2,1,123,109,3948,32.09756097560975
2801,Jamal Mashburn,2,0.6000000000000001,127,121,4625,36.41732283464567
2806,Lindsey Hunter,1,0.2,82,47,1616,19.70731707317073
2811,Michael Curry,3,-2.4,228,210,4952,21.719298245614034
2814,Nick Van Exel,2,2.9000000000000004,153,153,5463,35.705882352941174
2815,P.J. Brown,4,3.4,282,250,7961,28.23049645390071
2816,Popeye Jones,2,-1,159,141,4806,30.22641509433962
2821,Rodney Rogers,1,1.1,80,77,2142,26.775
2823,Scott Burrell,1,2.1,65,62,2014,30.984615384615385
2825,Shawn Bradley,3,1.2999999999999998,193,156,5281,27.362694300518136
2830,Vin Baker,2,-1.4,134,116,4559,34.02238805970149
2840,Brian Grant,1,1.2,61,49,1921,31.491803278688526
2847,Darrick Martin,1,-0.5,82,63,2299,28.036585365853657
2849,Derrick Alston,1,-0.3,73,41,1614,22.10958904109589
2851,Dickey Simpkins,2,-2,119,83,3099,26.04201680672269
2859,Eric Montross,3,-2.3,186,180,4731,25.43548387096774
2862,Glenn Robinson,1,0.1,42,42,1336,31.80952380952381
2863,Grant Hill,2,2,130,127,3808,29.29230769230769
2867,Jalen Rose,1,-0.2,50,50,1968,39.36
2872,Jim McIlvaine,3,-0.30000000000000004,226,204,3736,16.530973451327434
2874,Juwan Howard,6,-1.6,422,382,13954,33.06635071090047
2875,Khalid Reeves,1,0,82,54,1950,23.78048780487805
2884,Sharone Wright,1,-0.9,79,49,2044,25.873417721518987
2889,Wesley Person,1,0.9,78,56,1800,23.076923076923077
2892,Alan Henderson,1,-0.5,73,42,1810,24.794520547945204
2894,Andrew DeClercq,2,-0.1,148,100,2426,16.39189189189189
2896,Antonio McDyess,4,0.8,305,276,8747,28.678688524590164
2899,Bob Sura,1,-0.6,53,42,1684,31.77358490566038
2901,Bryant Reeves,4,-4.1000000000000005,296,253,8842,29.87162162162162
2904,Cherokee Parks,1,-0.7,48,41,1118,23.291666666666668
2908,Corliss Williamson,1,0,76,76,1707,22.460526315789473
2911,Damon Stoudamire,2,3.4,153,149,5168,33.77777777777778
2914,Don Reid,2,0.5,137,90,1991,14.532846715328468
2919,Eric Snow,3,-0.09999999999999987,212,175,5996,28.28301886792453
2920,Eric Williams,1,-0.6,72,67,2435,33.81944444444444
2925,Greg Ostertag,2,1.7000000000000002,125,118,3158,25.264
2927,Jason Caffey,2,-1.7000000000000002,106,88,3035,28.632075471698112
2930,Jerry Stackhouse,1,-0.2,81,81,3166,39.08641975308642
2933,John Amaechi,1,-0.2,80,53,1684,21.05
2936,Kevin Garnett,2,0.7,96,96,1963,20.447916666666668
2937,Kurt Thomas,2,0.5,103,94,2593,25.174757281553397
2959,Theo Ratliff,2,0.6,116,97,3379,29.129310344827587
2963,Tyus Edney,1,0.1,80,60,2481,31.0125
2965,Voshon Lenard,2,1,153,128,4564,29.830065359477125
2969,Antoine Walker,1,1.8,82,82,2840,34.63414634146341
2971,Ben Wallace,1,0.6,54,49,1238,22.925925925925927
2975,Bruce Bowen,5,3.6999999999999997,386,376,12022,31.145077720207254
2978,Dean Garrett,1,0.3,49,37,1054,21.510204081632654
2979,Derek Fisher,5,0.7,371,350,10741,28.951482479784367
2984,Erick Dampier,6,3.3,417,368,10277,24.645083932853716
3001,Lorenzen Wright,5,-0.5,370,281,9568,25.85945945945946
3004,Marcus Camby,1,1.4,59,51,1540,26.10169491525424
3008,Matt Maloney,1,1.3,82,82,2386,29.097560975609756
3013,Othella Harrington,1,-0.4,74,64,1850,25
3022,Shandon Anderson,1,1.1,82,82,2700,32.926829268292686
3024,Shareef Abdur-Rahim,1,-0.2,80,45,2015,25.1875
3028,Steve Nash,3,3.8,160,160,5283,33.01875
3033,Vitaly Potapenko,1,-0.7,79,72,1797,22.746835443037973
3035,Adonal Foyle,2,0.4,155,122,3524,22.73548387096774
3036,Alvin Williams,1,-0.1,50,45,1051,21.02
3037,Anthony Johnson,2,-0.09999999999999987,152,115,4247,27.94078947368421
3039,Antonio Daniels,2,-0.8,145,113,4117,28.393103448275863
3045,Cedric Henderson,2,0.09999999999999998,132,119,4044,30.636363636363637
3050,Chris Crawford,1,-0.2,42,30,784,18.666666666666668
3054,Derek Anderson,1,1,51,46,1810,35.490196078431374
3074,Keith Van Horn,2,2.0999999999999996,136,135,4662,34.279411764705884
3075,Kelvin Cato,3,2.8000000000000003,206,190,5185,25.16990291262136
3079,Mark Pope,1,-0.2,63,45,942,14.952380952380953
3081,Maurice Taylor,1,0,69,69,1972,28.579710144927535
3087,Ron Mercer,1,-0.1,41,40,1551,37.829268292682926
3091,Tariq Abdul-Wahad,1,-0.3,49,49,1205,24.591836734693878
3093,Tim Thomas,3,0.4,184,164,4922,26.75
3094,Tony Battie,3,-0.09999999999999998,205,188,4900,23.902439024390244
3098,Troy Hudson,1,1.1,79,74,2600,32.91139240506329
3100,Zydrunas Ilgauskas,3,2.5,218,197,5449,24.995412844036696
3101,Al Harrington,3,1.7,189,167,6095,32.24867724867725
3105,Bonzi Wells,2,2.1,127,106,4080,32.125984251968504
3109,Bryce Drew,1,-1,48,41,1305,27.1875
3114,Cuttino Mobley,1,0.6,43,43,1662,38.651162790697676
3122,Jahidi White,2,-0.3,139,125,2955,21.258992805755394
3123,Jason Williams,1,0.8,77,77,2290,29.74025974025974
3126,Jerome James,1,-0.6,80,80,1330,16.625
3136,Matt Harpring,1,0.8,81,81,2541,31.37037037037037
3137,Michael Dickerson,1,0,50,50,1558,31.16
3139,Michael Olowokandi,4,-6,287,274,8467,29.501742160278745
3140,Mike Bibby,4,5,271,271,8363,30.85977859778598
3143,Nazr Mohammed,1,-1,82,73,2168,26.4390243902439
3144,Pat Garrity,1,0.9,80,43,2406,30.075
3151,Rashard Lewis,1,2.2,80,80,2931,36.6375
3152,Rasho Nesterović,6,2.6,471,408,11254,23.89384288747346
3153,Ricky Davis,1,0.7,42,42,1747,41.595238095238095
3166,Vince Carter,1,0.8,61,40,1542,25.278688524590162
3169,Adrian Griffin,2,1.5,126,93,2618,20.77777777777778
3171,Andre Miller,1,0.6,80,80,2913,36.4125
3183,Devean George,1,0.8,82,48,1951,23.79268292682927
3186,Elton Brand,1,0.1,76,57,2297,30.223684210526315
3187,Evan Eschmeyer,1,-0.2,74,51,1331,17.986486486486488
3192,James Posey,1,1.2,58,47,1646,28.379310344827587
3195,Jeff Foster,5,4.3,377,265,8965,23.779840848806366
3200,Kenny Thomas,1,-0.2,47,43,1344,28.595744680851062
3207,Milt Palacio,1,-1.2,80,46,1976,24.7
3211,Rafer Alston,1,0.9,48,48,1591,33.145833333333336
3212,Richard Hamilton,4,3.3999999999999995,250,245,8338,33.352
3222,Todd MacCulloch,1,1.2,62,61,1502,24.225806451612904
3232,Chris Mihm,3,-2.9000000000000004,208,178,4695,22.572115384615383
3242,DeShawn Stevenson,3,0,208,190,5317,25.5625
3243,Desmond Mason,2,-2.8,145,130,4677,32.255172413793105
3252,Hedo Türkoğlu,1,0.5,53,53,1653,31.18867924528302
3253,Ira Newble,2,0,147,114,3763,25.598639455782312
3255,Jake Tsakalidis,1,-0.6,67,47,1582,23.611940298507463
3256,Jake Voskuhl,1,-0.4,66,43,1606,24.333333333333332
3257,Jamaal Magloire,2,-0.8,164,164,4908,29.926829268292682
3258,Jamal Crawford,1,0.2,54,54,2087,38.648148148148145
3263,Joel Przybilla,3,-0.30000000000000004,191,172,3648,19.099476439790575
3264,Kenyon Martin,3,2.1,177,177,5378,30.384180790960453
3272,Mark Blount,4,-1.8,297,234,7314,24.626262626262626
3279,Morris Peterson,3,2.8,240,233,7885,32.854166666666664
3283,Quentin Richardson,3,1.4,199,186,6122,30.763819095477388
3284,Raja Bell,5,1.8999999999999995,300,293,10059,33.53
3290,Stephen Jackson,1,1.8,72,72,2829,39.291666666666664
3303,Brendan Haywood,3,0.4,237,188,5549,23.41350210970464
3306,Charlie Bell,1,0.5,82,64,2848,34.73170731707317
3311,Earl Watson,1,-0.2,79,52,2322,29.39240506329114
3313,Eddy Curry,2,-0.5,145,132,4019,27.717241379310344
3319,Jamaal Tinsley,1,1.1,73,69,2237,30.643835616438356
3321,Jarron Collins,2,-0.6,149,109,3170,21.2751677852349
3322,Jason Collins,5,-3,390,372,10401,26.66923076923077
3323,Jason Richardson,1,1.6,58,57,1919,33.08620689655172
3327,Joe Johnson,1,-0.3,57,57,1934,33.92982456140351
3332,Kwame Brown,2,-0.6,138,99,3692,26.753623188405797
3335,Malik Allen,1,-1.4,80,73,2318,28.975
3336,Maurice Evans,1,1.2,68,47,1624,23.88235294117647
3339,Mike James,1,-0.7,53,50,1575,29.71698113207547
3344,Primož Brezec,1,-0.2,79,79,2165,27.40506329113924
3346,Richard Jefferson,1,0.6,41,41,1168,28.48780487804878
3349,Samuel Dalembert,3,0.6,228,202,5411,23.732456140350877
3350,Shane Battier,1,0.7,73,56,1468,20.10958904109589
3352,Steven Hunter,1,0.1,70,41,1605,22.928571428571427
3356,Tony Parker,3,1.3,203,203,5520,27.192118226600986
3358,Trenton Hassell,4,-2.2,319,218,8818,27.642633228840126
3360,Tyson Chandler,2,0.7,124,95,3566,28.758064516129032
3361,Vladimir Radmanović,1,0.8,65,41,1483,22.815384615384616
3366,Amar'e Stoudemire,1,0.4,82,71,2570,31.341463414634145
3369,Carlos Boozer,1,-0.1,76,76,2141,28.17105263157895
3370,Caron Butler,4,0.19999999999999996,256,244,7633,29.81640625
3387,J.R. Bremer,1,0.6,64,41,1503,23.484375
3390,Jared Jeffries,1,0.2,77,71,2007,26.064935064935064
3392,Jiří Welsch,1,0.6,81,68,2179,26.901234567901234
3393,John Salmons,1,-0.3,76,72,2278,29.973684210526315
3396,Junior Harrington,1,-1.6,82,51,2003,24.426829268292682
3404,Mehmet Okur,1,1.7,72,72,2390,33.19444444444444
3410,Nenê,2,1.5,131,100,3408,26.015267175572518
3417,Reggie Evans,3,-0.7,228,177,5211,22.855263157894736
3419,Roger Mason,1,0.7,82,71,2496,30.4390243902439
3423,Smush Parker,1,0,82,80,2457,29.963414634146343
3425,Tayshaun Prince,3,1.1,235,202,6308,26.842553191489362
3431,Boris Diaw,1,1.4,73,59,2268,31.068493150684933
3435,Carmelo Anthony,3,-0.30000000000000004,211,211,7011,33.22748815165877
3437,Chris Kaman,6,-1.9000000000000001,409,338,10994,26.880195599022006
3439,Dahntay Jones,1,-0.3,79,71,1426,18.050632911392405
3441,Darko Miličić,2,-1.1,139,133,3349,24.093525179856115
3446,Francisco Elson,2,0,142,95,2911,20.5
3450,Jarvis Hayes,1,-1.1,70,42,2044,29.2
3456,Keith Bogans,2,-0.20000000000000007,156,124,3252,20.846153846153847
3457,Keith McLeod,1,-0.2,53,47,1382,26.07547169811321
3458,Kendrick Perkins,7,2.2,509,490,12800,25.147347740667975
3459,Kirk Hinrich,1,0.7,75,72,2380,31.733333333333334
3461,Kyle Korver,1,0.6,80,80,2401,30.0125
3469,Marquis Daniels,1,0,54,43,1700,31.48148148148148
3470,Matt Barnes,1,1,76,74,2271,29.88157894736842
3475,Mo Williams,2,0.6000000000000001,126,126,3672,29.142857142857142
3482,Sasha Pavlović,1,-0.9,51,45,1188,23.294117647058822
3485,T.J. Ford,1,-0.1,55,55,1472,26.763636363636362
3489,Travis Outlaw,1,-0.9,82,55,2358,28.75609756097561
3491,Udonis Haslem,5,1.6999999999999997,390,373,11623,29.8025641025641
3492,Willie Green,2,0.3,153,120,3016,19.712418300653596
3494,Zaza Pachulia,4,2.8,270,216,5610,20.77777777777778
3502,Andris Biedriņš,2,-0.1,106,90,2136,20.150943396226417
3506,Beno Udrih,2,-0.3,138,123,4350,31.52173913043478
3510,Carlos Delfino,1,0.8,54,53,1537,28.462962962962962
3511,Chris Duhon,2,0,146,137,4978,34.0958904109589
3516,Delonte West,1,0.8,44,33,1060,24.09090909090909
3520,Dwight Howard,1,0.5,41,41,1223,29.829268292682926
3521,Emeka Okafor,2,1.1,161,159,4422,27.46583850931677
3527,J.R. Smith,2,-1,156,117,4103,26.30128205128205
3530,Jameer Nelson,1,1.3,65,64,1860,28.615384615384617
3543,Luol Deng,2,1.9,121,118,4086,33.768595041322314
3549,Nenad Krstić,2,-0.5,151,133,3706,24.543046357615893
3550,Nick Collison,1,-0.3,82,56,2378,29
3554,Quinton Ross,2,-0.6000000000000001,143,89,3020,21.11888111888112
3555,Rafael Araújo,1,-1,59,41,736,12.474576271186441
3557,Royal Ivey,1,-0.6,73,66,978,13.397260273972602
3559,Sebastian Telfair,2,-1.2999999999999998,135,94,4028,29.83703703703704
3561,Tony Allen,2,0.9,135,123,3534,26.177777777777777
3563,Trevor Ariza,1,0.2,43,43,1465,34.06976744186046
3564,Viktor Khryapa,1,-0.5,69,53,1492,21.6231884057971
3571,Andray Blatche,1,0.6,64,63,2172,33.9375
3574,Andrew Bynum,1,1.1,50,50,1446,28.92
3577,Antoine Wright,1,-0.6,65,53,1552,23.876923076923077
3581,Brandon Bass,2,1.6,135,90,3848,28.503703703703703
3582,C.J. Miles,1,0.2,72,72,1623,22.541666666666668
3583,Channing Frye,2,-0.7,147,110,3766,25.61904761904762
3587,Chuck Hayes,3,2.5,239,169,5062,21.179916317991633
3590,David Lee,1,1.9,69,67,2288,33.15942028985507
3608,Jarrett Jack,1,-0.3,62,56,1548,24.967741935483872
3609,Jason Maxiell,2,-1.1,137,113,3255,23.759124087591243
3611,Johan Petro,1,-0.9,68,41,1282,18.852941176470587
3613,José Calderón,1,-0.3,42,42,1270,30.238095238095237
3622,Martell Webster,1,1,82,49,2005,24.451219512195124
3624,Marvin Williams,5,2.9,344,306,10332,30.03488372093023
3627,Monta Ellis,2,1,141,117,5285,37.4822695035461
3634,Raymond Felton,3,1,217,210,7710,35.52995391705069
3638,Ryan Gomes,1,-0.1,76,62,2095,27.56578947368421
3655,Andrea Bargnani,2,-0.10000000000000009,156,112,4314,27.653846153846153
3669,Ersan İlyasova,2,0.6000000000000001,107,99,2912,27.214953271028037
3674,J.J. Redick,2,3,146,133,4495,30.78767123287671
3681,Josh Boone,1,0.1,70,53,1773,25.32857142857143
3698,P.J. Tucker,2,0.30000000000000004,151,117,4377,28.986754966887418
3704,Rajon Rondo,2,3.4000000000000004,114,114,3846,33.73684210526316
3712,Ronnie Brewer,1,1.1,66,43,1635,24.772727272727273
3713,Rudy Gay,2,0.8,120,85,3644,30.366666666666667
3718,Shelden Williams,1,-0.4,58,35,1276,22
3734,Al Horford,1,0.3,81,77,2540,31.358024691358025
3735,Al Thornton,1,-1.4,71,67,2654,37.38028169014085
3737,Arron Afflalo,4,-1.6,249,219,8008,32.16064257028113
3754,Glen Davis,1,0,45,43,1354,30.08888888888889
3756,Ian Mahinmi,1,1.4,71,71,1816,25.577464788732396
3758,Jared Dudley,1,0.2,74,43,1729,23.364864864864863
3761,Jeff Green,5,0,350,280,10625,30.357142857142858
3763,Joakim Noah,1,0.4,46,46,1015,22.065217391304348
3764,Joel Anthony,1,0.5,64,51,1349,21.078125
3774,Luis Scola,3,1.4,216,216,6115,28.310185185185187
3776,Marco Belinelli,1,0.7,80,69,1957,24.4625
3779,Mike Conley,2,1.7000000000000002,127,121,3932,30.96062992125984
3786,Rodney Stuckey,1,0.9,79,65,2517,31.860759493670887
3788,Spencer Hawes,2,-0.6,158,132,3977,25.170886075949365
3791,Thaddeus Young,2,1.5,141,119,4382,31.078014184397162
3793,Wilson Chandler,1,-0.1,74,71,2346,31.7027027027027
3794,Yi Jianlian,3,-2.4,179,152,4723,26.385474860335197
3804,Courtney Lee,2,1.8,154,116,4293,27.876623376623378
3807,Danilo Gallinari,1,0.9,48,48,1671,34.8125
3809,Darrell Arthur,1,-0.5,76,64,1464,19.263157894736842
3812,Derrick Rose,2,0.3,117,117,3627,31
3815,Eric Gordon,1,0.4,68,53,2158,31.735294117647058
3817,Goran Dragić,2,2.4,147,147,4741,32.25170068027211
3821,J.J. Hickson,4,1,310,271,8129,26.22258064516129
3823,Jason Thompson,4,-0.4,302,249,8290,27.450331125827816
3831,Kosta Koufos,1,1.2,81,81,1817,22.432098765432098
3833,Luc Mbah a Moute,7,1.2999999999999998,514,409,12376,24.07782101167315
3835,Marc Gasol,1,1.1,44,43,1161,26.386363636363637
3837,Marreese Speights,1,-0.4,60,54,1345,22.416666666666668
3838,Michael Beasley,1,0.7,78,78,2328,29.846153846153847
3841,Nicolas Batum,1,1.2,79,76,1454,18.40506329113924
3845,Robin Lopez,5,2.3000000000000003,353,342,9193,26.042492917847024
3847,Roy Hibbert,3,1.7999999999999998,241,240,6922,28.721991701244814
3850,Ryan Anderson,2,1.8,138,122,3841,27.833333333333332
3867,Danny Green,1,1.1,70,60,1791,25.585714285714285
3869,Darren Collison,1,0.9,60,56,1878,31.3
3871,DeJuan Blair,1,0.7,81,65,1734,21.40740740740741
3872,DeMar DeRozan,3,-1,222,210,6721,30.274774774774773
3873,DeMarre Carroll,2,3,142,141,4071,28.669014084507044
3877,Garrett Temple,2,-0.3,129,92,3481,26.984496124031008
3878,Gerald Henderson,2,-0.09999999999999998,152,113,3982,26.19736842105263
3884,Jeff Teague,2,2.7,159,157,5170,32.515723270440255
3886,Jodie Meeks,1,0.5,66,50,1644,24.90909090909091
3889,Jonny Flynn,1,-0.5,81,81,2339,28.876543209876544
3890,Jordan Hill,1,-0.1,70,57,1874,26.771428571428572
3891,Jrue Holiday,1,0.1,73,51,1767,24.205479452054796
3896,Omri Casspi,1,-0.1,65,35,1341,20.630769230769232
3898,Patty Mills,1,0.2,81,48,2346,28.962962962962962
3901,Sam Young,1,0.5,78,46,1577,20.21794871794872
3902,Serge Ibaka,3,2.7,193,168,5465,28.316062176165804
3905,Taj Gibson,1,0,82,70,2204,26.878048780487806
3913,Wayne Ellington,1,-0.3,76,41,1615,21.25
3914,Wesley Matthews,5,2.5,344,310,10111,29.392441860465116
3915,Al-Farouq Aminu,1,1,76,71,2066,27.18421052631579
3918,Avery Bradley,8,-0.5000000000000002,478,450,14144,29.589958158995817
3926,DeMarcus Cousins,1,-0.4,81,62,2309,28.506172839506174
3928,Derrick Favors,1,0.9,51,49,1243,24.372549019607842
3934,Eric Bledsoe,1,-0.2,71,70,2111,29.732394366197184
3936,Evan Turner,2,-1,136,136,4778,35.13235294117647
3941,Gordon Hayward,1,0.5,49,48,1564,31.918367346938776
3946,Ish Smith,1,-0.1,50,50,1622,32.44
3959,Luke Babbitt,1,0,68,55,1065,15.661764705882353
3964,Nikola Peković,1,1.1,54,54,1663,30.796296296296298
3965,Ömer Aşık,3,0.19999999999999996,226,222,5624,24.884955752212388
3975,Tiago Splitter,2,2.9000000000000004,140,108,3268,23.34285714285714
3976,Timofey Mozgov,4,0.09999999999999998,220,180,4265,19.386363636363637
3977,Trevor Booker,1,0.7,72,45,1553,21.569444444444443
3978,Wesley Johnson,1,0,65,64,1469,22.6
3984,Bismack Biyombo,3,-2.8,209,142,4990,23.875598086124402
3989,Chris Singleton,1,-0.1,66,51,1431,21.681818181818183
4001,Derrick Williams,1,0.2,78,56,1916,24.564102564102566
4003,E'Twaun Moore,1,0.3,82,80,2586,31.536585365853657
4011,Iman Shumpert,3,0.7,178,138,4663,26.196629213483146
4012,Isaiah Thomas,1,-0.5,40,37,925,23.125
4036,Klay Thompson,1,1.2,78,78,2652,34
4042,Marcus Morris,1,0.6,75,53,2091,27.88
4043,Markieff Morris,2,0.7,149,149,4342,29.140939597315437
4050,Reggie Jackson,2,-0.19999999999999996,127,125,3761,29.614173228346456
4051,Ricky Rubio,2,2.5,145,144,4153,28.641379310344828
4058,Tristan Thompson,2,0.6,160,160,4930,30.8125
4068,Aron Baynes,1,-0.3,81,67,1485,18.333333333333332
4069,Austin Rivers,1,0.4,61,59,2057,33.721311475409834
4073,Brian Roberts,1,0.1,72,42,1667,23.15277777777778
4086,Evan Fournier,2,0.10000000000000003,149,147,4787,32.12751677852349
4088,Festus Ezeli,1,-0.4,78,41,1120,14.35897435897436
4089,Harrison Barnes,4,2.8,299,292,9645,32.25752508361204
4091,Jae Crowder,1,1.5,67,67,1886,28.149253731343283
4096,Jeremy Lamb,1,0.5,46,42,1291,28.065217391304348
4100,Jonas Valančiūnas,2,0.7,143,138,3764,26.321678321678323
4102,Justin Holiday,1,0.5,72,52,2183,30.319444444444443
4103,Kendall Marshall,1,-0.2,54,45,1564,28.962962962962962
4104,Kent Bazemore,1,0.5,73,64,1963,26.89041095890411
4107,Khris Middleton,1,1.7,77,77,2393,31.07792207792208
4111,Kyle Singler,1,-0.6,82,74,2293,27.963414634146343
4115,Maurice Harkless,2,1.6,110,91,2556,23.236363636363638
4117,Michael Kidd-Gilchrist,3,0.6,217,217,5701,26.27188940092166
4119,Miles Plumlee,1,0.3,80,79,1964,24.55
4124,Patrick Beverley,2,2.3,127,118,3792,29.858267716535433
4131,Terrence Ross,1,0.3,82,61,2092,25.51219512195122
4136,Tyler Zeller,1,-1,77,55,2033,26.4025974025974
4140,Will Barton,1,0,56,52,1736,31
4142,Alex Len,2,-0.9,147,90,3339,22.714285714285715
4143,Allen Crabbe,1,0.7,75,68,2197,29.293333333333333
4148,Ben McLemore,2,-1.8,150,108,3630,24.2
4155,Cody Zeller,1,0.7,49,47,1243,25.367346938775512
4157,Dennis Schröder,1,0.4,61,61,1956,32.0655737704918
4177,Kelly Olynyk,1,0.3,43,38,1157,26.906976744186046
4178,Kentavious Caldwell-Pope,3,0.3,239,200,6499,27.192468619246863
4181,Matthew Dellavedova,1,-1.1,76,54,1986,26.13157894736842
4203,Seth Curry,2,0.9,102,102,3204,31.41176470588235
4207,Solomon Hill,2,-0.10000000000000003,162,149,4755,29.35185185185185
4208,Steven Adams,1,0.3,70,67,1771,25.3
4212,Tony Snell,2,0,134,116,3694,27.567164179104477
4214,Trey Burke,1,-0.4,70,68,2262,32.31428571428572
4223,Andrew Wiggins,4,-1,319,319,11539,36.172413793103445
4224,Bojan Bogdanović,5,4.1,357,356,10866,30.436974789915965
4233,Dante Exum,1,-1.1,82,41,1817,22.158536585365855
4237,Doug McDermott,1,-0.1,51,51,1223,23.980392156862745
4239,Dwight Powell,1,1.3,82,71,1798,21.926829268292682
4240,Elfrid Payton,3,0.10000000000000003,178,174,4879,27.410112359550563
4245,Gary Harris,2,0,113,103,3419,30.256637168141594
4249,Jabari Parker,1,0,76,72,2408,31.68421052631579
4266,Julius Randle,1,-0.7,81,60,2286,28.22222222222222
4267,Jusuf Nurkić,2,2,135,135,3667,27.16296296296296
4275,Marcus Smart,2,2.1,119,116,3877,32.57983193277311
4282,Noah Vonleh,2,-1.2,152,97,2439,16.04605263157895
4283,P.J. Hairston,1,-0.4,48,43,938,19.541666666666668
4285,Rodney Hood,1,0.4,59,55,1593,27
4291,Spencer Dinwiddie,1,0.3,44,44,1330,30.227272727272727
4307,Bobby Portis,1,1.1,72,59,2028,28.166666666666668
4321,Devin Booker,1,1.1,67,67,2270,33.88059701492537
4324,Emmanuel Mudiay,2,-1.6,123,107,3474,28.24390243902439
4327,Jahlil Okafor,1,-0.1,53,48,1591,30.0188679245283
4332,Jonathon Simmons,1,-0.5,69,50,2029,29.405797101449274
4336,Josh Richardson,2,0.1,114,109,3483,30.55263157894737
4341,Kelly Oubre Jr.,2,0.6,111,105,3620,32.612612612612615
4342,Kevon Looney,1,1.3,82,80,1732,21.121951219512194
4350,Myles Turner,2,1.9000000000000001,107,104,3071,28.700934579439252
4351,Nemanja Bjelica,1,1.3,77,70,1788,23.22077922077922
4358,Raul Neto,1,0,81,53,1499,18.506172839506174
4364,Stanley Johnson,1,-0.4,69,50,1894,27.44927536231884
4379,Brandon Ingram,2,0.4,111,111,3735,33.648648648648646
4381,Bryn Forbes,2,0.2,145,143,3872,26.70344827586207
4390,Dario Šarić,1,0.7,66,51,1632,24.727272727272727
4394,Dejounte Murray,1,1.1,81,48,1743,21.51851851851852
4397,Derrick Jones Jr.,1,0.1,58,43,1318,22.724137931034484
4400,Domantas Sabonis,1,-1,81,66,1632,20.14814814814815
4401,Dorian Finney-Smith,1,0.9,71,68,2120,29.859154929577464
4415,Jaylen Brown,1,1.4,57,57,1934,33.92982456140351
4421,Kris Dunn,1,-0.2,46,44,1389,30.195652173913043
4428,Marquese Chriss,1,-0.1,82,75,1743,21.25609756097561
4443,Rodney McGruder,2,-0.1,144,110,3516,24.416666666666668
4450,Taurean Prince,2,0.19999999999999996,146,143,4321,29.595890410958905
4457,Tyler Ulis,1,-1,71,43,1658,23.35211267605634
4484,Damion Lee,1,-0.1,49,36,1423,29.040816326530614
4487,Daniel Theis,1,0.6,42,37,1027,24.452380952380953
4489,De'Aaron Fox,2,-0.40000000000000013,132,119,4109,31.12878787878788
4490,Dennis Smith Jr.,1,-0.2,69,69,2049,29.695652173913043
4494,Dillon Brooks,3,-3.3,222,214,6459,29.094594594594593
4496,Dwayne Bacon,1,-1.4,72,50,1853,25.73611111111111
4544,Markelle Fultz,1,0.1,72,60,1996,27.72222222222222
4555,OG Anunoby,3,2.7,165,153,4642,28.133333333333333
4567,Terrance Ferguson,2,-1.7000000000000002,130,112,3188,24.523076923076925
4594,Bruce Brown,1,-0.5,74,56,1449,19.58108108108108
4599,Collin Sexton,1,-1.8,82,72,2605,31.76829268292683
4607,Devonte' Graham,1,0.5,76,63,2162,28.44736842105263
4608,Donte DiVincenzo,1,0.9,66,66,1814,27.484848484848484
4611,Duncan Robinson,1,0.7,79,68,2043,25.860759493670887
4620,Grayson Allen,1,1.1,66,61,1805,27.348484848484848
4632,Jaren Jackson Jr.,1,1,78,78,2126,27.256410256410255
4634,Jarred Vanderbilt,1,1.1,74,67,1880,25.405405405405407
4644,Josh Okogie,1,-0.5,59,37,1197,20.28813559322034
4648,Kevin Huerter,2,0.6000000000000001,144,108,4174,28.98611111111111
4649,Kevin Knox,1,-2,75,57,2158,28.773333333333333
4653,Lonnie Walker,1,-0.7,60,38,1522,25.366666666666667
4656,Marvin Bagley III,1,-0.4,43,42,1112,25.86046511627907
4658,Mikal Bridges,1,0.3,82,56,2417,29.475609756097562
4659,Miles Bridges,1,-0.3,65,64,1995,30.692307692307693
4668,Rodions Kurucs,1,-0.2,63,46,1294,20.53968253968254
4682,Wendell Carter Jr.,1,-0.1,43,43,1256,29.209302325581394
4703,Coby White,1,-0.3,69,54,2156,31.246376811594203
4708,Darius Garland,1,-1.7,59,59,1824,30.915254237288135
4709,De'Andre Hunter,2,-2.2,116,114,3595,30.99137931034483
4728,Jarrett Culver,1,-0.8,63,35,1506,23.904761904761905
4729,Javonte Green,1,0.8,65,45,1519,23.369230769230768
4746,Kendrick Nunn,1,-0.1,67,67,1962,29.28358208955224
4754,Luguentz Dort,1,-0.1,51,51,1665,32.64705882352941
4782,RJ Barrett,2,-0.8,126,125,4121,32.70634920634921
4784,Rui Hachimura,1,-0.7,57,57,1797,31.526315789473685
4838,Isaac Okoro,2,-1.5,134,128,4154,31
4840,Isaiah Stewart,1,-0.6,71,71,1816,25.577464788732396
4842,Jae'Sean Tate,1,0.4,70,58,2043,29.185714285714287
4873,Patrick Williams,1,-0.3,71,71,1983,27.929577464788732
4882,Saddiq Bey,1,0.6,70,53,1909,27.271428571428572
4886,Théo Maledon,1,-1.4,65,49,1778,27.353846153846153
4946,Jalen Green,1,-0.5,67,67,2138,31.91044776119403
4948,Jalen Suggs,1,-1.2,48,45,1307,27.229166666666668
