PLAYER_NAME,FTM,FTA,FTM_clutch,FTA_clutch,FTM_non_clutch,FTA_non_clutch,FT_PCT_clutch,FT_PCT_non_clutch,differential
A.J. Lawson,14,18,0.0,0.0,14.0,18.0,,0.7777777777777778,
AJ Green,53,62,4.0,6.0,49.0,56.0,0.6666666666666666,0.875,-0.20833333333333337
AJ Johnson,34,40,0.0,0.0,34.0,40.0,,0.85,
Aaron Gordon,125,163,6.0,10.0,119.0,153.0,0.6,0.7777777777777778,-0.1777777777777778
Aaron Holiday,35,41,3.0,4.0,32.0,37.0,0.75,0.8648648648648649,-0.11486486486486491
Aaron Nesmith,92,111,3.0,6.0,89.0,105.0,0.5,0.8476190476190476,-0.3476190476190476
Aaron Wiggins,53,72,1.0,3.0,52.0,69.0,0.3333333333333333,0.7536231884057971,-0.4202898550724638
Ace Bailey,66,88,0.0,1.0,66.0,87.0,0.0,0.7586206896551724,-0.7586206896551724
Adama Bal,9,10,0.0,0.0,9.0,10.0,,0.9,
Adem Bona,80,113,2.0,4.0,78.0,109.0,0.5,0.7155963302752294,-0.2155963302752294
Adou Thiero,14,22,,,,,,,
Ajay Mitchell,141,162,12.0,12.0,129.0,150.0,1.0,0.86,0.14
Al Horford,22,26,1.0,1.0,21.0,25.0,1.0,0.84,0.16000000000000003
Alex Antetokounmpo,11,15,,,,,,,
Alex Caruso,41,51,0.0,0.0,41.0,51.0,,0.803921568627451,
Alex Morales,2,2,,,,,,,
Alex Sarr,101,146,5.0,8.0,96.0,138.0,0.625,0.6956521739130435,-0.07065217391304346
Alijah Martin,15,19,1.0,2.0,14.0,17.0,0.5,0.8235294117647058,-0.32352941176470584
Alondes Williams,7,8,0.0,0.0,7.0,8.0,,0.875,
Alperen Sengun,260,376,20.0,35.0,240.0,341.0,0.5714285714285714,0.7038123167155426,-0.13238374528697117
Amari Williams,10,14,1.0,1.0,9.0,13.0,1.0,0.6923076923076923,0.3076923076923077
Amen Thompson,304,390,21.0,26.0,283.0,364.0,0.8076923076923077,0.7774725274725275,0.030219780219780223
Amir Coffey,22,28,1.0,2.0,21.0,26.0,0.5,0.8076923076923077,-0.3076923076923077
Andersson Garcia,7,9,0.0,0.0,7.0,9.0,,0.7777777777777778,
Andre Drummond,53,84,4.0,5.0,49.0,79.0,0.8,0.620253164556962,0.17974683544303804
Andre Jackson Jr.,20,32,0.0,0.0,20.0,32.0,,0.625,
Andrew Nembhard,193,234,3.0,5.0,190.0,229.0,0.6,0.8296943231441049,-0.22969432314410487
Andrew Wiggins,127,162,12.0,17.0,115.0,145.0,0.7058823529411765,0.7931034482758621,-0.08722109533468558
Anfernee Simons,69,77,7.0,8.0,62.0,69.0,0.875,0.8985507246376812,-0.023550724637681153
Anthony Black,169,231,5.0,10.0,164.0,221.0,0.5,0.7420814479638009,-0.24208144796380093
Anthony Davis,59,81,1.0,1.0,58.0,80.0,1.0,0.725,0.275
Anthony Edwards,348,437,25.0,30.0,323.0,407.0,0.8333333333333334,0.7936117936117936,0.0397215397215398
Anthony Gill,34,46,0.0,0.0,34.0,46.0,,0.7391304347826086,
Antonio Reeves,0,0,,,,,,,
Ariel Hukporti,26,33,0.0,0.0,26.0,33.0,,0.7878787878787878,
Asa Newell,16,29,0.0,0.0,16.0,29.0,,0.5517241379310345,
Ausar Thompson,109,191,3.0,5.0,106.0,186.0,0.6,0.5698924731182796,0.03010752688172036
Austin Reaves,323,371,10.0,12.0,313.0,359.0,0.8333333333333334,0.871866295264624,-0.03853296193129063
Ayo Dosunmu,127,145,10.0,12.0,117.0,133.0,0.8333333333333334,0.8796992481203008,-0.04636591478696739
Bam Adebayo,329,423,20.0,25.0,309.0,398.0,0.8,0.7763819095477387,0.023618090452261375
Baylor Scheierman,28,31,0.0,0.0,28.0,31.0,,0.9032258064516129,
Ben Saraf,73,88,4.0,5.0,69.0,83.0,0.8,0.8313253012048193,-0.031325301204819245
Ben Sheppard,39,51,2.0,4.0,37.0,47.0,0.5,0.7872340425531915,-0.2872340425531915
Bennedict Mathurin,292,336,25.0,29.0,267.0,307.0,0.8620689655172413,0.8697068403908795,-0.007637874873638206
Bez Mbeng,16,25,0.0,0.0,16.0,25.0,,0.64,
Bilal Coulibaly,132,177,4.0,4.0,128.0,173.0,1.0,0.7398843930635838,0.2601156069364162
Bismack Biyombo,5,7,,,,,,,
Blake Hinson,12,16,0.0,0.0,12.0,16.0,,0.75,
Blake Wesley,26,47,,,,,,,
Bobby Portis,48,68,0.0,0.0,48.0,68.0,,0.7058823529411765,
Bobi Klintman,0,3,,,,,,,
Bogdan Bogdanović,20,25,0.0,0.0,20.0,25.0,,0.8,
Bones Hyland,64,82,2.0,4.0,62.0,78.0,0.5,0.7948717948717948,-0.2948717948717948
Bradley Beal,6,8,,,,,,,
Branden Carlson,15,26,,,,,,,
Brandin Podziemski,192,241,8.0,12.0,184.0,229.0,0.6666666666666666,0.8034934497816594,-0.13682678311499274
Brandon Clarke,2,4,0.0,0.0,2.0,4.0,,0.5,
Brandon Ingram,292,356,6.0,8.0,286.0,348.0,0.75,0.8218390804597702,-0.07183908045977017
Brandon Miller,199,223,13.0,14.0,186.0,209.0,0.9285714285714286,0.8899521531100478,0.038619275461380775
Brandon Williams,241,304,11.0,15.0,230.0,289.0,0.7333333333333333,0.7958477508650519,-0.0625144175317186
Brice Sensabaugh,166,201,5.0,6.0,161.0,195.0,0.8333333333333334,0.8256410256410256,0.007692307692307776
Bronny James,6,7,0.0,0.0,6.0,7.0,,0.8571428571428571,
Brook Lopez,56,74,0.0,2.0,56.0,72.0,0.0,0.7777777777777778,-0.7777777777777778
Brooks Barnhizer,7,10,,,,,,,
Bruce Brown,96,126,2.0,5.0,94.0,121.0,0.4,0.7768595041322314,-0.37685950413223135
Bryce McGowens,74,95,0.0,0.0,74.0,95.0,,0.7789473684210526,
Bub Carrington,81,111,5.0,5.0,76.0,106.0,1.0,0.7169811320754716,0.28301886792452835
Buddy Boeheim,0,0,,,,,,,
Buddy Hield,30,37,0.0,2.0,30.0,35.0,0.0,0.8571428571428571,-0.8571428571428571
CJ Huntley,0,0,,,,,,,
CJ McCollum,183,237,9.0,13.0,174.0,224.0,0.6923076923076923,0.7767857142857143,-0.08447802197802201
Cade Cunningham,310,382,42.0,53.0,268.0,329.0,0.7924528301886793,0.8145896656534954,-0.02213683546481615
Caleb Houstan,3,3,,,,,,,
Caleb Love,36,49,3.0,6.0,33.0,43.0,0.5,0.7674418604651163,-0.2674418604651163
Caleb Martin,37,61,0.0,0.0,37.0,61.0,,0.6065573770491803,
Cam Christie,38,50,,,,,,,
Cam Spencer,126,134,2.0,2.0,124.0,132.0,1.0,0.9393939393939394,0.06060606060606055
Cam Thomas,137,169,0.0,0.0,137.0,169.0,,0.8106508875739645,
Cam Whitmore,23,31,2.0,3.0,21.0,28.0,0.6666666666666666,0.75,-0.08333333333333337
Cameron Johnson,94,112,8.0,9.0,86.0,103.0,0.8888888888888888,0.8349514563106796,0.053937432578209266
Cameron Payne,19,22,0.0,0.0,19.0,22.0,,0.8636363636363636,
Caris LeVert,57,84,3.0,6.0,54.0,78.0,0.5,0.6923076923076923,-0.1923076923076923
Carter Bryant,30,42,0.0,0.0,30.0,42.0,,0.7142857142857143,
Cason Wallace,55,68,2.0,2.0,53.0,66.0,1.0,0.803030303030303,0.19696969696969702
Cedric Coward,140,166,8.0,13.0,132.0,153.0,0.6153846153846154,0.8627450980392157,-0.2473604826546003
Chaney Johnson,28,35,1.0,2.0,27.0,33.0,0.5,0.8181818181818182,-0.31818181818181823
Charles Bassey,14,20,2.0,2.0,12.0,18.0,1.0,0.6666666666666666,0.33333333333333337
Chaz Lanier,5,6,0.0,0.0,5.0,6.0,,0.8333333333333334,
Chet Holmgren,225,284,18.0,24.0,207.0,260.0,0.75,0.7961538461538461,-0.0461538461538461
Chris Boucher,3,4,0.0,0.0,3.0,4.0,,0.75,
Chris Livingston,1,1,0.0,0.0,1.0,1.0,,1.0,
Chris Mañon,3,4,,,,,,,
Chris Paul,1,2,,,,,,,
Chris Youngblood,9,10,,,,,,,
Christian Braun,79,101,5.0,6.0,74.0,95.0,0.8333333333333334,0.7789473684210526,0.05438596491228076
Christian Koloko,10,15,0.0,0.0,10.0,15.0,,0.6666666666666666,
Chucky Hepburn,0,0,,,,,,,
Clint Capela,45,78,1.0,2.0,44.0,76.0,0.5,0.5789473684210527,-0.07894736842105265
Coby White,197,241,20.0,25.0,177.0,216.0,0.8,0.8194444444444444,-0.019444444444444375
Cody Martin,3,6,,,,,,,
Cody Williams,84,119,4.0,4.0,80.0,115.0,1.0,0.6956521739130435,0.30434782608695654
Colby Jones,0,0,,,,,,,
Cole Anthony,16,26,0.0,0.0,16.0,26.0,,0.6153846153846154,
Colin Castleton,1,1,,,,,,,
Collin Gillespie,76,87,4.0,4.0,72.0,83.0,1.0,0.8674698795180723,0.1325301204819277
Collin Murray-Boyles,71,108,4.0,7.0,67.0,101.0,0.5714285714285714,0.6633663366336634,-0.091937765205092
Collin Sexton,218,255,4.0,5.0,214.0,250.0,0.8,0.856,-0.05599999999999994
Cooper Flagg,283,342,30.0,36.0,253.0,306.0,0.8333333333333334,0.826797385620915,0.0065359477124183885
Corey Kispert,77,97,0.0,0.0,77.0,97.0,,0.7938144329896907,
Cormac Ryan,24,26,0.0,0.0,24.0,26.0,,0.9230769230769231,
Craig Porter Jr.,24,40,2.0,4.0,22.0,36.0,0.5,0.6111111111111112,-0.11111111111111116
Curtis Jones,1,2,,,,,,,
D'Angelo Russell,43,60,6.0,9.0,37.0,51.0,0.6666666666666666,0.7254901960784313,-0.05882352941176472
DaQuan Jeffries,5,5,,,,,,,
DaRon Holmes II,11,14,0.0,0.0,11.0,14.0,,0.7857142857142857,
Daeqwon Plowden,42,49,5.0,5.0,37.0,44.0,1.0,0.8409090909090909,0.15909090909090906
Dalano Banton,4,4,0.0,0.0,4.0,4.0,,1.0,
Dalen Terry,16,30,0.0,0.0,16.0,30.0,,0.5333333333333333,
Dalton Knecht,16,22,0.0,0.0,16.0,22.0,,0.7272727272727273,
Daniel Gafford,110,161,11.0,14.0,99.0,147.0,0.7857142857142857,0.673469387755102,0.11224489795918369
Daniss Jenkins,134,161,25.0,29.0,109.0,132.0,0.8620689655172413,0.8257575757575758,0.036311389759665524
Danny Wolf,84,109,4.0,6.0,80.0,103.0,0.6666666666666666,0.7766990291262136,-0.11003236245954695
Dario Saric,2,2,0.0,0.0,2.0,2.0,,1.0,
Dariq Whitehead,5,7,,,,,,,
Darius Brown,0,0,,,,,,,
Darius Garland,105,122,8.0,9.0,97.0,113.0,0.8888888888888888,0.8584070796460177,0.03048180924287114
David Jones Garcia,3,6,,,,,,,
David Roddy,7,7,,,,,,,
Davion Mitchell,42,65,2.0,3.0,40.0,62.0,0.6666666666666666,0.6451612903225806,0.021505376344086002
Day'Ron Sharpe,103,152,0.0,0.0,103.0,152.0,,0.6776315789473685,
De'Aaron Fox,187,246,20.0,21.0,167.0,225.0,0.9523809523809523,0.7422222222222222,0.2101587301587301
De'Andre Hunter,124,143,10.0,11.0,114.0,132.0,0.9090909090909091,0.8636363636363636,0.045454545454545414
De'Anthony Melton,100,121,10.0,13.0,90.0,108.0,0.7692307692307693,0.8333333333333334,-0.0641025641025641
DeAndre Jordan,11,17,,,,,,,
DeJon Jarreau,18,23,0.0,0.0,18.0,23.0,,0.782608695652174,
DeMar DeRozan,374,431,37.0,41.0,337.0,390.0,0.9024390243902439,0.8641025641025641,0.038336460287679786
Dean Wade,27,38,1.0,1.0,26.0,37.0,1.0,0.7027027027027027,0.29729729729729726
Deandre Ayton,91,141,8.0,10.0,83.0,131.0,0.8,0.6335877862595419,0.16641221374045811
Dejounte Murray,39,45,3.0,4.0,36.0,41.0,0.75,0.8780487804878049,-0.12804878048780488
Deni Avdija,489,610,39.0,49.0,450.0,561.0,0.7959183673469388,0.8021390374331551,-0.006220670086216296
Dennis Schröder,171,205,13.0,14.0,158.0,191.0,0.9285714285714286,0.8272251308900523,0.10134629768137626
Dereck Lively II,8,10,0.0,0.0,8.0,10.0,,0.8,
Derik Queen,210,265,12.0,16.0,198.0,249.0,0.75,0.7951807228915663,-0.04518072289156627
Derrick Jones Jr.,71,93,10.0,13.0,61.0,80.0,0.7692307692307693,0.7625,0.006730769230769318
Derrick White,184,204,15.0,18.0,169.0,186.0,0.8333333333333334,0.9086021505376344,-0.07526881720430101
Desmond Bane,314,346,33.0,37.0,281.0,309.0,0.8918918918918919,0.9093851132686084,-0.017493221376716495
Devin Booker,454,520,39.0,45.0,415.0,475.0,0.8666666666666667,0.8736842105263158,-0.007017543859649145
Devin Carter,67,94,6.0,8.0,61.0,86.0,0.75,0.7093023255813954,0.04069767441860461
Devin Vassell,106,130,11.0,12.0,95.0,118.0,0.9166666666666666,0.8050847457627118,0.1115819209039548
Dillon Brooks,170,202,9.0,11.0,161.0,191.0,0.8181818181818182,0.8429319371727748,-0.024750118990956582
Dillon Jones,4,4,,,,,,,
Domantas Sabonis,56,77,1.0,3.0,55.0,74.0,0.3333333333333333,0.7432432432432432,-0.4099099099099099
Dominick Barlow,94,131,5.0,8.0,89.0,123.0,0.625,0.7235772357723578,-0.09857723577235777
Donovan Clingan,138,203,8.0,17.0,130.0,186.0,0.47058823529411764,0.6989247311827957,-0.2283364958886781
Donovan Mitchell,372,430,23.0,27.0,349.0,403.0,0.8518518518518519,0.8660049627791563,-0.014153110927304424
Donte DiVincenzo,78,105,6.0,7.0,72.0,98.0,0.8571428571428571,0.7346938775510204,0.12244897959183665
Dorian Finney-Smith,8,9,0.0,0.0,8.0,9.0,,0.8888888888888888,
Doug McDermott,8,9,0.0,0.0,8.0,9.0,,0.8888888888888888,
Drake Powell,69,77,2.0,3.0,67.0,74.0,0.6666666666666666,0.9054054054054054,-0.23873873873873874
Draymond Green,59,84,7.0,9.0,52.0,75.0,0.7777777777777778,0.6933333333333334,0.08444444444444443
Drew Eubanks,32,57,0.0,0.0,32.0,57.0,,0.5614035087719298,
Drew Peterson,1,2,0.0,0.0,1.0,2.0,,0.5,
Drew Timme,5,9,,,,,,,
Dru Smith,87,105,0.0,0.0,87.0,105.0,,0.8285714285714286,
Duncan Robinson,83,110,6.0,7.0,77.0,103.0,0.8571428571428571,0.7475728155339806,0.10957004160887651
Duop Reath,5,6,0.0,0.0,5.0,6.0,,0.8333333333333334,
Dwight Powell,78,112,3.0,5.0,75.0,107.0,0.6,0.7009345794392523,-0.10093457943925233
Dylan Cardwell,26,51,3.0,6.0,23.0,45.0,0.5,0.5111111111111111,-0.011111111111111072
Dylan Harper,90,119,2.0,4.0,88.0,115.0,0.5,0.7652173913043478,-0.26521739130434785
Dyson Daniels,75,122,3.0,4.0,72.0,118.0,0.75,0.6101694915254238,0.13983050847457623
E.J. Liddell,21,26,1.0,2.0,20.0,24.0,0.5,0.8333333333333334,-0.33333333333333337
Egor Dëmin,54,65,1.0,2.0,53.0,63.0,0.5,0.8412698412698413,-0.3412698412698413
Elijah Harkless,49,64,3.0,4.0,46.0,60.0,0.75,0.7666666666666667,-0.01666666666666672
Emanuel Miller,1,2,,,,,,,
Enrique Freeman,0,0,,,,,,,
Eric Gordon,1,2,,,,,,,
Ethan Thompson,37,47,2.0,3.0,35.0,44.0,0.6666666666666666,0.7954545454545454,-0.12878787878787878
Evan Mobley,180,297,17.0,27.0,163.0,270.0,0.6296296296296297,0.6037037037037037,0.025925925925925908
Franz Wagner,163,198,15.0,18.0,148.0,180.0,0.8333333333333334,0.8222222222222222,0.011111111111111183
GG Jackson,112,151,2.0,2.0,110.0,149.0,1.0,0.738255033557047,0.261744966442953
Gabe Vincent,20,23,0.0,0.0,20.0,23.0,,0.8695652173913043,
Garrett Temple,6,9,,,,,,,
Garrison Mathews,19,23,0.0,0.0,19.0,23.0,,0.8260869565217391,
Gary Harris,8,9,0.0,0.0,8.0,9.0,,0.8888888888888888,
Gary Payton II,26,40,0.0,0.0,26.0,40.0,,0.65,
Gary Trent Jr.,40,52,3.0,5.0,37.0,47.0,0.6,0.7872340425531915,-0.18723404255319154
Giannis Antetokounmpo,232,357,17.0,26.0,215.0,331.0,0.6538461538461539,0.649546827794562,0.00429932605159189
Goga Bitadze,69,97,0.0,0.0,69.0,97.0,,0.711340206185567,
Gradey Dick,77,88,0.0,0.0,77.0,88.0,,0.875,
Grant Nelson,7,10,0.0,0.0,7.0,10.0,,0.7,
Grant Williams,44,54,1.0,1.0,43.0,53.0,1.0,0.8113207547169812,0.18867924528301883
Grayson Allen,144,168,17.0,20.0,127.0,148.0,0.85,0.8581081081081081,-0.008108108108108136
Guerschon Yabusele,54,72,0.0,0.0,54.0,72.0,,0.75,
Gui Santos,87,120,10.0,14.0,77.0,106.0,0.7142857142857143,0.7264150943396226,-0.01212938005390829
Harrison Barnes,102,123,12.0,12.0,90.0,111.0,1.0,0.8108108108108109,0.18918918918918914
Harrison Ingram,0,0,,,,,,,
Hayden Gray,2,2,,,,,,,
Haywood Highsmith,6,7,0.0,0.0,6.0,7.0,,0.8571428571428571,
Herbert Jones,50,62,1.0,1.0,49.0,61.0,1.0,0.8032786885245902,0.19672131147540983
Hugo González,13,26,0.0,0.0,13.0,26.0,,0.5,
Hunter Dickinson,2,2,,,,,,,
Hunter Sallis,1,2,,,,,,,
Hunter Tyson,11,13,,,,,,,
Immanuel Quickley,170,207,9.0,13.0,161.0,194.0,0.6923076923076923,0.8298969072164949,-0.1375892149088026
Isaac Jones,3,4,,,,,,,
Isaac Okoro,89,112,0.0,0.0,89.0,112.0,,0.7946428571428571,
Isaiah Collier,151,209,3.0,5.0,148.0,204.0,0.6,0.7254901960784313,-0.12549019607843137
Isaiah Crawford,5,6,,,,,,,
Isaiah Hartenstein,64,105,2.0,4.0,62.0,101.0,0.5,0.6138613861386139,-0.11386138613861385
Isaiah Jackson,68,105,4.0,4.0,64.0,101.0,1.0,0.6336633663366337,0.36633663366336633
Isaiah Joe,110,123,4.0,5.0,106.0,118.0,0.8,0.8983050847457628,-0.09830508474576272
Isaiah Livers,9,12,0.0,0.0,9.0,12.0,,0.75,
Isaiah Stevens,4,4,2.0,2.0,2.0,2.0,1.0,1.0,0.0
Isaiah Stewart,99,131,1.0,2.0,98.0,129.0,0.5,0.7596899224806202,-0.2596899224806202
Ivica Zubac,101,142,17.0,22.0,84.0,120.0,0.7727272727272727,0.7,0.07272727272727275
JD Davison,13,19,0.0,0.0,13.0,19.0,,0.6842105263157895,
Ja Morant,105,117,6.0,7.0,99.0,110.0,0.8571428571428571,0.9,-0.04285714285714293
Ja'Kobe Walter,71,90,1.0,1.0,70.0,89.0,1.0,0.7865168539325843,0.2134831460674157
Jabari Smith Jr.,162,209,10.0,14.0,152.0,195.0,0.7142857142857143,0.7794871794871795,-0.06520146520146519
Jabari Walker,50,68,2.0,2.0,48.0,66.0,1.0,0.7272727272727273,0.2727272727272727
Jacob Toppin,0,0,,,,,,,
Jaden Hardy,55,75,1.0,2.0,54.0,73.0,0.5,0.7397260273972602,-0.23972602739726023
Jaden Ivey,38,47,0.0,0.0,38.0,47.0,,0.8085106382978723,
Jaden McDaniels,147,176,8.0,10.0,139.0,166.0,0.8,0.8373493975903614,-0.03734939759036138
Jae'Sean Tate,7,11,0.0,0.0,7.0,11.0,,0.6363636363636364,
Jahmai Mashack,19,35,0.0,0.0,19.0,35.0,,0.5428571428571428,
Jahmir Young,2,2,,,,,,,
Jahmyl Telfort,1,4,,,,,,,
Jaime Jaquez Jr.,166,216,11.0,12.0,155.0,204.0,0.9166666666666666,0.7598039215686274,0.1568627450980392
Jake LaRavia,116,152,4.0,4.0,112.0,148.0,1.0,0.7567567567567568,0.2432432432432432
Jakob Poeltl,59,98,4.0,6.0,55.0,92.0,0.6666666666666666,0.5978260869565217,0.0688405797101449
Jalen Brunson,354,421,24.0,31.0,330.0,390.0,0.7741935483870968,0.8461538461538461,-0.07196029776674939
Jalen Duren,321,430,19.0,26.0,302.0,404.0,0.7307692307692307,0.7475247524752475,-0.016755521706016796
Jalen Green,65,87,2.0,6.0,63.0,81.0,0.3333333333333333,0.7777777777777778,-0.4444444444444445
Jalen Johnson,301,382,25.0,31.0,276.0,351.0,0.8064516129032258,0.7863247863247863,0.02012682657843945
Jalen Pickett,15,19,1.0,2.0,14.0,17.0,0.5,0.8235294117647058,-0.32352941176470584
Jalen Slawson,12,17,0.0,0.0,12.0,17.0,,0.7058823529411765,
Jalen Smith,69,93,6.0,6.0,63.0,87.0,1.0,0.7241379310344828,0.27586206896551724
Jalen Suggs,100,117,10.0,12.0,90.0,105.0,0.8333333333333334,0.8571428571428571,-0.023809523809523725
Jalen Williams,108,129,4.0,5.0,104.0,124.0,0.8,0.8387096774193549,-0.03870967741935483
Jalen Wilson,69,96,1.0,2.0,68.0,94.0,0.5,0.723404255319149,-0.22340425531914898
Jamal Cain,39,46,0.0,0.0,39.0,46.0,,0.8478260869565217,
Jamal Murray,346,390,55.0,66.0,291.0,324.0,0.8333333333333334,0.8981481481481481,-0.06481481481481477
Jamal Shead,91,116,4.0,6.0,87.0,110.0,0.6666666666666666,0.7909090909090909,-0.12424242424242427
Jamaree Bouyea,24,35,0.0,0.0,24.0,35.0,,0.6857142857142857,
James Harden,463,524,47.0,51.0,416.0,473.0,0.9215686274509803,0.879492600422833,0.04207602702814739
James Wiseman,1,2,,,,,,,
Jamir Watkins,57,82,0.0,0.0,57.0,82.0,,0.6951219512195121,
Jamison Battle,9,14,0.0,0.0,9.0,14.0,,0.6428571428571429,
Jarace Walker,137,183,7.0,7.0,130.0,176.0,1.0,0.7386363636363636,0.26136363636363635
Jared McCain,51,59,1.0,1.0,50.0,58.0,1.0,0.8620689655172413,0.13793103448275867
Jaren Jackson Jr.,163,203,16.0,21.0,147.0,182.0,0.7619047619047619,0.8076923076923077,-0.04578754578754585
Jarred Vanderbilt,33,56,0.0,0.0,33.0,56.0,,0.5892857142857143,
Jarrett Allen,185,261,15.0,19.0,170.0,242.0,0.7894736842105263,0.7024793388429752,0.08699434536755113
Jase Richardson,33,46,0.0,0.0,33.0,46.0,,0.717391304347826,
Javon Small,68,82,1.0,1.0,67.0,81.0,1.0,0.8271604938271605,0.1728395061728395
Javonte Cooke,2,2,,,,,,,
Javonte Green,105,125,5.0,5.0,100.0,120.0,1.0,0.8333333333333334,0.16666666666666663
Jaxson Hayes,98,150,1.0,1.0,97.0,149.0,1.0,0.6510067114093959,0.3489932885906041
Jay Huff,82,99,2.0,5.0,80.0,94.0,0.4,0.851063829787234,-0.451063829787234
Jaylen Brown,426,536,25.0,36.0,401.0,500.0,0.6944444444444444,0.802,-0.10755555555555563
Jaylen Clark,44,67,0.0,0.0,44.0,67.0,,0.6567164179104478,
Jaylen Wells,134,171,4.0,5.0,130.0,166.0,0.8,0.7831325301204819,0.01686746987951815
Jaylin Williams,73,92,3.0,3.0,70.0,89.0,1.0,0.7865168539325843,0.2134831460674157
Jaylon Tyson,79,107,10.0,14.0,69.0,93.0,0.7142857142857143,0.7419354838709677,-0.027649769585253448
Jayson Kent,1,1,,,,,,,
Jayson Tatum,65,79,5.0,6.0,60.0,73.0,0.8333333333333334,0.821917808219178,0.011415525114155334
Jeff Green,5,5,,,,,,,
Jerami Grant,262,322,22.0,26.0,240.0,296.0,0.8461538461538461,0.8108108108108109,0.03534303534303529
Jeremiah Fears,182,232,7.0,8.0,175.0,224.0,0.875,0.78125,0.09375
Jeremiah Robinson-Earl,17,18,0.0,0.0,17.0,18.0,,0.9444444444444444,
Jeremy Sochan,19,26,0.0,2.0,19.0,24.0,0.0,0.7916666666666666,-0.7916666666666666
Jericho Sims,44,71,2.0,3.0,42.0,68.0,0.6666666666666666,0.6176470588235294,0.04901960784313719
Jett Howard,37,39,0.0,0.0,37.0,39.0,,0.9487179487179487,
Jevon Carter,15,19,0.0,0.0,15.0,19.0,,0.7894736842105263,
Jimmy Butler III,248,287,6.0,8.0,242.0,279.0,0.75,0.8673835125448028,-0.11738351254480284
Joan Beringer,20,28,0.0,0.0,20.0,28.0,,0.7142857142857143,
Jock Landale,80,126,2.0,6.0,78.0,120.0,0.3333333333333333,0.65,-0.3166666666666667
Joe Ingles,2,2,0.0,0.0,2.0,2.0,,1.0,
Joel Embiid,286,335,3.0,5.0,283.0,330.0,0.6,0.8575757575757575,-0.25757575757575757
John Collins,118,154,5.0,5.0,113.0,149.0,1.0,0.7583892617449665,0.24161073825503354
John Konchar,32,44,0.0,0.0,32.0,44.0,,0.7272727272727273,
John Poulakidas,6,7,0.0,0.0,6.0,7.0,,0.8571428571428571,
John Tonje,4,4,0.0,0.0,4.0,4.0,,1.0,
Johni Broome,2,6,,,,,,,
Johnny Furphy,17,35,2.0,2.0,15.0,33.0,1.0,0.45454545454545453,0.5454545454545454
Johnny Juzang,5,8,0.0,0.0,5.0,8.0,,0.625,
Jonas Valančiūnas,105,136,4.0,4.0,101.0,132.0,1.0,0.7651515151515151,0.23484848484848486
Jonathan Isaac,35,58,0.0,2.0,35.0,56.0,0.0,0.625,-0.625
Jonathan Kuminga,89,123,0.0,0.0,89.0,123.0,,0.7235772357723578,
Jonathan Mogbo,9,14,,,,,,,
Jordan Clarkson,78,94,0.0,0.0,78.0,94.0,,0.8297872340425532,
Jordan Goodwin,39,56,5.0,10.0,34.0,46.0,0.5,0.7391304347826086,-0.23913043478260865
Jordan Hawkins,19,23,0.0,0.0,19.0,23.0,,0.8260869565217391,
Jordan McLaughlin,6,7,,,,,,,
Jordan Miller,136,175,5.0,6.0,131.0,169.0,0.8333333333333334,0.7751479289940828,0.05818540433925057
Jordan Poole,98,114,2.0,2.0,96.0,112.0,1.0,0.8571428571428571,0.1428571428571429
Jordan Walsh,44,57,3.0,3.0,41.0,54.0,1.0,0.7592592592592593,0.2407407407407407
Jose Alvarado,35,46,2.0,3.0,33.0,43.0,0.6666666666666666,0.7674418604651163,-0.10077519379844968
Josh Giddey,174,228,15.0,20.0,159.0,208.0,0.75,0.7644230769230769,-0.014423076923076872
Josh Green,25,28,0.0,0.0,25.0,28.0,,0.8928571428571429,
Josh Hart,90,125,2.0,3.0,88.0,122.0,0.6666666666666666,0.7213114754098361,-0.05464480874316946
Josh Minott,48,61,0.0,2.0,48.0,59.0,0.0,0.8135593220338984,-0.8135593220338984
Josh Oduro,3,5,,,,,,,
Josh Okogie,41,69,6.0,6.0,35.0,63.0,1.0,0.5555555555555556,0.4444444444444444
Jrue Holiday,88,105,8.0,10.0,80.0,95.0,0.8,0.8421052631578947,-0.042105263157894646
Julian Champagnie,114,135,1.0,7.0,113.0,128.0,0.14285714285714285,0.8828125,-0.7399553571428572
Julian Phillips,15,17,0.0,0.0,15.0,17.0,,0.8823529411764706,
Julian Reese,28,44,0.0,0.0,28.0,44.0,,0.6363636363636364,
Julian Strawther,57,70,2.0,2.0,55.0,68.0,1.0,0.8088235294117647,0.19117647058823528
Julius Randle,398,496,20.0,22.0,378.0,474.0,0.9090909090909091,0.7974683544303798,0.11162255466052928
Justin Champagnie,80,102,0.0,0.0,80.0,102.0,,0.7843137254901961,
Justin Edwards,33,39,0.0,0.0,33.0,39.0,,0.8461538461538461,
Jusuf Nurkić,62,113,3.0,5.0,59.0,108.0,0.6,0.5462962962962963,0.0537037037037037
KJ Simpson,11,18,,,,,,,
Kadary Richmond,3,3,0.0,0.0,3.0,3.0,,1.0,
Kam Jones,4,8,0.0,2.0,4.0,6.0,0.0,0.6666666666666666,-0.6666666666666666
Karl-Anthony Towns,357,416,11.0,16.0,346.0,400.0,0.6875,0.865,-0.1775
Karlo Matković,30,41,1.0,2.0,29.0,39.0,0.5,0.7435897435897436,-0.2435897435897436
Kasparas Jakučionis,58,66,0.0,0.0,58.0,66.0,,0.8787878787878788,
Kawhi Leonard,371,416,14.0,16.0,357.0,400.0,0.875,0.8925,-0.01749999999999996
Keaton Wallace,12,18,0.0,0.0,12.0,18.0,,0.6666666666666666,
Keegan Murray,38,49,1.0,2.0,37.0,47.0,0.5,0.7872340425531915,-0.2872340425531915
Kel'el Ware,71,96,0.0,0.0,71.0,96.0,,0.7395833333333334,
Keldon Johnson,154,194,13.0,17.0,141.0,177.0,0.7647058823529411,0.7966101694915254,-0.031904287138584286
Kelly Olynyk,27,38,1.0,2.0,26.0,36.0,0.5,0.7222222222222222,-0.2222222222222222
Kelly Oubre Jr.,111,145,6.0,6.0,105.0,139.0,1.0,0.7553956834532374,0.24460431654676262
Kennedy Chandler,28,43,1.0,2.0,27.0,41.0,0.5,0.6585365853658537,-0.1585365853658537
Kenrich Williams,33,52,0.0,0.0,33.0,52.0,,0.6346153846153846,
Kentavious Caldwell-Pope,73,80,4.0,4.0,69.0,76.0,1.0,0.9078947368421053,0.09210526315789469
Keon Ellis,51,70,0.0,0.0,51.0,70.0,,0.7285714285714285,
Keshad Johnson,21,29,,,,,,,
Keshon Gilbert,7,7,,,,,,,
Kevin Durant,408,467,41.0,49.0,367.0,418.0,0.8367346938775511,0.8779904306220095,-0.04125573674445848
Kevin Huerter,55,71,5.0,6.0,50.0,65.0,0.8333333333333334,0.7692307692307693,0.0641025641025641
Kevin Love,37,44,0.0,1.0,37.0,43.0,0.0,0.8604651162790697,-0.8604651162790697
Kevin McCullar Jr.,2,5,0.0,0.0,2.0,5.0,,0.4,
Kevin Porter Jr.,137,156,11.0,12.0,126.0,144.0,0.9166666666666666,0.875,0.04166666666666663
Kevon Looney,7,10,0.0,0.0,7.0,10.0,,0.7,
Keyonte George,337,378,35.0,38.0,302.0,340.0,0.9210526315789473,0.888235294117647,0.03281733746130033
Khaman Maluach,22,31,0.0,0.0,22.0,31.0,,0.7096774193548387,
Khris Middleton,119,136,9.0,10.0,110.0,126.0,0.9,0.873015873015873,0.026984126984127
Killian Hayes,26,28,1.0,2.0,25.0,26.0,0.5,0.9615384615384616,-0.46153846153846156
Klay Thompson,36,47,1.0,2.0,35.0,45.0,0.5,0.7777777777777778,-0.2777777777777778
Kobe Brown,47,59,0.0,0.0,47.0,59.0,,0.7966101694915254,
Kobe Bufkin,11,12,,,,,,,
Kobe Sanders,57,69,6.0,8.0,51.0,61.0,0.75,0.8360655737704918,-0.08606557377049184
Koby Brea,2,2,,,,,,,
Kon Knueppel,195,226,14.0,15.0,181.0,211.0,0.9333333333333333,0.8578199052132701,0.07551342812006323
Kris Dunn,62,81,3.0,3.0,59.0,78.0,1.0,0.7564102564102564,0.2435897435897436
Kris Murray,39,57,2.0,5.0,37.0,52.0,0.4,0.7115384615384616,-0.31153846153846154
Kristaps Porziņģis,133,158,8.0,9.0,125.0,149.0,0.8888888888888888,0.8389261744966443,0.049962714392244534
Kyle Anderson,48,68,1.0,1.0,47.0,67.0,1.0,0.7014925373134329,0.29850746268656714
Kyle Filipowski,159,212,11.0,14.0,148.0,198.0,0.7857142857142857,0.7474747474747475,0.038239538239538184
Kyle Kuzma,135,186,3.0,5.0,132.0,181.0,0.6,0.7292817679558011,-0.12928176795580115
Kyle Lowry,5,6,0.0,0.0,5.0,6.0,,0.8333333333333334,
Kyshawn George,105,131,14.0,19.0,91.0,112.0,0.7368421052631579,0.8125,-0.07565789473684215
LJ Cryer,17,19,3.0,4.0,14.0,15.0,0.75,0.9333333333333333,-0.18333333333333335
LaMelo Ball,161,179,6.0,8.0,155.0,171.0,0.75,0.9064327485380117,-0.1564327485380117
Lachlan Olbrich,15,40,,,,,,,
Landry Shamet,54,76,6.0,12.0,48.0,64.0,0.5,0.75,-0.25
Larry Nance Jr.,6,13,0.0,0.0,6.0,13.0,,0.46153846153846156,
Lauri Markkanen,240,268,13.0,16.0,227.0,252.0,0.8125,0.9007936507936508,-0.08829365079365081
Lawson Lovering,2,5,1.0,2.0,1.0,3.0,0.5,0.3333333333333333,0.16666666666666669
LeBron James,233,316,10.0,15.0,223.0,301.0,0.6666666666666666,0.7408637873754153,-0.07419712070874862
Leaky Black,7,8,0.0,0.0,7.0,8.0,,0.875,
Leonard Miller,39,53,1.0,2.0,38.0,51.0,0.5,0.7450980392156863,-0.2450980392156863
Liam McNeeley,32,39,0.0,0.0,32.0,39.0,,0.8205128205128205,
Lindy Waters III,2,3,,,,,,,
Lonzo Ball,14,21,3.0,4.0,11.0,17.0,0.75,0.6470588235294118,0.1029411764705882
Lucas Williamson,8,8,,,,,,,
Luguentz Dort,44,58,5.0,6.0,39.0,52.0,0.8333333333333334,0.75,0.08333333333333337
Luka Dončić,503,645,19.0,21.0,484.0,624.0,0.9047619047619048,0.7756410256410257,0.1291208791208791
Luka Garza,90,117,0.0,0.0,90.0,117.0,,0.7692307692307693,
Luke Kennard,63,69,5.0,5.0,58.0,64.0,1.0,0.90625,0.09375
Luke Kornet,94,114,7.0,9.0,87.0,105.0,0.7777777777777778,0.8285714285714286,-0.050793650793650835
Luke Travers,9,9,,,,,,,
Mac McClung,14,18,0.0,0.0,14.0,18.0,,0.7777777777777778,
Malachi Smith,8,8,0.0,0.0,8.0,8.0,,1.0,
Malaki Branham,28,34,0.0,0.0,28.0,34.0,,0.8235294117647058,
Malevy Leons,15,19,2.0,2.0,13.0,17.0,1.0,0.7647058823529411,0.23529411764705888
Malik Monk,94,107,10.0,10.0,84.0,97.0,1.0,0.865979381443299,0.134020618556701
MarJon Beauchamp,13,19,,,,,,,
Marcus Sasser,15,18,0.0,0.0,15.0,18.0,,0.8333333333333334,
Marcus Smart,106,129,7.0,10.0,99.0,119.0,0.7,0.8319327731092437,-0.13193277310924378
Mark Sears,6,8,,,,,,,
Mark Williams,135,175,12.0,15.0,123.0,160.0,0.8,0.76875,0.03125
Markelle Fultz,0,0,,,,,,,
Marvin Bagley III,95,144,0.0,0.0,95.0,144.0,,0.6597222222222222,
Mason Plumlee,9,14,0.0,0.0,9.0,14.0,,0.6428571428571429,
Matas Buzelis,187,238,11.0,16.0,176.0,222.0,0.6875,0.7927927927927928,-0.1052927927927928
Matisse Thybulle,21,25,0.0,0.0,21.0,25.0,,0.84,
Max Christie,125,139,11.0,12.0,114.0,127.0,0.9166666666666666,0.8976377952755905,0.01902887139107612
Max Shulga,2,2,,,,,,,
Max Strus,7,9,0.0,0.0,7.0,9.0,,0.7777777777777778,
Maxi Kleber,14,26,0.0,0.0,14.0,26.0,,0.5384615384615384,
Maxime Raynaud,132,168,7.0,10.0,125.0,158.0,0.7,0.7911392405063291,-0.09113924050632916
Micah Peavy,15,21,0.0,0.0,15.0,21.0,,0.7142857142857143,
Micah Potter,85,101,5.0,6.0,80.0,95.0,0.8333333333333334,0.8421052631578947,-0.00877192982456132
Michael Porter Jr.,195,227,11.0,11.0,184.0,216.0,1.0,0.8518518518518519,0.14814814814814814
Mikal Bridges,81,98,2.0,2.0,79.0,96.0,1.0,0.8229166666666666,0.17708333333333337
Mike Conley,45,50,5.0,5.0,40.0,45.0,1.0,0.8888888888888888,0.11111111111111116
Miles Bridges,208,253,21.0,23.0,187.0,230.0,0.9130434782608695,0.8130434782608695,0.09999999999999998
Miles Kelly,1,1,,,,,,,
Miles McBride,37,47,6.0,6.0,31.0,41.0,1.0,0.7560975609756098,0.24390243902439024
Mitchell Robinson,42,103,0.0,4.0,42.0,99.0,0.0,0.42424242424242425,-0.42424242424242425
Mo Bamba,0,0,0.0,0.0,0.0,0.0,,,
Mohamed Diawara,18,24,0.0,0.0,18.0,24.0,,0.75,
Monte Morris,2,4,,,,,,,
Moritz Wagner,59,72,0.0,0.0,59.0,72.0,,0.8194444444444444,
Moses Moody,87,113,2.0,3.0,85.0,110.0,0.6666666666666666,0.7727272727272727,-0.10606060606060608
Mouhamadou Gueye,3,4,,,,,,,
Mouhamed Gueye,40,62,0.0,0.0,40.0,62.0,,0.6451612903225806,
Moussa Cisse,38,81,0.0,0.0,38.0,81.0,,0.4691358024691358,
Moussa Diabaté,116,176,3.0,4.0,113.0,172.0,0.75,0.6569767441860465,0.09302325581395354
Myles Turner,131,177,3.0,4.0,128.0,173.0,0.75,0.7398843930635838,0.010115606936416222
Myron Gardner,19,26,,,,,,,
N'Faly Dante,1,1,,,,,,,
Nae'Qwan Tomlin,47,61,0.0,0.0,47.0,61.0,,0.7704918032786885,
Naji Marshall,228,300,19.0,29.0,209.0,271.0,0.6551724137931034,0.7712177121771218,-0.11604529838401834
Nate Williams,13,15,0.0,0.0,13.0,15.0,,0.8666666666666667,
Naz Reid,90,123,1.0,2.0,89.0,121.0,0.5,0.7355371900826446,-0.23553719008264462
Neemias Queta,123,175,9.0,12.0,114.0,163.0,0.75,0.6993865030674846,0.05061349693251538
Nic Claxton,141,229,2.0,2.0,139.0,227.0,1.0,0.6123348017621145,0.3876651982378855
Nick Richards,65,101,1.0,2.0,64.0,99.0,0.5,0.6464646464646465,-0.14646464646464652
Nick Smith Jr.,11,15,0.0,0.0,11.0,15.0,,0.7333333333333333,
Nickeil Alexander-Walker,277,307,22.0,27.0,255.0,280.0,0.8148148148148148,0.9107142857142857,-0.09589947089947093
Nicolas Batum,9,11,0.0,0.0,9.0,11.0,,0.8181818181818182,
Nigel Hayes-Davis,2,4,0.0,0.0,2.0,4.0,,0.5,
Nikola Jokić,399,480,59.0,72.0,340.0,408.0,0.8194444444444444,0.8333333333333334,-0.01388888888888895
Nikola Jović,69,101,1.0,1.0,68.0,100.0,1.0,0.68,0.31999999999999995
Nikola Topić,2,5,,,,,,,
Nikola Vučević,77,93,5.0,6.0,72.0,87.0,0.8333333333333334,0.8275862068965517,0.005747126436781658
Nique Clifford,70,97,5.0,6.0,65.0,91.0,0.8333333333333334,0.7142857142857143,0.11904761904761907
Noa Essengue,0,0,,,,,,,
Noah Clowney,180,224,7.0,8.0,173.0,216.0,0.875,0.8009259259259259,0.07407407407407407
Noah Penda,33,48,0.0,0.0,33.0,48.0,,0.6875,
Nolan Traore,74,94,9.0,10.0,65.0,84.0,0.9,0.7738095238095238,0.1261904761904762
Norchad Omier,3,3,,,,,,,
Norman Powell,263,318,21.0,24.0,242.0,294.0,0.875,0.8231292517006803,0.0518707482993197
OG Anunoby,183,221,21.0,24.0,162.0,197.0,0.875,0.8223350253807107,0.05266497461928932
Obi Toppin,42,46,0.0,0.0,42.0,46.0,,0.9130434782608695,
Ochai Agbaji,36,43,2.0,2.0,34.0,41.0,1.0,0.8292682926829268,0.1707317073170732
Olivier Sarr,2,5,,,,,,,
Olivier-Maxence Prosper,86,114,2.0,2.0,84.0,112.0,1.0,0.75,0.25
Omer Yurtseven,12,18,0.0,0.0,12.0,18.0,,0.6666666666666666,
Onyeka Okongwu,153,202,5.0,6.0,148.0,196.0,0.8333333333333334,0.7551020408163265,0.07823129251700689
Orlando Robinson,0,0,,,,,,,
Oscar Tshiebwe,27,49,0.0,0.0,27.0,49.0,,0.5510204081632653,
Oso Ighodaro,53,117,0.0,4.0,53.0,113.0,0.0,0.4690265486725664,-0.4690265486725664
Ousmane Dieng,32,45,1.0,1.0,31.0,44.0,1.0,0.7045454545454546,0.2954545454545454
P.J. Washington,125,182,14.0,20.0,111.0,162.0,0.7,0.6851851851851852,0.014814814814814725
PJ Hall,23,29,3.0,4.0,20.0,25.0,0.75,0.8,-0.050000000000000044
Pacôme Dadiet,9,11,,,,,,,
Paolo Banchero,457,590,28.0,36.0,429.0,554.0,0.7777777777777778,0.7743682310469314,0.003409546730846369
Pascal Siakam,262,378,12.0,22.0,250.0,356.0,0.5454545454545454,0.702247191011236,-0.1567926455566906
Pat Connaughton,13,20,0.0,0.0,13.0,20.0,,0.65,
Pat Spencer,44,57,2.0,2.0,42.0,55.0,1.0,0.7636363636363637,0.23636363636363633
Patrick Baldwin Jr.,5,7,0.0,0.0,5.0,7.0,,0.7142857142857143,
Patrick Williams,54,75,0.0,0.0,54.0,75.0,,0.72,
Paul George,91,111,8.0,9.0,83.0,102.0,0.8888888888888888,0.8137254901960784,0.07516339869281041
Paul Reed,73,110,4.0,8.0,69.0,102.0,0.5,0.6764705882352942,-0.17647058823529416
Payton Pritchard,121,136,12.0,12.0,109.0,124.0,1.0,0.8790322580645161,0.12096774193548387
Payton Sandfort,2,4,,,,,,,
Pelle Larsson,184,231,5.0,8.0,179.0,223.0,0.625,0.8026905829596412,-0.17769058295964124
Pete Nance,4,11,0.0,0.0,4.0,11.0,,0.36363636363636365,
Peyton Watson,138,189,9.0,13.0,129.0,176.0,0.6923076923076923,0.7329545454545454,-0.040646853146853124
Precious Achiuwa,77,139,0.0,0.0,77.0,139.0,,0.5539568345323741,
Quentin Grimes,199,237,22.0,24.0,177.0,213.0,0.9166666666666666,0.8309859154929577,0.08568075117370888
Quenton Jackson,98,119,3.0,4.0,95.0,115.0,0.75,0.8260869565217391,-0.07608695652173914
Quinten Post,34,43,0.0,0.0,34.0,43.0,,0.7906976744186046,
RJ Barrett,200,279,4.0,5.0,196.0,274.0,0.8,0.7153284671532847,0.08467153284671536
Rasheer Fleming,19,34,0.0,2.0,19.0,32.0,0.0,0.59375,-0.59375
RayJ Dennis,8,9,1.0,2.0,7.0,7.0,0.5,1.0,-0.5
Rayan Rupert,42,54,0.0,0.0,42.0,54.0,,0.7777777777777778,
Reed Sheppard,69,86,9.0,15.0,60.0,71.0,0.6,0.8450704225352113,-0.24507042253521127
Riley Minix,3,3,,,,,,,
Rob Dillingham,41,55,0.0,0.0,41.0,55.0,,0.7454545454545455,
Robert Williams III,34,57,3.0,4.0,31.0,53.0,0.75,0.5849056603773585,0.16509433962264153
Rocco Zikarsky,0,0,,,,,,,
Ron Harper Jr.,3,4,0.0,0.0,3.0,4.0,,0.75,
Ronald Holland II,120,149,4.0,7.0,116.0,142.0,0.5714285714285714,0.8169014084507042,-0.24547283702213285
Royce O'Neale,27,38,4.0,4.0,23.0,34.0,1.0,0.6764705882352942,0.32352941176470584
Rudy Gobert,159,302,7.0,13.0,152.0,289.0,0.5384615384615384,0.5259515570934256,0.012509981368112877
Rui Hachimura,50,72,2.0,3.0,48.0,69.0,0.6666666666666666,0.6956521739130435,-0.02898550724637683
Russell Westbrook,127,183,5.0,6.0,122.0,177.0,0.8333333333333334,0.6892655367231638,0.14406779661016955
Ryan Dunn,23,47,0.0,0.0,23.0,47.0,,0.48936170212765956,
Ryan Kalkbrenner,83,116,0.0,0.0,83.0,116.0,,0.7155172413793104,
Ryan Nembhard,25,31,0.0,0.0,25.0,31.0,,0.8064516129032258,
Ryan Rollins,125,157,14.0,21.0,111.0,136.0,0.6666666666666666,0.8161764705882353,-0.14950980392156865
Saddiq Bey,248,295,24.0,27.0,224.0,268.0,0.8888888888888888,0.835820895522388,0.05306799336650081
Sam Hauser,17,20,2.0,2.0,15.0,18.0,1.0,0.8333333333333334,0.16666666666666663
Sam Merrill,59,69,7.0,7.0,52.0,62.0,1.0,0.8387096774193549,0.16129032258064513
Sandro Mamukelashvili,118,158,1.0,1.0,117.0,157.0,1.0,0.7452229299363057,0.2547770700636943
Santi Aldama,76,114,2.0,3.0,74.0,111.0,0.6666666666666666,0.6666666666666666,0.0
Scoot Henderson,84,100,0.0,1.0,84.0,99.0,0.0,0.8484848484848485,-0.8484848484848485
Scottie Barnes,242,297,20.0,25.0,222.0,272.0,0.8,0.8161764705882353,-0.016176470588235237
Scotty Pippen Jr.,18,23,0.0,0.0,18.0,23.0,,0.782608695652174,
Sean Pedulla,0,0,,,,,,,
Seth Curry,11,12,3.0,4.0,8.0,8.0,0.75,1.0,-0.25
Shaedon Sharpe,155,197,19.0,25.0,136.0,172.0,0.76,0.7906976744186046,-0.030697674418604604
Shai Gilgeous-Alexander,540,614,58.0,68.0,482.0,546.0,0.8529411764705882,0.8827838827838828,-0.029842706313294554
Sharife Cooper,50,60,2.0,3.0,48.0,57.0,0.6666666666666666,0.8421052631578947,-0.17543859649122806
Sidy Cissoko,58,88,3.0,3.0,55.0,85.0,1.0,0.6470588235294118,0.3529411764705882
Simone Fontecchio,86,102,0.0,0.0,86.0,102.0,,0.8431372549019608,
Sion James,82,98,2.0,2.0,80.0,96.0,1.0,0.8333333333333334,0.16666666666666663
Skal Labissiere,0,0,0.0,0.0,0.0,0.0,,,
Spencer Jones,31,51,3.0,4.0,28.0,47.0,0.75,0.5957446808510638,0.1542553191489362
Stanley Umude,0,0,,,,,,,
Stephen Curry,204,221,14.0,16.0,190.0,205.0,0.875,0.926829268292683,-0.05182926829268297
Stephon Castle,282,384,11.0,15.0,271.0,369.0,0.7333333333333333,0.7344173441734417,-0.0010840108401084514
Steven Adams,47,81,1.0,2.0,46.0,79.0,0.5,0.5822784810126582,-0.08227848101265822
Svi Mykhailiuk,25,28,0.0,0.0,25.0,28.0,,0.8928571428571429,
T.J. McConnell,25,29,0.0,0.0,25.0,29.0,,0.8620689655172413,
Taelon Peter,10,16,0.0,0.0,10.0,16.0,,0.625,
Taj Gibson,7,8,,,,,,,
Tari Eason,52,67,1.0,2.0,51.0,65.0,0.5,0.7846153846153846,-0.2846153846153846
Taurean Prince,6,6,0.0,0.0,6.0,6.0,,1.0,
Taylor Hendricks,49,72,0.0,0.0,49.0,72.0,,0.6805555555555556,
Terance Mann,63,80,5.0,5.0,58.0,75.0,1.0,0.7733333333333333,0.22666666666666668
Terrence Shannon Jr.,42,52,0.0,0.0,42.0,52.0,,0.8076923076923077,
Thanasis Antetokounmpo,17,30,,,,,,,
Thomas Bryant,53,66,0.0,0.0,53.0,66.0,,0.803030303030303,
Tidjane Salaün,26,40,2.0,2.0,24.0,38.0,1.0,0.631578947368421,0.368421052631579
Tim Hardaway Jr.,159,196,4.0,4.0,155.0,192.0,1.0,0.8072916666666666,0.19270833333333337
Tobias Harris,136,157,7.0,7.0,129.0,150.0,1.0,0.86,0.14
Toby Okani,1,8,,,,,,,
Tolu Smith,20,30,0.0,0.0,20.0,30.0,,0.6666666666666666,
Tony Bradley,32,43,0.0,0.0,32.0,43.0,,0.7441860465116279,
Tosan Evbuomwan,0,0,,,,,,,
Toumani Camara,97,137,8.0,8.0,89.0,129.0,1.0,0.689922480620155,0.31007751937984496
Trae Young,80,97,10.0,10.0,70.0,87.0,1.0,0.8045977011494253,0.1954022988505747
Trayce Jackson-Davis,38,74,1.0,1.0,37.0,73.0,1.0,0.5068493150684932,0.4931506849315068
Tre Johnson,76,87,1.0,2.0,75.0,85.0,0.5,0.8823529411764706,-0.38235294117647056
Tre Jones,191,227,20.0,24.0,171.0,203.0,0.8333333333333334,0.8423645320197044,-0.009031198686371034
Tre Mann,23,27,0.0,0.0,23.0,27.0,,0.8518518518518519,
Trendon Watford,60,77,2.0,2.0,58.0,75.0,1.0,0.7733333333333333,0.22666666666666668
Trentyn Flowers,0,0,,,,,,,
Trevon Scott,4,6,0.0,0.0,4.0,6.0,,0.6666666666666666,
Trevor Keels,0,0,,,,,,,
Trey Alexander,2,2,0.0,0.0,2.0,2.0,,1.0,
Trey Jemison III,1,1,0.0,0.0,1.0,1.0,,1.0,
Trey Murphy III,218,246,20.0,21.0,198.0,225.0,0.9523809523809523,0.88,0.07238095238095232
Tristan Enaruna,6,8,,,,,,,
Tristan Vukcevic,87,111,0.0,0.0,87.0,111.0,,0.7837837837837838,
Tristan da Silva,84,95,6.0,7.0,78.0,88.0,0.8571428571428571,0.8863636363636364,-0.02922077922077926
Tristen Newton,2,3,,,,,,,
Ty Jerome,49,56,0.0,0.0,49.0,56.0,,0.875,
TyTy Washington Jr.,0,0,,,,,,,
Tyler Burton,23,27,0.0,0.0,23.0,27.0,,0.8518518518518519,
Tyler Herro,99,108,4.0,4.0,95.0,104.0,1.0,0.9134615384615384,0.08653846153846156
Tyler Kolek,14,20,0.0,0.0,14.0,20.0,,0.7,
Tyler Smith,4,6,0.0,0.0,4.0,6.0,,0.6666666666666666,
Tyrese Martin,19,28,0.0,0.0,19.0,28.0,,0.6785714285714286,
Tyrese Maxey,372,417,44.0,51.0,328.0,366.0,0.8627450980392157,0.8961748633879781,-0.03342976534876241
Tyrese Proctor,40,45,0.0,0.0,40.0,45.0,,0.8888888888888888,
Tyson Etienne,30,36,0.0,0.0,30.0,36.0,,0.8333333333333334,
Tyus Jones,7,9,0.0,0.0,7.0,9.0,,0.7777777777777778,
VJ Edgecombe,148,181,7.0,11.0,141.0,170.0,0.6363636363636364,0.8294117647058824,-0.19304812834224605
Victor Wembanyama,372,450,24.0,38.0,348.0,412.0,0.631578947368421,0.8446601941747572,-0.21308124680633622
Vince Williams Jr.,39,50,4.0,5.0,35.0,45.0,0.8,0.7777777777777778,0.022222222222222254
Vladislav Goldin,1,1,,,,,,,
Vít Krejčí,38,51,0.0,0.0,38.0,51.0,,0.7450980392156863,
Walker Kessler,14,20,2.0,2.0,12.0,18.0,1.0,0.6666666666666666,0.33333333333333337
Walter Clayton Jr.,109,121,0.0,0.0,109.0,121.0,,0.9008264462809917,
Wendell Carter Jr.,198,250,30.0,39.0,168.0,211.0,0.7692307692307693,0.7962085308056872,-0.026977761574917936
Wendell Moore Jr.,2,2,0.0,0.0,2.0,2.0,,1.0,
Will Richard,46,54,1.0,1.0,45.0,53.0,1.0,0.8490566037735849,0.15094339622641506
Will Riley,144,180,2.0,2.0,142.0,178.0,1.0,0.797752808988764,0.202247191011236
Xavier Tillman,1,4,0.0,0.0,1.0,4.0,,0.25,
Yang Hansen,28,34,,,,,,,
Yanic Konan Niederhäuser,47,62,0.0,0.0,47.0,62.0,,0.7580645161290323,
Yuki Kawamura,17,19,0.0,0.0,17.0,19.0,,0.8947368421052632,
Yves Missi,57,102,2.0,2.0,55.0,100.0,1.0,0.55,0.44999999999999996
Zaccharie Risacher,58,90,0.0,2.0,58.0,88.0,0.0,0.6590909090909091,-0.6590909090909091
Zach Collins,14,20,0.0,0.0,14.0,20.0,,0.7,
Zach Edey,25,32,1.0,1.0,24.0,31.0,1.0,0.7741935483870968,0.22580645161290325
Zach LaVine,125,142,4.0,4.0,121.0,138.0,1.0,0.8768115942028986,0.12318840579710144
Zeke Nnaji,34,44,1.0,1.0,33.0,43.0,1.0,0.7674418604651163,0.2325581395348837
Ziaire Williams,119,140,4.0,4.0,115.0,136.0,1.0,0.8455882352941176,0.15441176470588236
Zion Williamson,333,465,25.0,32.0,308.0,433.0,0.78125,0.7113163972286374,0.06993360277136262
Zyon Pullin,2,2,,,,,,,
