personId,name,n_away,ppg_away,n_home,ppg_home,ppg_diff,gmsc_away,gmsc_home,gmsc_diff,g_total,ppg_total
2544,LeBron James,30,21.2,30,20.666666666666668,-0.5333333333333314,18.18666666666667,17.9,-0.2866666666666724,60,20.933333333333334
101108,Chris Paul,9,3.3333333333333335,7,2.4285714285714284,-0.9047619047619051,3.1888888888888887,2.7999999999999994,-0.3888888888888893,16,2.9375
200768,Kyle Lowry,9,1.3333333333333333,5,1,-0.33333333333333326,0.9666666666666668,-0.2799999999999999,-1.2466666666666666,14,1.2142857142857142
201142,Kevin Durant,38,27.5,40,24.525,-2.9750000000000014,20.660526315789472,18.849999999999998,-1.810526315789474,78,25.974358974358974
201143,Al Horford,22,6.545454545454546,23,9.91304347826087,3.3675889328063233,6.081818181818181,10.121739130434781,4.0399209486166,45,8.266666666666667
201144,Mike Conley,29,4.275862068965517,25,4.84,0.564137931034483,3.7344827586206897,5.4079999999999995,1.6735172413793098,54,4.537037037037037
201145,Jeff Green,12,2.3333333333333335,18,2.1666666666666665,-0.16666666666666696,1.6500000000000004,1.1166666666666667,-0.5333333333333337,30,2.2333333333333334
201566,Russell Westbrook,29,14.482758620689655,35,15.742857142857142,1.2600985221674872,11.282758620689657,12.44285714285714,1.1600985221674822,64,15.171875
201567,Kevin Love,16,6,21,7.238095238095238,1.2380952380952381,6.024999999999999,6.819047619047617,0.7940476190476184,37,6.702702702702703
201569,Eric Gordon,1,0,5,6.6,6.6,0,5.26,5.26,6,5.5
201572,Brook Lopez,37,8.216216216216216,38,8.68421052631579,0.4679943100995736,6.270270270270269,6.844736842105264,0.5744665718349946,75,8.453333333333333
201587,Nicolas Batum,36,3.9444444444444446,38,3.973684210526316,0.029239766081871288,3.283333333333333,3.7131578947368413,0.4298245614035081,74,3.9594594594594597
201599,DeAndre Jordan,7,4.142857142857143,5,4.8,0.6571428571428566,5.471428571428571,6.959999999999999,1.4885714285714284,12,4.416666666666667
201935,James Harden,37,25.135135135135137,33,21.87878787878788,-3.256347256347258,20.18918918918919,18.024242424242424,-2.164946764946766,70,23.6
201939,Stephen Curry,20,28.3,23,25.043478260869566,-3.2565217391304344,20.165,18.573913043478264,-1.5910869565217354,43,26.558139534883722
201942,DeMar DeRozan,38,18.81578947368421,39,18.05128205128205,-0.7645074224021577,14.844736842105263,14.658974358974357,-0.18576248313090638,77,18.428571428571427
201950,Jrue Holiday,27,16.88888888888889,26,15.73076923076923,-1.1581196581196593,13.666666666666666,12.661538461538463,-1.0051282051282033,53,16.32075471698113
201959,Taj Gibson,7,2.5714285714285716,3,5.333333333333333,2.7619047619047614,2.314285714285714,5.599999999999999,3.2857142857142847,10,3.4
202066,Garrett Temple,12,0.5833333333333334,10,1,0.41666666666666663,0.2333333333333333,0.9499999999999998,0.7166666666666666,22,0.7727272727272727
202331,Paul George,18,18.38888888888889,19,16.31578947368421,-2.0730994152046804,13.377777777777778,13.610526315789471,0.23274853801169293,37,17.324324324324323
202685,Jonas Valanciunas,33,8.333333333333334,32,9.125,0.7916666666666661,7.163636363636364,7.656250000000001,0.49261363636363686,65,8.723076923076922
202687,Bismack Biyombo,12,0.9166666666666666,13,0.9230769230769231,0.0064102564102564985,0.3499999999999999,0.8461538461538461,0.4961538461538462,25,0.92
202691,Klay Thompson,32,12.0625,37,11.45945945945946,-0.6030405405405403,7.187500000000003,6.894594594594595,-0.2929054054054081,69,11.73913043478261
202695,Kawhi Leonard,31,25.096774193548388,34,30.441176470588236,5.344402277039848,20.2258064516129,24.535294117647055,4.309487666034155,65,27.892307692307693
202696,Nikola Vucevic,28,14.357142857142858,36,15.63888888888889,1.2817460317460316,12.489285714285716,13.869444444444444,1.380158730158728,64,15.078125
202699,Tobias Harris,34,13.823529411764707,29,12.620689655172415,-1.202839756592292,11.764705882352942,9.968965517241378,-1.7957403651115644,63,13.26984126984127
202710,Jimmy Butler III,17,21.470588235294116,21,18.80952380952381,-2.6610644257703058,20.411764705882348,18.1047619047619,-2.307002801120447,38,20
203076,Anthony Davis,8,18.5,12,21.583333333333332,3.083333333333332,15.5875,18.741666666666664,3.1541666666666632,20,20.35
203078,Bradley Beal,2,5,4,9.75,4.75,-2.5999999999999996,6.175,8.774999999999999,6,8.166666666666666
203083,Andre Drummond,32,6.03125,31,6.774193548387097,0.742943548387097,7.221875000000002,7.874193548387097,0.652318548387095,63,6.396825396825397
203084,Harrison Barnes,42,9.19047619047619,36,10.88888888888889,1.6984126984126995,7.495238095238094,8.702777777777776,1.2075396825396814,78,9.974358974358974
203110,Draymond Green,33,8.484848484848484,35,8.285714285714286,-0.19913419913419794,7.6000000000000005,7.879999999999999,0.2799999999999985,68,8.382352941176471
203114,Khris Middleton,32,10.84375,31,9.451612903225806,-1.392137096774194,7.328124999999999,6.648387096774195,-0.6797379032258037,63,10.158730158730158
203468,CJ McCollum,35,17.6,41,19.70731707317073,2.10731707317073,12.497142857142858,13.868292682926826,1.3711498257839683,76,18.736842105263158
203471,Dennis Schroder,39,11.76923076923077,31,9.580645161290322,-2.188585607940448,9.333333333333334,7.864516129032259,-1.4688172043010752,70,10.8
203482,Kelly Olynyk,26,3.4615384615384617,15,2.8666666666666667,-0.594871794871795,3.2307692307692304,2.6933333333333334,-0.537435897435897,41,3.2439024390243905
203484,Kentavious Caldwell-Pope,26,8.576923076923077,25,8.2,-0.37692307692307736,6.349999999999999,6.860000000000001,0.5100000000000025,51,8.392156862745098
203486,Mason Plumlee,11,2.272727272727273,9,0.6666666666666666,-1.6060606060606064,3.181818181818181,1.833333333333333,-1.3484848484848482,20,1.55
203497,Rudy Gobert,37,10.297297297297296,39,11.487179487179487,1.1898821898821907,12.65135135135135,13.435897435897433,0.7845460845460828,76,10.907894736842104
203500,Steven Adams,16,5.6875,16,6,0.3125,7.731249999999998,8.362499999999999,0.6312500000000005,32,5.84375
203501,Tim Hardaway Jr.,39,13.923076923076923,41,13.073170731707316,-0.8499061913696071,9.758974358974358,9.456097560975612,-0.3028767979987457,80,13.4875
203507,Giannis Antetokounmpo,17,27.941176470588236,19,27.263157894736842,-0.678018575851393,24.423529411764704,23.252631578947366,-1.1708978328173387,36,27.583333333333332
203552,Seth Curry,4,4.75,6,8.666666666666666,3.916666666666666,4.025,6.7,2.675,10,7.1
203648,Thanasis Antetokounmpo,15,1.7333333333333334,19,1.105263157894737,-0.6280701754385964,1.9200000000000002,1.0999999999999999,-0.8200000000000003,34,1.3823529411764706
203897,Zach LaVine,20,20.45,19,17.842105263157894,-2.6078947368421055,13.094999999999999,11.984210526315787,-1.1107894736842123,39,19.17948717948718
203903,Jordan Clarkson,39,8.35897435897436,34,9.147058823529411,0.7880844645550518,5.05897435897436,6.1382352941176475,1.0792609351432878,73,8.726027397260275
203914,Gary Harris,27,2.3333333333333335,21,3.0952380952380953,0.7619047619047619,2.0851851851851855,3.3523809523809525,1.267195767195767,48,2.6666666666666665
203924,Jerami Grant,31,17.903225806451612,26,19.423076923076923,1.5198511166253112,12.13225806451613,13.057692307692305,0.9254342431761753,57,18.596491228070175
203926,Doug McDermott,14,6.642857142857143,15,4.733333333333333,-1.9095238095238098,4.171428571428572,2.893333333333333,-1.2780952380952386,29,5.655172413793103
203932,Aaron Gordon,17,17.823529411764707,19,14.68421052631579,-3.139318885448917,14.088235294117645,12.810526315789474,-1.277708978328171,36,16.166666666666668
203935,Marcus Smart,31,9.419354838709678,31,9.258064516129032,-0.1612903225806459,6.429032258064516,8.203225806451613,1.774193548387097,62,9.338709677419354
203937,Kyle Anderson,25,7.36,18,4.555555555555555,-2.804444444444445,8.283999999999999,4.894444444444443,-3.389555555555556,43,6.186046511627907
203939,Dwight Powell,33,2.4545454545454546,30,4.3,1.8454545454545452,3.1787878787878783,5.479999999999999,2.3012121212121204,63,3.3333333333333335
203944,Julius Randle,39,21,40,21.2,0.1999999999999993,16.58717948717949,16.285000000000004,-0.30217948717948673,79,21.10126582278481
203952,Andrew Wiggins,34,15.029411764705882,34,15.705882352941176,0.6764705882352935,11.68235294117647,13.120588235294111,1.438235294117641,68,15.367647058823529
203954,Joel Embiid,17,25.941176470588236,21,27.61904761904762,1.677871148459385,19.176470588235297,21.819047619047623,2.642577030812326,38,26.86842105263158
203967,Dario Saric,2,0,3,1.6666666666666667,1.6666666666666667,-1.35,1.4333333333333333,2.783333333333333,5,1
203991,Clint Capela,38,3.6052631578947367,37,3.918918918918919,0.31365576102418213,5.060526315789473,4.7783783783783775,-0.28214793741109556,75,3.76
203992,Bogdan Bogdanovic,13,8.461538461538462,10,6.1,-2.361538461538462,5.753846153846153,3.3899999999999997,-2.3638461538461533,23,7.434782608695652
203994,Jusuf Nurkic,19,10.157894736842104,22,11.545454545454545,1.3875598086124405,10.510526315789477,12.190909090909093,1.6803827751196163,41,10.902439024390244
203999,Nikola Jokic,32,27.75,33,27.606060606060606,-0.14393939393939448,28.609374999999996,28.74848484848485,0.13910984848485342,65,27.676923076923078
204001,Kristaps Porzingis,19,16.210526315789473,13,17.307692307692307,1.097165991902834,12.757894736842104,12.907692307692306,0.14979757085020218,32,16.65625
204060,Joe Ingles,12,1.3333333333333333,15,1.6666666666666667,0.3333333333333335,1.758333333333333,1.9799999999999998,0.22166666666666668,27,1.5185185185185186
204456,T.J. McConnell,26,9.576923076923077,30,9.2,-0.37692307692307736,9.049999999999999,9.7,0.6500000000000004,56,9.375
1626145,Tyus Jones,33,3.787878787878788,34,2.176470588235294,-1.6114081996434941,4.53939393939394,1.9647058823529415,-2.5746880570409987,67,2.970149253731343
1626156,D'Angelo Russell,11,9,15,11,2,5.863636363636363,7.64,1.7763636363636364,26,10.153846153846153
1626157,Karl-Anthony Towns,39,20,37,20,0,16.96666666666667,17.28648648648649,0.3198198198198199,76,20
1626162,Kelly Oubre Jr.,27,13.518518518518519,23,14.782608695652174,1.2640901771336548,9.948148148148148,11.313043478260871,1.3648953301127236,50,14.1
1626164,Devin Booker,34,26.294117647058822,30,25.8,-0.4941176470588218,17.53823529411765,19.47666666666667,1.9384313725490188,64,26.0625
1626166,Cameron Payne,12,5.916666666666667,10,9.2,3.2833333333333323,4.733333333333334,8.4,3.666666666666666,22,7.409090909090909
1626167,Myles Turner,34,11.911764705882353,37,11.91891891891892,0.007154213036566048,8.92941176470588,10.11891891891892,1.1895071542130395,71,11.915492957746478
1626171,Bobby Portis,35,12.342857142857143,32,15.09375,2.7508928571428566,9.039999999999997,12.153125000000001,3.1131250000000037,67,13.656716417910447
1626172,Kevon Looney,9,3.5555555555555554,12,2.25,-1.3055555555555554,4.822222222222222,4.516666666666666,-0.30555555555555625,21,2.8095238095238093
1626181,Norman Powell,32,20.28125,26,23.53846153846154,3.25721153846154,13.290625000000002,16.823076923076925,3.5324519230769234,58,21.74137931034483
1626192,Pat Connaughton,24,2.75,18,2.4444444444444446,-0.30555555555555536,2.4875,2.066666666666667,-0.42083333333333295,42,2.619047619047619
1626204,Larry Nance Jr.,18,4.611111111111111,17,2.823529411764706,-1.7875816993464047,4.411111111111111,1.7235294117647055,-2.687581699346406,35,3.742857142857143
1626220,Royce O'Neale,39,9.435897435897436,39,10.179487179487179,0.7435897435897427,8.010256410256412,8.443589743589742,0.43333333333333,78,9.807692307692308
1627734,Domantas Sabonis,10,17.7,9,13.777777777777779,-3.9222222222222207,16.75,11.866666666666667,-4.883333333333333,19,15.842105263157896
1627739,Kris Dunn,41,8,41,6.536585365853658,-1.4634146341463419,7.848780487804877,7.041463414634146,-0.8073170731707311,82,7.2682926829268295
1627741,Buddy Hield,28,7.321428571428571,23,8.043478260869565,0.7220496894409933,5.042857142857144,6.265217391304349,1.2223602484472051,51,7.647058823529412
1627742,Brandon Ingram,39,19.58974358974359,38,23.44736842105263,3.857624831309039,13.73076923076923,16.873684210526317,3.1429149797570872,77,21.493506493506494
1627746,Skal Labissiere,0,NA,3,4.333333333333333,NA,NA,4.966666666666666,NA,3,4.333333333333333
1627747,Caris LeVert,29,7.655172413793103,31,7.129032258064516,-0.5261401557285872,5.868965517241377,5.4967741935483865,-0.37219132369299057,60,7.383333333333334
1627749,Dejounte Murray,8,15.875,6,17.833333333333332,1.9583333333333321,13.15,14.249999999999998,1.0999999999999979,14,16.714285714285715
1627750,Jamal Murray,38,27.05263157894737,37,23.7027027027027,-3.349928876244668,21.771052631578947,19.462162162162162,-2.3088904694167844,75,25.4
1627751,Jakob Poeltl,24,10.625,22,10.818181818181818,0.19318181818181834,10.891666666666666,10.945454545454545,0.053787878787879606,46,10.717391304347826
1627752,Taurean Prince,13,7.846153846153846,13,10.538461538461538,2.6923076923076925,5.015384615384614,7.892307692307692,2.8769230769230774,26,9.192307692307692
1627759,Jaylen Brown,33,29.575757575757574,38,27.94736842105263,-1.6283891547049443,20.075757575757578,19.371052631578944,-0.7047049441786335,71,28.704225352112676
1627780,Gary Payton II,37,7.108108108108108,36,7.888888888888889,0.7807807807807814,6.4837837837837835,7.797222222222221,1.3134384384384372,73,7.493150684931507
1627783,Pascal Siakam,31,25,31,22.903225806451612,-2.096774193548388,18.216129032258067,16.21935483870968,-1.9967741935483865,62,23.951612903225808
1627824,Guerschon Yabusele,31,4.903225806451613,36,6.138888888888889,1.2356630824372763,3.393548387096775,5.352777777777778,1.9592293906810028,67,5.567164179104478
1627826,Ivica Zubac,27,15.925925925925926,21,11.761904761904763,-4.164021164021163,14.86296296296296,11.585714285714285,-3.277248677248675,48,14.104166666666666
1627827,Dorian Finney-Smith,17,3.0588235294117645,20,3.55,0.4911764705882353,1.6882352941176468,2.9999999999999996,1.3117647058823527,37,3.324324324324324
1627884,Derrick Jones Jr.,20,10.25,30,9.966666666666667,-0.2833333333333332,8.564999999999998,8.57333333333333,0.00833333333333286,50,10.08
1627936,Alex Caruso,26,5.1923076923076925,30,7.1,1.9076923076923071,4.934615384615384,6.663333333333332,1.7287179487179483,56,6.214285714285714
1628365,Markelle Fultz,3,0.6666666666666666,2,1,0.33333333333333337,0.3333333333333333,-0.39999999999999997,-0.7333333333333333,5,0.8
1628366,Lonzo Ball,16,4.5625,19,4.578947368421052,0.01644736842105221,5.04375,5.421052631578948,0.3773026315789476,35,4.571428571428571
1628368,De'Aaron Fox,38,18.157894736842106,35,18.914285714285715,0.7563909774436084,14.378947368421048,15.122857142857148,0.7439097744360996,73,18.52054794520548
1628369,Jayson Tatum,7,23,9,20.77777777777778,-2.2222222222222214,17.52857142857143,16.82222222222222,-0.7063492063492092,16,21.75
1628370,Malik Monk,30,10.566666666666666,32,14.21875,3.6520833333333336,6.846666666666667,10.1125,3.265833333333334,62,12.451612903225806
1628371,Jonathan Isaac,24,2.875,28,2.3214285714285716,-0.5535714285714284,2.9250000000000003,2.721428571428571,-0.20357142857142918,52,2.576923076923077
1628374,Lauri Markkanen,23,25.608695652173914,19,28.105263157894736,2.4965675057208223,18.108695652173914,22.678947368421053,4.570251716247139,42,26.738095238095237
1628378,Donovan Mitchell,33,26.96969696969697,37,28.7027027027027,1.733005733005733,20.37575757575757,21.45135135135135,1.0755937755937772,70,27.885714285714286
1628379,Luke Kennard,39,9.102564102564102,39,7.615384615384615,-1.4871794871794872,8.041025641025643,6.915384615384617,-1.125641025641026,78,8.35897435897436
1628380,Zach Collins,4,12.25,6,8,-4.25,11.075,6.933333333333334,-4.141666666666666,10,9.7
1628381,John Collins,37,13.837837837837839,32,13.21875,-0.6190878378378386,10.316216216216217,11.006250000000001,0.6900337837837842,69,13.55072463768116
1628384,OG Anunoby,32,17.75,36,16.055555555555557,-1.6944444444444429,14.506250000000001,12.38888888888889,-2.117361111111112,68,16.852941176470587
1628386,Jarrett Allen,31,16.903225806451612,25,13.44,-3.4632258064516126,16.387096774193548,13.283999999999999,-3.103096774193549,56,15.357142857142858
1628389,Bam Adebayo,38,18.526315789473685,35,21.82857142857143,3.3022556390977442,15.410526315789472,18.25142857142857,2.8409022556390973,73,20.10958904109589
1628392,Isaiah Hartenstein,25,9.64,22,8.681818181818182,-0.9581818181818189,11.212,11.563636363636366,0.3516363636363664,47,9.191489361702128
1628396,Tony Bradley,19,5.2105263157894735,21,3,-2.2105263157894735,4.5052631578947375,2.761904761904762,-1.7433583959899757,40,4.05
1628398,Kyle Kuzma,34,12.558823529411764,35,13.4,0.8411764705882359,8.847058823529412,10.474285714285713,1.627226890756301,69,12.985507246376812
1628401,Derrick White,37,16.08108108108108,40,16.8,0.71891891891892,13.09189189189189,14.367499999999998,1.2756081081081074,77,16.454545454545453
1628404,Josh Hart,33,11.424242424242424,34,12.529411764705882,1.1051693404634584,11.084848484848486,12.62058823529412,1.535739750445634,67,11.985074626865671
1628415,Dillon Brooks,29,16.896551724137932,27,23.74074074074074,6.844189016602808,8.806896551724138,14.733333333333329,5.9264367816091905,56,20.196428571428573
1628418,Thomas Bryant,29,6.379310344827586,31,5.967741935483871,-0.4115684093437153,5.327586206896552,5.306451612903227,-0.021134593993324735,60,6.166666666666667
1628420,Monte Morris,5,3.4,1,1,-2.4,2.4799999999999995,0.8999999999999999,-1.5799999999999996,6,3
1628436,Luke Kornet,35,6.3428571428571425,34,6.9411764705882355,0.598319327731093,8.35142857142857,9.547058823529412,1.195630252100841,69,6.63768115942029
1628449,Chris Boucher,3,0,6,3.5,3.5,-0.03333333333333336,2.7999999999999994,2.8333333333333326,9,2.3333333333333335
1628467,Maxi Kleber,22,1.8636363636363635,21,2.142857142857143,0.27922077922077926,2.2545454545454544,1.7571428571428573,-0.49740259740259707,43,2
1628502,Nigel Hayes-Davis,11,2,16,0.75,-1.25,1.7909090909090908,0.11875000000000005,-1.6721590909090907,27,1.2592592592592593
1628960,Grayson Allen,26,15.153846153846153,25,17.88,2.7261538461538457,10.507692307692308,13.800000000000002,3.292307692307695,51,16.49019607843137
1628963,Marvin Bagley III,35,11.4,25,9.12,-2.280000000000001,11.025714285714283,8.504,-2.5217142857142836,60,10.45
1628964,Mo Bamba,2,5,2,0,-5,6.9,-0.25,-7.15,4,2.5
1628969,Mikal Bridges,42,15.619047619047619,41,13.073170731707316,-2.5458768873403024,13.519047619047617,11.490243902439024,-2.028803716608593,83,14.36144578313253
1628970,Miles Bridges,40,17.325,37,16.783783783783782,-0.54121621621621685,13.372499999999999,12.727027027027026,-0.6454729729729731,77,17.064935064935064
1628971,Bruce Brown,41,8.097560975609756,41,7.7317073170731705,-0.3658536585365857,7.341463414634145,6.121951219512196,-1.2195121951219487,82,7.914634146341464
1628973,Jalen Brunson,38,25.105263157894736,37,26.972972972972972,1.8677098150782356,17.86315789473684,19.867567567567566,2.0044096728307252,75,26.026666666666667
1628975,Jevon Carter,26,6.961538461538462,27,5.851851851851852,-1.1096866096866096,5.407692307692309,4.166666666666667,-1.241025641025642,53,6.39622641509434
1628976,Wendell Carter Jr.,38,11.81578947368421,40,11.825,0.00921052631578867,10.023684210526316,10.95,0.9263157894736835,78,11.820512820512821
1628978,Donte DiVincenzo,41,12.682926829268293,41,11.707317073170731,-0.9756097560975618,10.329268292682928,9.621951219512196,-0.7073170731707314,82,12.195121951219512
1628983,Shai Gilgeous-Alexander,31,31,37,31.243243243243242,0.2432432432432421,26.348387096774193,26.472972972972972,0.12458587619877903,68,31.13235294117647
1628988,Aaron Holiday,29,6.068965517241379,28,4.857142857142857,-1.2118226600985222,3.379310344827586,3.7678571428571432,0.3885467980295574,57,5.473684210526316
1628989,Kevin Huerter,35,9.2,34,10.911764705882353,1.711764705882354,7.297142857142856,8.82058823529412,1.523445378151263,69,10.043478260869565
1628991,Jaren Jackson Jr.,23,20.608695652173914,25,18.28,-2.328695652173913,13.68260869565217,12.828000000000001,-0.8546086956521695,48,19.395833333333332
1628997,Caleb Martin,29,3,29,4.827586206896552,1.8275862068965516,2.672413793103448,4.43103448275862,1.7586206896551722,58,3.913793103448276
1628998,Cody Martin,3,1.6666666666666667,1,2,0.33333333333333326,0.9666666666666665,2.1,1.1333333333333337,4,1.75
1629001,De'Anthony Melton,23,12.130434782608695,26,12.423076923076923,0.292642140468228,8.143478260869562,9.107692307692307,0.9642140468227449,49,12.285714285714286
1629004,Svi Mykhailiuk,25,8.96,25,9.8,0.8399999999999999,6.144,8.304,2.16,50,9.38
1629006,Josh Okogie,38,4.684210526315789,40,4.375,-0.3092105263157894,3.8289473684210527,4.289999999999999,0.4610526315789465,78,4.5256410256410255
1629008,Michael Porter Jr.,27,23.333333333333332,25,25.16,1.826666666666668,16.5037037037037,18.064000000000007,1.5602962962963076,52,24.21153846153846
1629011,Mitchell Robinson,30,5.166666666666667,31,6.096774193548387,0.93010752688172,8.453333333333331,9.54838709677419,1.095053763440859,61,5.639344262295082
1629012,Collin Sexton,33,16.78787878787879,35,14.17142857142857,-2.616450216450218,12.49393939393939,10.025714285714285,-2.4682251082251057,68,15.441176470588236
1629013,Landry Shamet,25,8.16,26,10.423076923076923,2.263076923076923,5.4639999999999995,7.773076923076923,2.3090769230769235,51,9.313725490196079
1629014,Anfernee Simons,28,15.5,27,13,-2.5,10.117857142857144,8.614814814814816,-1.5030423280423282,55,14.272727272727273
1629018,Gary Trent Jr.,33,7.515151515151516,32,8.78125,1.2660984848484844,3.748484848484849,5.6968749999999995,1.9483901515151505,65,8.138461538461538
1629020,Jarred Vanderbilt,34,4.176470588235294,31,4.709677419354839,0.5332068311195446,4.420588235294118,4.993548387096774,0.5729601518026559,65,4.430769230769231
1629021,Moritz Wagner,15,6.333333333333333,21,7.238095238095238,0.9047619047619051,4.1933333333333325,5.428571428571428,1.2352380952380955,36,6.861111111111111
1629023,P.J. Washington,30,14.533333333333333,26,13.73076923076923,-0.8025641025641033,11.376666666666665,10.096153846153847,-1.2805128205128185,56,14.160714285714286
1629026,Kenrich Williams,28,7,28,5.964285714285714,-1.0357142857142856,5.528571428571429,5.439285714285714,-0.0892857142857153,56,6.482142857142857
1629027,Trae Young,7,14.714285714285714,8,20.75,6.0357142857142865,12.957142857142859,17.099999999999998,4.142857142857139,15,17.933333333333334
1629028,Deandre Ayton,37,11.864864864864865,35,13.085714285714285,1.2208494208494205,10.940540540540539,12.705714285714286,1.7651737451737475,72,12.458333333333334
1629029,Luka Doncic,32,33.34375,32,33.625,0.28125,26.575,26.3,-0.2749999999999986,64,33.484375
1629048,Goga Bitadze,31,6.258064516129032,33,5.484848484848484,-0.7732160312805476,7.506451612903225,6.8575757575757565,-0.6488758553274687,64,5.859375
1629057,Robert Williams III,28,6.928571428571429,31,6.548387096774194,-0.3801843317972349,9.117857142857142,8.661290322580646,-0.4565668202764961,59,6.728813559322034
1629060,Rui Hachimura,31,12.064516129032258,37,10.972972972972974,-1.0915431560592843,9.116129032258065,7.710810810810811,-1.4053182214472546,68,11.470588235294118
1629111,Jock Landale,28,9.785714285714286,40,11.1,1.3142857142857132,8.664285714285715,9.904999999999996,1.2407142857142812,68,10.558823529411764
1629130,Duncan Robinson,38,10.473684210526315,39,13.871794871794872,3.398110661268557,7.671052631578948,10.202564102564098,2.5315114709851505,77,12.194805194805195
1629162,Jordan McLaughlin,22,2.1363636363636362,22,1.9090909090909092,-0.22727272727272707,1.8954545454545453,2.081818181818182,0.18636363636363673,44,2.022727272727273
1629216,Gabe Vincent,26,4.923076923076923,27,3.814814814814815,-1.1082621082621085,3.326923076923077,2.5629629629629624,-0.7639601139601147,53,4.3584905660377355
1629234,Drew Eubanks,22,5.363636363636363,20,5.05,-0.3136363636363635,4.799999999999999,3.939999999999999,-0.8599999999999999,42,5.214285714285714
1629312,Haywood Highsmith,5,7,2,1.5,-5.5,6.82,1.9,-4.92,7,5.428571428571429
1629599,Amir Coffey,20,2.15,26,4.076923076923077,1.9269230769230767,1.23,3.846153846153846,2.616153846153846,46,3.239130434782609
1629610,DaQuan Jeffries,3,10.333333333333334,0,NA,NA,7.966666666666666,NA,NA,3,10.333333333333334
1629611,Terance Mann,36,7.277777777777778,27,7.148148148148148,-0.12962962962962976,5.830555555555557,6.940740740740739,1.1101851851851823,63,7.222222222222222
1629614,Andrew Nembhard,27,16.51851851851852,30,17.333333333333332,0.8148148148148131,12.822222222222225,14.753333333333332,1.9311111111111074,57,16.94736842105263
1629618,Jalen Pickett,23,5.782608695652174,27,4.703703703703703,-1.0789049919484706,4.626086956521739,4.311111111111111,-0.3149758454106282,50,5.2
1629622,Max Strus,6,8,6,14.333333333333334,6.333333333333334,4.983333333333334,11.366666666666667,6.383333333333333,12,11.166666666666666
1629627,Zion Williamson,33,20.90909090909091,29,21.103448275862068,0.19435736677115756,17.13939393939394,17.54827586206897,0.4088819226750289,62,21
1629628,RJ Barrett,29,18.75862068965517,28,19.785714285714285,1.0270935960591139,13.386206896551721,14.614285714285714,1.2280788177339925,57,19.263157894736842
1629630,Ja Morant,7,17.571428571428573,13,20.46153846153846,2.890109890109887,12.62857142857143,15.06153846153846,2.4329670329670297,20,19.45
1629631,De'Andre Hunter,18,13.61111111111111,27,13.703703703703704,0.09259259259259345,9.122222222222224,8.170370370370371,-0.9518518518518526,45,13.666666666666666
1629632,Coby White,23,17.130434782608695,27,17.555555555555557,0.4251207729468618,11.004347826086958,12.085185185185184,1.0808373590982256,50,17.36
1629634,Brandon Clarke,1,6,1,2,-4,2.9000000000000004,3.3,0.39999999999999947,2,4
1629636,Darius Garland,19,18.736842105263158,26,18.807692307692307,0.07085020242914908,14.331578947368422,13.619230769230771,-0.7123481781376508,45,18.77777777777778
1629637,Jaxson Hayes,38,7.2368421052631575,28,7.928571428571429,0.6917293233082713,7.534210526315793,8.267857142857144,0.7336466165413515,66,7.53030303030303
1629638,Nickeil Alexander-Walker,39,20.897435897435898,39,20.743589743589745,-0.1538461538461533,15.41025641025641,15.264102564102563,-0.1461538461538474,78,20.82051282051282
1629639,Tyler Herro,16,20.4375,17,20.58823529411765,0.15073529411764852,15.725,14.758823529411764,-0.9661764705882359,33,20.515151515151516
1629640,Keldon Johnson,43,12.418604651162791,40,13.75,1.3313953488372086,9.725581395348833,11.04,1.3144186046511663,83,13.060240963855422
1629645,Kevin Porter Jr.,21,16.761904761904763,17,18.176470588235293,1.4145658263305307,15.128571428571428,17.15294117647059,2.024369747899163,38,17.394736842105264
1629646,Charles Bassey,5,6.4,8,5.5,-0.9000000000000004,5.84,6.650000000000001,0.8100000000000014,13,5.846153846153846
1629651,Nic Claxton,34,11.088235294117647,35,12.371428571428572,1.2831932773109251,11.402941176470588,12.559999999999999,1.157058823529411,69,11.73913043478261
1629652,Luguentz Dort,32,8.8125,37,7.945945945945946,-0.8665540540540544,6.028125000000001,5.464864864864864,-0.5632601351351374,69,8.347826086956522
1629655,Daniel Gafford,28,8.714285714285714,27,10.37037037037037,1.6560846560846567,8.907142857142857,10.914814814814815,2.007671957671958,55,9.527272727272727
1629656,Quentin Grimes,40,13.35,35,13.485714285714286,0.13571428571428612,10.07,10.148571428571428,0.0785714285714274,75,13.413333333333334
1629660,Ty Jerome,9,19.333333333333332,6,20.166666666666668,0.8333333333333357,14.733333333333333,17.633333333333333,2.9000000000000004,15,19.666666666666668
1629661,Cameron Johnson,25,11.76,29,12.620689655172415,0.8606896551724148,9.251999999999997,10.66551724137931,1.4135172413793136,54,12.222222222222221
1629673,Jordan Poole,17,13.294117647058824,22,13.545454545454545,0.2513368983957207,7.688235294117648,8.181818181818182,0.4935828877005335,39,13.435897435897436
1629674,Neemias Queta,38,9.973684210526315,38,10.447368421052632,0.4736842105263168,11.073684210526315,11.976315789473684,0.9026315789473696,76,10.210526315789474
1629675,Naz Reid,40,14.325,37,12.783783783783784,-1.541216216216215,11.035000000000002,9.87027027027027,-1.164729729729732,77,13.584415584415584
1629680,Matisse Thybulle,16,4.75,14,7,2.25,5.025000000000001,6.485714285714286,1.4607142857142845,30,5.8
1629684,Grant Williams,17,7.0588235294117645,19,6.947368421052632,-0.11145510835913264,6.276470588235295,6.357894736842105,0.08142414860680969,36,7
1629723,John Konchar,29,4.068965517241379,27,4.814814814814815,0.7458492975734359,5.662068965517242,7.574074074074072,1.91200510855683,56,4.428571428571429
1629726,Garrison Mathews,6,3.3333333333333335,9,6.444444444444445,3.111111111111111,2.533333333333334,4.844444444444445,2.311111111111111,15,5.2
1629731,Dean Wade,28,5.178571428571429,31,6.354838709677419,1.1762672811059902,5.189285714285714,6.82258064516129,1.633294930875576,59,5.796610169491525
1629750,Javonte Green,41,6.439024390243903,41,7.439024390243903,1,5.81219512195122,6.62439024390244,0.8121951219512198,82,6.939024390243903
1630162,Anthony Edwards,32,30.21875,29,27.24137931034483,-2.977370689655171,21.60625,19.6,-2.006249999999998,61,28.80327868852459
1630163,LaMelo Ball,37,20.594594594594593,35,19.514285714285716,-1.080308880308877,15.610810810810808,14.302857142857144,-1.3079536679536634,72,20.069444444444443
1630164,James Wiseman,3,3.3333333333333335,1,3,-0.3333333333333335,1.6666666666666667,1.2000000000000002,-0.46666666666666656,4,3.25
1630165,Killian Hayes,11,4.818181818181818,12,6.166666666666667,1.3484848484848486,3.8272727272727263,5.016666666666667,1.1893939393939403,23,5.521739130434782
1630166,Deni Avdija,33,23.272727272727273,33,25.151515151515152,1.878787878787879,17.448484848484846,20.015151515151516,2.56666666666667,66,24.21212121212121
1630167,Obi Toppin,14,11,10,12.5,1.5,9.02142857142857,10.08,1.0585714285714296,24,11.625
1630168,Onyeka Okongwu,37,15.891891891891891,37,14.45945945945946,-1.4324324324324316,13.340540540540541,12.767567567567568,-0.5729729729729733,74,15.175675675675675
1630170,Devin Vassell,35,15.2,33,12.484848484848484,-2.715151515151515,12.077142857142862,8.942424242424241,-3.1347186147186203,68,13.882352941176471
1630171,Isaac Okoro,31,9.290322580645162,32,9.25,-0.04032258064516192,7.1806451612903235,6.884375,-0.29627016129032313,63,9.26984126984127
1630172,Patrick Williams,38,7.2894736842105265,34,6.705882352941177,-0.5835913312693499,5.0736842105263165,4.499999999999999,-0.5736842105263174,72,7.013888888888889
1630173,Precious Achiuwa,35,9.942857142857143,38,10.210526315789474,0.2676691729323313,9.242857142857142,9.747368421052633,0.5045112781954906,73,10.082191780821917
1630174,Aaron Nesmith,26,13.538461538461538,19,14.157894736842104,0.6194331983805661,9.196153846153845,8.721052631578948,-0.47510121457489696,45,13.8
1630175,Cole Anthony,17,5.823529411764706,18,7.5,1.6764705882352944,3.358823529411765,5.616666666666666,2.257843137254901,35,6.685714285714286
1630178,Tyrese Maxey,35,29.228571428571428,35,27.34285714285714,-1.8857142857142861,22.697142857142858,21.45428571428572,-1.2428571428571367,70,28.285714285714285
1630180,Saddiq Bey,35,17.457142857142856,37,17.83783783783784,0.3806949806949831,13.820000000000004,14.289189189189191,0.46918918918918706,72,17.65277777777778
1630182,Josh Green,29,4.517241379310345,29,4.068965517241379,-0.4482758620689662,3.9999999999999996,3.3931034482758626,-0.6068965517241369,58,4.293103448275862
1630183,Jaden McDaniels,37,14.945945945945946,36,14.75,-0.1959459459459456,11.464864864864865,11.524999999999999,0.06013513513513402,73,14.849315068493151
1630188,Jalen Smith,24,10.166666666666666,29,10.241379310344827,0.07471264367816133,8.854166666666666,9.010344827586207,0.1561781609195414,53,10.20754716981132
1630191,Isaiah Stewart,29,9.689655172413794,29,10.344827586206897,0.6551724137931032,8.513793103448275,8.53793103448276,0.024137931034484694,58,10.017241379310345
1630192,Zeke Nnaji,22,4.545454545454546,30,3,-1.5454545454545459,4.154545454545455,2.333333333333333,-1.8212121212121222,52,3.6538461538461537
1630193,Immanuel Quickley,34,18.08823529411765,36,14.86111111111111,-3.227124183006538,16.570588235294114,11.836111111111112,-4.734477124183002,70,16.428571428571427
1630194,Paul Reed,33,8.575757575757576,32,6.90625,-1.6695075757575761,8.99090909090909,7.124999999999997,-1.865909090909093,65,7.753846153846154
1630198,Isaiah Joe,35,10.6,36,11.5,0.9000000000000004,7.994285714285715,8.786111111111115,0.7918253968254003,71,11.056338028169014
1630200,Tre Jones,31,15.903225806451612,34,12.382352941176471,-3.520872865275141,15.158064516129034,12.049999999999999,-3.1080645161290352,65,14.061538461538461
1630202,Payton Pritchard,39,18.256410256410255,40,15.825,-2.431410256410256,14.846153846153843,12.857500000000005,-1.988653846153838,79,17.025316455696203
1630208,Nick Richards,22,5.454545454545454,25,6.24,0.7854545454545461,4.6045454545454545,4.555999999999999,-0.048545454545455335,47,5.872340425531915
1630209,Omer Yurtseven,6,2.6666666666666665,3,6,3.3333333333333335,1.5999999999999996,5.233333333333332,3.633333333333332,9,3.7777777777777777
1630214,Xavier Tillman,15,2.2,15,0.7333333333333333,-1.4666666666666668,2.0466666666666664,1.0666666666666667,-0.9799999999999998,30,1.4666666666666666
1630217,Desmond Bane,40,18.775,42,21.333333333333332,2.5583333333333336,14.1625,16.23095238095238,2.0684523809523814,82,20.085365853658537
1630224,Jalen Green,15,19,17,16.647058823529413,-2.352941176470587,11.860000000000003,9.70588235294118,-2.1541176470588237,32,17.75
1630228,Jonathan Kuminga,18,12.055555555555555,18,12.277777777777779,0.2222222222222232,8.861111111111112,9.41111111111111,0.5499999999999972,36,12.166666666666666
1630230,Naji Marshall,37,15.216216216216216,37,15.27027027027027,0.05405405405405439,11.805405405405406,12.551351351351347,0.745945945945941,74,15.243243243243244
1630241,Sam Merrill,29,13.10344827586207,23,12.304347826086957,-0.7991004497751124,9.348275862068967,9.652173913043478,0.30389805097451195,52,12.75
1630245,Ayo Dosunmu,35,14.971428571428572,34,14.647058823529411,-0.3243697478991603,11.814285714285717,12.341176470588234,0.5268907563025174,69,14.81159420289855
1630249,Vit Krejci,33,9.151515151515152,32,7.75,-1.4015151515151523,7.172727272727272,5.4625,-1.7102272727272716,65,8.461538461538462
1630256,Jae'Sean Tate,24,3.2083333333333335,22,2.3636363636363638,-0.8446969696969697,2.720833333333333,1.7136363636363638,-1.0071969696969694,46,2.8043478260869565
1630264,Anthony Gill,28,6.25,27,5.407407407407407,-0.8425925925925926,5.714285714285716,5.67037037037037,-0.04391534391534613,55,5.836363636363636
1630286,Trevon Scott,2,9.5,4,7.25,-2.25,5.7,7.849999999999998,2.1499999999999977,6,8
1630311,Pat Spencer,31,8.161290322580646,35,6.371428571428571,-1.789861751152075,7.096774193548386,5.334285714285715,-1.7624884792626707,66,7.212121212121212
1630314,Brandon Williams,34,12.088235294117647,32,14,1.9117647058823533,9.547058823529415,10.999999999999996,1.4529411764705813,66,13.015151515151516
1630322,Lindy Waters III,22,3.1363636363636362,18,1.4444444444444444,-1.6919191919191918,1.9909090909090912,0.8722222222222222,-1.118686868686869,40,2.375
1630526,Jeremiah Robinson-Earl,8,5.375,14,4.142857142857143,-1.2321428571428568,4.812499999999999,3.571428571428572,-1.241071428571427,22,4.590909090909091
1630529,Herbert Jones,28,8.607142857142858,28,9.107142857142858,0.5,7.1571428571428575,6.314285714285714,-0.8428571428571434,56,8.857142857142858
1630530,Trey Murphy III,32,20.90625,34,22.08823529411765,1.1819852941176485,16.165625,17.88235294117647,1.7167279411764724,66,21.515151515151516
1630532,Franz Wagner,16,19.8125,18,21.22222222222222,1.4097222222222214,15.149999999999999,15.97777777777778,0.827777777777781,34,20.558823529411764
1630533,Ziaire Williams,27,10,29,10.448275862068966,0.4482758620689662,6.951851851851853,7.8241379310344845,0.8722860791826319,56,10.232142857142858
1630534,Ochai Agbaji,30,4.733333333333333,32,5.375,0.6416666666666666,3.203333333333333,4.037499999999999,0.8341666666666656,62,5.064516129032258
1630536,Sharife Cooper,21,8.285714285714286,20,7.95,-0.3357142857142863,6.023809523809523,6.714999999999999,0.6911904761904761,41,8.121951219512194
1630538,Bones Hyland,34,8.264705882352942,37,8.72972972972973,0.4650238473767878,7.017647058823528,6.275675675675677,-0.7419713831478507,71,8.507042253521126
1630540,Miles McBride,17,12.411764705882353,24,11.666666666666666,-0.7450980392156872,8.294117647058824,9.404166666666667,1.1100490196078425,41,11.975609756097562
1630541,Moses Moody,29,12,31,12.258064516129032,0.25806451612903203,9.368965517241381,8.999999999999998,-0.36896551724138327,60,12.133333333333333
1630543,Isaiah Jackson,26,6.5,29,6.931034482758621,0.431034482758621,5.63076923076923,7.772413793103448,2.1416445623342177,55,6.7272727272727275
1630544,Tre Mann,26,5.615384615384615,27,5.37037037037037,-0.24501424501424474,3.276923076923077,2.9037037037037035,-0.3732193732193734,53,5.490566037735849
1630545,Terrence Shannon Jr.,22,6.545454545454546,21,4.619047619047619,-1.9264069264069272,4.913636363636363,2.5904761904761906,-2.3231601731601725,43,5.604651162790698
1630548,Johnny Juzang,11,2.727272727272727,10,1.3,-1.427272727272727,2.227272727272727,0.48999999999999994,-1.737272727272727,21,2.0476190476190474
1630549,Day'Ron Sharpe,33,8.454545454545455,29,9,0.545454545454545,9.081818181818182,9.355172413793106,0.27335423197492403,62,8.709677419354838
1630551,Justin Champagnie,35,9.228571428571428,34,8.058823529411764,-1.1697478991596633,9.185714285714287,7.841176470588236,-1.344537815126051,69,8.652173913043478
1630552,Jalen Johnson,38,22.92105263157895,34,22.058823529411764,-0.8622291021671842,20.315789473684212,19.46764705882353,-0.848142414860682,72,22.51388888888889
1630557,Corey Kispert,29,8.689655172413794,29,9.655172413793103,0.9655172413793096,6.858620689655171,6.586206896551723,-0.27241379310344804,58,9.172413793103448
1630558,Davion Mitchell,35,8.82857142857143,35,9.857142857142858,1.0285714285714285,9.09142857142857,9.682857142857141,0.5914285714285707,70,9.342857142857143
1630559,Austin Reaves,23,22.73913043478261,28,23.714285714285715,0.975155279503106,17.86086956521739,18.892857142857146,1.0319875776397573,51,23.274509803921568
1630560,Cam Thomas,21,13.714285714285714,21,13.285714285714286,-0.42857142857142705,8.395238095238097,7.2714285714285705,-1.123809523809527,42,13.5
1630567,Scottie Barnes,39,17.333333333333332,41,18.829268292682926,1.4959349593495936,15.387179487179484,18.039024390243902,2.6518449030644184,80,18.1
1630568,Luka Garza,36,8.5,33,7.606060606060606,-0.8939393939393936,7.702777777777777,6.9848484848484835,-0.7179292929292931,69,8.072463768115941
1630570,Trendon Watford,24,6.875,29,6.241379310344827,-0.6336206896551726,5.8125,5.2413793103448265,-0.5711206896551735,53,6.528301886792453
1630572,Sandro Mamukelashvili,39,11.974358974358974,41,10.390243902439025,-1.5841150719199497,11.153846153846152,8.941463414634146,-2.2123827392120052,80,11.1625
1630573,Sam Hauser,40,10.125,38,8.263157894736842,-1.8618421052631575,8.56,5.8315789473684205,-2.72842105263158,78,9.217948717948717
1630574,Ariel Hukporti,28,1.9642857142857142,27,2.2962962962962963,0.3320105820105821,2.3928571428571432,2.5555555555555545,0.16269841269841123,55,2.1272727272727274
1630577,Julian Champagnie,43,11.046511627906977,40,10.975,-0.07151162790697718,9.399999999999997,9.174999999999999,-0.22499999999999787,83,11.012048192771084
1630578,Alperen Sengun,38,20.842105263157894,34,19.823529411764707,-1.0185758513931873,18.215789473684207,17.07941176470589,-1.1363777089783191,72,20.36111111111111
1630579,Jericho Sims,32,5.1875,35,4.8,-0.3875000000000002,5.965625,5.740000000000001,-0.22562499999999908,67,4.985074626865671
1630581,Josh Giddey,26,18.153846153846153,28,15.964285714285714,-2.1895604395604398,17.561538461538454,14.864285714285712,-2.697252747252742,54,17.01851851851852
1630583,Santi Aldama,22,13.681818181818182,21,14.333333333333334,0.6515151515151523,12.222727272727274,12.052380952380954,-0.17034632034632047,43,14
1630587,Isaiah Livers,16,1.25,20,2.25,1,1.375,2.09,0.7149999999999999,36,1.8055555555555556
1630590,Scotty Pippen Jr.,7,12.714285714285714,3,8.333333333333334,-4.38095238095238,9.8,6.166666666666665,-3.6333333333333355,10,11.4
1630591,Jalen Suggs,25,12.24,32,15,2.76,8.904,13.653124999999998,4.749124999999998,57,13.789473684210526
1630592,Jalen Wilson,29,6.448275862068965,25,6.24,-0.2082758620689651,4.06551724137931,3.6439999999999997,-0.42151724137931046,54,6.351851851851852
1630595,Cade Cunningham,35,25.17142857142857,29,22.413793103448278,-2.7576354679802932,20.297142857142855,19.5448275862069,-0.7523152709359557,64,23.921875
1630596,Evan Mobley,32,17.78125,33,18.515151515151516,0.7339015151515156,15.603124999999997,17.081818181818182,1.4786931818181852,65,18.153846153846153
1630598,Aaron Wiggins,32,11.21875,33,7.636363636363637,-3.5823863636363633,8.365625,5.172727272727272,-3.1928977272727277,65,9.4
1630604,E.J. Liddell,14,4.785714285714286,12,6.666666666666667,1.8809523809523814,3.4428571428571435,5.316666666666667,1.8738095238095238,26,5.653846153846154
1630610,DeJon Jarreau,4,5.5,7,9.428571428571429,3.928571428571429,3.925,7.014285714285713,3.0892857142857135,11,8
1630611,Gui Santos,37,8.972972972972974,31,9.451612903225806,0.47863993025283236,7.556756756756758,7.770967741935486,0.21421098517872839,68,9.191176470588236
1630619,Moussa Cisse,16,5.5625,22,3.6818181818181817,-1.8806818181818183,6.612500000000001,4.131818181818181,-2.4806818181818198,38,4.473684210526316
1630621,Hunter Dickinson,3,3.3333333333333335,2,1,-2.3333333333333335,1.9333333333333336,-0.45,-2.3833333333333337,5,2.4
1630623,Tyson Etienne,11,9.636363636363637,13,6.384615384615385,-3.2517482517482517,6.636363636363635,3.8153846153846156,-2.8209790209790193,24,7.875
1630625,Dalano Banton,4,1.5,2,3,1.5,1.8,2.1499999999999995,0.3499999999999994,6,2
1630631,Jose Alvarado,34,6.676470588235294,35,8.085714285714285,1.409243697478991,5.364705882352942,7.205714285714285,1.841008403361343,69,7.391304347826087
1630639,A.J. Lawson,10,4.7,14,3.857142857142857,-0.842857142857143,3.84,2.814285714285714,-1.0257142857142858,24,4.208333333333333
1630643,Jay Huff,41,9.073170731707316,41,10.024390243902438,0.9512195121951219,7.604878048780488,8.729268292682926,1.1243902439024378,82,9.548780487804878
1630644,Mac McClung,6,5.166666666666667,5,7.2,2.033333333333333,3.15,4.340000000000001,1.1900000000000008,11,6.090909090909091
1630649,Stanley Umude,0,NA,2,1,NA,NA,0.9500000000000002,NA,2,1
1630658,Colin Castleton,2,2.5,2,0,-2.5,1.7000000000000002,0.5,-1.2000000000000002,4,1.25
1630679,Ethan Thompson,15,8.133333333333333,17,5.9411764705882355,-2.1921568627450974,5.193333333333333,4.388235294117647,-0.8050980392156868,32,6.96875
1630692,Jordan Goodwin,37,8.324324324324325,33,9.121212121212121,0.7968877968877965,8.010810810810808,8.081818181818184,0.07100737100737575,70,8.7
1630695,Micah Potter,26,9,21,10.666666666666666,1.666666666666666,8.376923076923077,8.723809523809525,0.34688644688644743,47,9.74468085106383
1630696,Dru Smith,33,5.393939393939394,37,5.864864864864865,0.4709254709254713,6.209090909090907,6.167567567567567,-0.04152334152334003,70,5.642857142857143
1630699,MarJon Beauchamp,7,9.142857142857142,7,4.428571428571429,-4.7142857142857135,7.914285714285713,1.9571428571428573,-5.9571428571428555,14,6.785714285714286
1630700,Dyson Daniels,39,11.282051282051283,37,12.45945945945946,1.1774081774081768,12.043589743589747,14.664864864864866,2.6212751212751186,76,11.855263157894736
1630702,Jaden Hardy,26,10.5,31,8.064516129032258,-2.435483870967742,5.976923076923077,4.1,-1.8769230769230774,57,9.175438596491228
1630703,Scoot Henderson,16,12.5,14,16.214285714285715,3.7142857142857153,6.2625,12.435714285714285,6.173214285714285,30,14.233333333333333
1630811,Keaton Wallace,27,3.7777777777777777,26,3.230769230769231,-0.5470085470085468,3.418518518518518,2.419230769230769,-0.999287749287749,53,3.509433962264151
1630828,Alex Antetokounmpo,3,4.333333333333333,3,2,-2.333333333333333,3.8000000000000003,1.3999999999999997,-2.4000000000000004,6,3.1666666666666665
1630846,Olivier Sarr,2,1.5,2,5.5,4,3.4499999999999997,4.55,1.1,4,3.5
1631093,Jaden Ivey,20,9.4,17,7.529411764705882,-1.870588235294118,7.555,4.8705882352941154,-2.6844117647058843,37,8.54054054054054
1631094,Paolo Banchero,36,22.805555555555557,36,21.61111111111111,-1.1944444444444464,17.738888888888887,16.336111111111112,-1.402777777777775,72,22.208333333333332
1631095,Jabari Smith Jr.,39,15.282051282051283,38,16.289473684210527,1.0074224021592446,11.510256410256412,12.278947368421052,0.7686909581646404,77,15.779220779220779
1631096,Chet Holmgren,35,17.114285714285714,34,17.11764705882353,0.003361344537815114,15.234285714285713,15.705882352941176,0.47159663865546264,69,17.115942028985508
1631097,Bennedict Mathurin,21,16.38095238095238,33,18.333333333333332,1.9523809523809526,11.328571428571427,12.590909090909093,1.262337662337666,54,17.574074074074073
1631099,Keegan Murray,13,13.23076923076923,10,14.9,1.6692307692307704,9.676923076923076,11.6,1.9230769230769234,23,13.956521739130435
1631101,Shaedon Sharpe,22,21.90909090909091,28,20,-1.90909090909091,12.940909090909088,12.7,-0.24090909090908852,50,20.84
1631102,TyTy Washington Jr.,8,2.125,8,0.5,-1.625,2.7624999999999997,0.6999999999999998,-2.0625,16,1.3125
1631103,Malaki Branham,14,4.285714285714286,14,4.857142857142857,0.5714285714285712,4.057142857142858,3.2214285714285715,-0.8357142857142863,28,4.571428571428571
1631104,Blake Wesley,15,4.733333333333333,16,4.8125,0.07916666666666661,3.2666666666666666,3.7124999999999995,0.44583333333333286,31,4.774193548387097
1631105,Jalen Duren,35,18.314285714285713,35,20.685714285714287,2.3714285714285737,17.11714285714286,19.514285714285716,2.397142857142857,70,19.5
1631106,Tari Eason,29,10.344827586206897,31,10.548387096774194,0.20355951056729715,8.324137931034484,8.09032258064516,-0.23381535038932277,60,10.45
1631107,Nikola Jovic,24,6.875,23,7.782608695652174,0.9076086956521738,4.275,5.608695652173913,1.3336956521739127,47,7.319148936170213
1631108,Max Christie,39,11.435897435897436,38,13.131578947368421,1.6956815114709851,8.205128205128204,9.394736842105265,1.189608636977061,77,12.272727272727273
1631109,Mark Williams,30,12.4,30,10.933333333333334,-1.4666666666666668,12.870000000000001,11.249999999999998,-1.6200000000000028,60,11.666666666666666
1631110,Jeremy Sochan,22,2.8181818181818183,22,4.363636363636363,1.545454545454545,2.1727272727272724,4.259090909090909,2.0863636363636364,44,3.590909090909091
1631111,Wendell Moore Jr.,0,NA,6,1.6666666666666667,NA,NA,2.1500000000000004,NA,6,1.6666666666666667
1631113,Kennedy Chandler,5,13,6,16.666666666666668,3.666666666666668,11,13,2,11,15
1631114,Jalen Williams,15,17.733333333333334,18,16.5,-1.2333333333333343,14.426666666666668,13.988888888888887,-0.4377777777777805,33,17.060606060606062
1631115,Orlando Robinson,3,2.3333333333333335,1,0,-2.3333333333333335,2.5333333333333328,1,-1.5333333333333328,4,1.75
1631116,Patrick Baldwin Jr.,6,2.6666666666666665,3,5.666666666666667,3.0000000000000004,2.3333333333333335,4.8,2.4666666666666663,9,3.6666666666666665
1631117,Walker Kessler,2,3.5,3,21.666666666666668,18.166666666666668,3.25,24,20.75,5,14.4
1631119,Jaylin Williams,32,7,33,7.424242424242424,0.42424242424242387,6.790625000000002,6.99090909090909,0.20028409090908816,65,7.2153846153846155
1631120,JD Davison,11,2,17,2.764705882352941,0.7647058823529411,2.109090909090909,2.38235294117647,0.2732620320855612,28,2.4642857142857144
1631121,Bryce McGowens,20,8.45,22,7.7727272727272725,-0.6772727272727268,6.789999999999999,5.931818181818183,-0.8581818181818157,42,8.095238095238095
1631123,Jamaree Bouyea,21,7.285714285714286,25,4.4,-2.8857142857142852,6.052380952380953,3.747999999999999,-2.304380952380954,46,5.717391304347826
1631124,Julian Strawther,24,8.416666666666666,33,6.393939393939394,-2.0227272727272725,6.016666666666667,4.406060606060606,-1.6106060606060604,57,7.245614035087719
1631126,Caleb Love,24,9.041666666666666,25,11.68,2.6383333333333336,5.1875,7.648,2.4604999999999997,49,10.387755102040817
1631127,Harrison Ingram,3,2.3333333333333335,4,1,-1.3333333333333335,1.9000000000000001,1.025,-0.8750000000000002,7,1.5714285714285714
1631128,Christian Braun,21,10.476190476190476,23,13.304347826086957,2.8281573498964807,8.87142857142857,11.53478260869565,2.66335403726708,44,11.954545454545455
1631131,Oscar Tshiebwe,14,8.142857142857142,13,7.461538461538462,-0.6813186813186807,8.142857142857142,8.715384615384615,0.5725274725274723,27,7.814814814814815
1631132,Christian Koloko,12,2.5833333333333335,15,2.8,0.21666666666666634,2.183333333333333,3.3066666666666658,1.1233333333333326,27,2.7037037037037037
1631133,Jabari Walker,31,4.225806451612903,33,4.393939393939394,0.16813294232649056,3.6935483870967736,3.5787878787878795,-0.11476050830889406,64,4.3125
1631157,Ryan Rollins,36,16.666666666666668,38,17.92105263157895,1.2543859649122808,13.161111111111108,14.055263157894737,0.8941520467836295,74,17.31081081081081
1631159,Leonard Miller,24,9,22,6.590909090909091,-2.409090909090909,7.304166666666668,5.640909090909091,-1.6632575757575774,46,7.8478260869565215
1631165,Keon Ellis,39,7.3076923076923075,33,5.909090909090909,-1.3986013986013983,6.051282051282051,4.884848484848485,-1.1664335664335663,72,6.666666666666667
1631166,Drew Timme,12,3.8333333333333335,15,3.066666666666667,-0.7666666666666666,3.4916666666666667,2.1666666666666665,-1.3250000000000002,27,3.4074074074074074
1631169,Josh Minott,23,7.434782608695652,26,7.423076923076923,-0.011705685618728978,6.369565217391305,6.68076923076923,0.31120401337792547,49,7.428571428571429
1631170,Jaime Jaquez Jr.,39,14.666666666666666,36,16.11111111111111,1.4444444444444446,11.548717948717949,13.413888888888891,1.8651709401709429,75,15.36
1631172,Ousmane Dieng,30,7.133333333333334,27,8.037037037037036,0.9037037037037026,4.973333333333332,5.803703703703702,0.8303703703703702,57,7.56140350877193
1631174,Tyler Burton,4,10.5,8,10.875,0.375,7.874999999999998,6.4125,-1.4624999999999986,12,10.75
1631199,Ron Harper Jr.,15,4.866666666666666,14,3.5714285714285716,-1.2952380952380946,4.419999999999999,2.4142857142857146,-2.0057142857142845,29,4.241379310344827
1631200,Kris Murray,29,4.862068965517241,28,6.785714285714286,1.9236453201970445,4.5793103448275865,6.660714285714286,2.081403940886699,57,5.807017543859649
1631204,Marcus Sasser,18,4.888888888888889,20,5.45,0.5611111111111109,3.572222222222221,3.879999999999999,0.30777777777777793,38,5.184210526315789
1631205,Buddy Boeheim,2,1.5,2,1.5,0,0.30000000000000004,0.8,0.5,4,1.5
1631207,Dalen Terry,22,3.6363636363636362,26,3.6923076923076925,0.05594405594405627,3.5818181818181825,3.3307692307692305,-0.251048951048952,48,3.6666666666666665
1631210,Jacob Toppin,3,0.6666666666666666,2,3,2.3333333333333335,0.7999999999999999,2.15,1.35,5,1.6
1631211,Trevor Keels,3,2,5,0.4,-1.6,1.0999999999999999,-0.17999999999999988,-1.2799999999999998,8,1
1631212,Peyton Watson,28,15.607142857142858,26,13.538461538461538,-2.0686813186813193,11.73571428571429,10.349999999999996,-1.3857142857142932,54,14.61111111111111
1631213,Tyrese Martin,25,7.4,21,5,-2.4000000000000004,5.468000000000001,3.733333333333333,-1.734666666666668,46,6.304347826086956
1631214,Alondes Williams,1,5,3,13,8,3.1999999999999993,15,11.8,4,11
1631216,Caleb Houstan,9,2.4444444444444446,9,2.2222222222222223,-0.22222222222222232,1.8888888888888888,1.6444444444444446,-0.24444444444444424,18,2.3333333333333335
1631217,Moussa Diabate,37,7.891891891891892,36,7.861111111111111,-0.03078078078078139,10.478378378378379,10.061111111111112,-0.4172672672672668,73,7.876712328767123
1631218,Trayce Jackson-Davis,27,3.1481481481481484,26,3.6923076923076925,0.5441595441595442,3.366666666666666,4.165384615384616,0.7987179487179499,53,3.4150943396226414
1631221,Collin Gillespie,40,13.525,40,11.775,-1.75,12.392500000000002,9.747500000000002,-2.6449999999999996,80,12.65
1631222,Jake LaRavia,41,8.609756097560975,41,7.829268292682927,-0.7804878048780486,7.758536585365853,6.885365853658534,-0.8731707317073187,82,8.21951219512195
1631223,David Roddy,2,8.5,3,7.666666666666667,-0.833333333333333,8.75,6.466666666666666,-2.283333333333334,5,8
1631230,Dominick Barlow,36,7.888888888888889,35,7.457142857142857,-0.431746031746032,7.677777777777775,7.448571428571428,-0.22920634920634697,71,7.676056338028169
1631243,Mouhamed Gueye,38,4.526315789473684,39,4.358974358974359,-0.16734143049932548,4.497368421052631,4.682051282051281,0.1846828609986506,77,4.441558441558442
1631245,Quenton Jackson,25,8.04,24,10.291666666666666,2.251666666666667,5.824,8.741666666666665,2.9176666666666655,49,9.142857142857142
1631246,Vince Williams Jr.,19,8.578947368421053,21,6.523809523809524,-2.0551378446115294,7.005263157894738,5.514285714285715,-1.4909774436090233,40,7.5
1631247,Luke Travers,6,2.5,6,2.1666666666666665,-0.3333333333333335,2.3666666666666676,2.283333333333333,-0.08333333333333437,12,2.3333333333333335
1631248,Baylor Scheierman,38,5.026315789473684,39,6.051282051282051,1.024966261808367,4.6000000000000005,5.641025641025639,1.0410256410256382,77,5.545454545454546
1631250,Pete Nance,23,5.391304347826087,24,5.416666666666667,0.025362318840580045,4.169565217391304,4.766666666666667,0.597101449275363,47,5.404255319148936
1631255,Karlo Matkovic,31,4.935483870967742,31,6.419354838709677,1.483870967741935,4.970967741935484,6.616129032258065,1.645161290322581,62,5.67741935483871
1631260,AJ Green,39,10.076923076923077,39,10.666666666666666,0.5897435897435894,7.164102564102562,7.130769230769233,-0.033333333333328774,78,10.371794871794872
1631288,Jamal Cain,21,6,19,4.684210526315789,-1.3157894736842106,4.657142857142857,3.478947368421052,-1.1781954887218045,40,5.375
1631321,Sidy Cissoko,38,4.921052631578948,37,5.297297297297297,0.3762446657183496,3.042105263157895,4.127027027027027,1.084921763869132,75,5.1066666666666665
1631323,Simone Fontecchio,35,8.82857142857143,35,8.228571428571428,-0.6000000000000014,6.4971428571428564,6.291428571428573,-0.20571428571428374,70,8.528571428571428
1631338,Mouhamadou Gueye,1,11,1,5,-6,11,4.2,-6.8,2,8
1631342,Daeqwon Plowden,17,10.294117647058824,15,11.266666666666667,0.9725490196078432,7.18235294117647,7.566666666666667,0.3843137254901974,32,10.75
1631351,Lucas Williamson,4,12.25,3,8,-4.25,8.175,5.833333333333335,-2.341666666666666,7,10.428571428571429
1631451,Javonte Cooke,12,0.8333333333333334,7,1.8571428571428572,1.0238095238095237,0.050000000000000135,0.585714285714286,0.5357142857142858,19,1.2105263157894737
1631457,Alex Morales,2,1,2,3,2,-0.30000000000000027,1.1,1.4000000000000004,4,2
1631466,Nate Williams,9,5.555555555555555,5,12.4,6.844444444444445,3.8666666666666663,7.679999999999998,3.8133333333333317,14,8
1641705,Victor Wembanyama,33,23.393939393939394,32,26.4375,3.0435606060606055,20.830303030303032,23.6625,2.8321969696969695,65,24.892307692307693
1641706,Brandon Miller,31,19.032258064516128,34,21.205882352941178,2.1736242884250494,12.28709677419355,14.961764705882352,2.674667931688802,65,20.16923076923077
1641707,Taylor Hendricks,32,6.8125,27,8.148148148148149,1.3356481481481488,5.378125000000001,6.874074074074074,1.4959490740740735,59,7.423728813559322
1641708,Amen Thompson,40,17.65,39,18.897435897435898,1.2474358974358992,16.8175,17.76153846153846,0.9440384615384616,79,18.265822784810126
1641709,Ausar Thompson,39,9.435897435897436,34,10.382352941176471,0.9464555052790349,9.574358974358976,11.241176470588234,1.6668174962292586,73,9.876712328767123
1641710,Anthony Black,32,14.78125,32,15.1875,0.40625,10.215625,12.01875,1.8031250000000014,64,14.984375
1641711,Gradey Dick,39,6.205128205128205,37,5.756756756756757,-0.44837144837144827,4.271794871794871,3.856756756756757,-0.4150381150381137,76,5.9868421052631575
1641712,Rayan Rupert,34,6.352941176470588,30,3.8666666666666667,-2.486274509803921,4.597058823529412,2.696666666666667,-1.900392156862745,64,5.1875
1641713,GG Jackson,23,13.173913043478262,32,11.96875,-1.2051630434782616,10.143478260869566,8.528125000000001,-1.6153532608695649,55,12.472727272727273
1641715,Cam Whitmore,12,10,9,8.11111111111111,-1.8888888888888893,7.133333333333333,4.977777777777778,-2.155555555555555,21,9.19047619047619
1641716,Jarace Walker,37,11.432432432432432,39,11.820512820512821,0.3880803880803896,8.137837837837838,8.66923076923077,0.5313929313929329,76,11.631578947368421
1641717,Cason Wallace,37,8.35135135135135,40,8.775,0.4236486486486495,7.727027027027025,8.3125,0.5854729729729753,77,8.571428571428571
1641718,Keyonte George,24,24,30,23.3,-0.6999999999999993,18.379166666666666,17.223333333333336,-1.1558333333333302,54,23.61111111111111
1641722,Jordan Hawkins,23,5.304347826086956,28,4.857142857142857,-0.44720496894409933,3.0086956521739125,2.9535714285714283,-0.05512422360248426,51,5.0588235294117645
1641723,Kobe Bufkin,4,4.75,12,2.25,-2.5,3.3500000000000005,0.8333333333333335,-2.516666666666667,16,2.875
1641724,Jett Howard,28,6.357142857142857,27,4.555555555555555,-1.8015873015873014,4.417857142857143,3.1814814814814807,-1.236375661375662,55,5.472727272727273
1641725,Trey Alexander,5,6.6,4,3.5,-3.0999999999999996,5.119999999999999,2.875,-2.244999999999999,9,5.222222222222222
1641726,Dereck Lively II,0,NA,7,4.285714285714286,NA,NA,5.728571428571429,NA,7,4.285714285714286
1641727,Dariq Whitehead,4,17.5,2,14,-3.5,9.174999999999999,6.649999999999999,-2.5250000000000004,6,16.333333333333332
1641729,Brice Sensabaugh,39,15.615384615384615,36,14.083333333333334,-1.532051282051281,10.266666666666667,9.230555555555558,-1.0361111111111097,75,14.88
1641730,Noah Clowney,31,10.580645161290322,35,13.742857142857142,3.16221198156682,6.522580645161291,9.66,3.137419354838709,66,12.257575757575758
1641731,Bilal Coulibaly,28,10.678571428571429,28,12.785714285714286,2.1071428571428577,7.392857142857143,11.382142857142856,3.989285714285713,56,11.732142857142858
1641732,Colby Jones,0,NA,1,2,NA,NA,2.5000000000000004,NA,1,2
1641733,Nick Smith Jr.,16,6.5,14,5.785714285714286,-0.7142857142857144,3.9125,3.150000000000001,-0.7624999999999993,30,6.166666666666667
1641737,Adem Bona,36,5.166666666666667,35,4.514285714285714,-0.6523809523809527,5.486111111111112,4.788571428571428,-0.6975396825396833,71,4.845070422535211
1641738,Kobe Brown,32,5.75,29,5.827586206896552,0.0775862068965516,5.4468749999999995,4.293103448275861,-1.1537715517241383,61,5.786885245901639
1641739,Toumani Camara,41,12.902439024390244,41,13.926829268292684,1.02439024390244,9.929268292682925,9.958536585365854,0.02926829268292863,82,13.414634146341463
1641740,Jaylen Clark,35,3.8285714285714287,33,4.2727272727272725,0.44415584415584375,3.517142857142857,3.2090909090909094,-0.30805194805194747,68,4.044117647058823
1641744,Zach Edey,7,15.714285714285714,4,10,-5.7142857142857135,16.442857142857143,7.8500000000000005,-8.592857142857142,11,13.636363636363637
1641747,DaRon Holmes II,13,3.6153846153846154,12,3.8333333333333335,0.21794871794871806,2.969230769230769,2.783333333333333,-0.18589743589743568,25,3.72
1641748,Andre Jackson Jr.,23,2.5652173913043477,25,2.16,-0.40521739130434753,2.2695652173913037,0.9440000000000001,-1.3255652173913037,48,2.3541666666666665
1641750,Ryan Kalkbrenner,33,7.303030303030303,36,7.777777777777778,0.4747474747474749,8.978787878787875,8.638888888888888,-0.3398989898989875,69,7.550724637681159
1641752,Bobi Klintman,6,1.1666666666666667,6,2.5,1.3333333333333333,0.0666666666666668,1.5999999999999999,1.533333333333333,12,1.8333333333333333
1641753,Chris Livingston,2,3.5,1,2,-1.5,3.25,0.19999999999999996,-3.05,3,3
1641755,Kevin McCullar Jr.,14,2.2142857142857144,7,2.7142857142857144,0.5,1.5,2.557142857142857,1.057142857142857,21,2.380952380952381
1641757,Jordan Miller,29,9.862068965517242,31,10.064516129032258,0.20244716351501602,8.306896551724137,9.087096774193549,0.7802002224694125,60,9.966666666666667
1641761,Grant Nelson,3,2,1,11,9,2.066666666666667,9.1,7.033333333333333,4,4.25
1641763,Julian Phillips,22,3.1818181818181817,26,2.6923076923076925,-0.48951048951048914,2.381818181818182,1.9576923076923074,-0.42412587412587444,48,2.9166666666666665
1641764,Brandin Podziemski,41,13.195121951219512,41,14.439024390243903,1.2439024390243905,10.717073170731705,12.336585365853658,1.6195121951219527,82,13.817073170731707
1641765,Olivier-Maxence Prosper,27,9.222222222222221,26,10.807692307692308,1.585470085470087,7.311111111111111,9.134615384615385,1.8235042735042741,53,10
1641767,Ben Sheppard,32,6.71875,33,7.393939393939394,0.6751893939393936,5.271874999999999,5.875757575757574,0.6038825757575754,65,7.061538461538461
1641771,Jalen Slawson,6,8.333333333333334,7,6.428571428571429,-1.904761904761905,8.633333333333333,6.857142857142856,-1.776190476190477,13,7.3076923076923075
1641772,Nae'Qwan Tomlin,31,5.387096774193548,33,6.2727272727272725,0.8856304985337244,4.464516129032258,5.554545454545454,1.0900293255131954,64,5.84375
1641774,Tristan Vukcevic,27,7.62962962962963,22,10.681818181818182,3.052188552188552,5.2148148148148135,7.977272727272725,2.7624579124579114,49,9
1641775,Jordan Walsh,37,4.972972972972973,31,5.806451612903226,0.8334786399302532,4.9378378378378365,5.738709677419356,0.8008718395815198,68,5.352941176470588
1641778,Leaky Black,11,5.909090909090909,4,10.25,4.340909090909091,6.245454545454544,4.574999999999999,-1.670454545454545,15,7.066666666666666
1641780,Johni Broome,5,1.2,6,0.6666666666666666,-0.5333333333333333,0.3799999999999998,0.049999999999999996,-0.3299999999999998,11,0.9090909090909091
1641783,Tristan da Silva,36,8.805555555555555,41,10.853658536585366,2.0481029810298104,7.508333333333332,8.043902439024393,0.535569105691061,77,9.896103896103897
1641787,Tosan Evbuomwan,3,0,2,0,0,-0.26666666666666666,0.35,0.6166666666666667,5,0
1641790,PJ Hall,7,5.714285714285714,12,3.8333333333333335,-1.880952380952381,5.528571428571428,3.6249999999999996,-1.903571428571428,19,4.526315789473684
1641794,Dillon Jones,3,1.3333333333333333,4,1.25,-0.08333333333333326,2.5666666666666664,0.5250000000000001,-2.041666666666666,7,1.2857142857142858
1641796,Pelle Larsson,35,10.4,35,12.457142857142857,2.057142857142857,8.502857142857142,10.545714285714283,2.042857142857141,70,11.428571428571429
1641801,Emanuel Miller,2,4.5,3,2,-2.5,4.6,1.3333333333333333,-3.2666666666666666,5,3
1641803,Tristen Newton,0,NA,1,12,NA,NA,9.6,NA,1,12
1641807,Norchad Omier,3,2.3333333333333335,3,3.3333333333333335,1,2.566666666666667,3.2000000000000006,0.6333333333333337,6,2.8333333333333335
1641809,Drew Peterson,4,1.25,2,0,-1.25,0.8000000000000003,-0.5999999999999999,-1.4000000000000001,6,0.8333333333333334
1641810,Antonio Reeves,7,2.142857142857143,3,4,1.8571428571428572,2.0285714285714285,2.3000000000000003,0.2714285714285718,10,2.7
1641813,Mark Sears,3,5,4,1.75,-3.25,2.6666666666666665,0.825,-1.8416666666666666,7,3.142857142857143
1641815,Isaiah Stevens,3,3.3333333333333335,0,NA,NA,5.733333333333333,NA,NA,3,3.3333333333333335
1641816,Hunter Tyson,9,2.6666666666666665,12,1.8333333333333333,-0.8333333333333333,2.122222222222222,1.0083333333333333,-1.1138888888888885,21,2.1904761904761907
1641824,Matas Buzelis,37,16.81081081081081,40,15.75,-1.0608108108108105,12.581081081081079,11.315000000000001,-1.2660810810810776,77,16.25974025974026
1641842,Ronald Holland II,37,7.891891891891892,41,8.487804878048781,0.5959129861568888,5.921621621621622,6.302439024390243,0.3808174027686215,78,8.205128205128204
1641854,Craig Porter Jr.,30,4.866666666666666,34,4.205882352941177,-0.6607843137254896,7.063333333333334,5.194117647058822,-1.8692156862745124,64,4.515625
1641869,Malachi Smith,6,11,9,6.444444444444445,-4.555555555555555,10.816666666666668,6.555555555555556,-4.261111111111112,15,8.266666666666667
1641871,Duop Reath,17,3.7058823529411766,15,2.066666666666667,-1.6392156862745098,2.341176470588236,2.0000000000000004,-0.3411764705882354,32,2.9375
1641890,Tyler Smith,7,4.428571428571429,5,5,0.5714285714285712,3.914285714285714,2.8400000000000007,-1.0742857142857134,12,4.666666666666667
1641989,Elijah Harkless,15,4.8,11,9.636363636363637,4.836363636363637,2.913333333333334,8.909090909090908,5.995757575757574,26,6.846153846153846
1641998,Trey Jemison III,7,1.2857142857142858,6,0.6666666666666666,-0.6190476190476192,0.8142857142857143,0.4666666666666668,-0.3476190476190475,13,1
1642066,Myron Gardner,24,3.2083333333333335,21,4.095238095238095,0.8869047619047614,2.9458333333333333,4.161904761904762,1.216071428571429,45,3.6222222222222222
1642258,Zaccharie Risacher,33,8.666666666666666,34,10.441176470588236,1.7745098039215694,6.0606060606060606,8.138235294117646,2.077629233511585,67,9.567164179104477
1642259,Alex Sarr,25,16.12,23,16.52173913043478,0.4017391304347804,13.207999999999997,14.043478260869563,0.8354782608695661,48,16.3125
1642260,Nikola Topic,4,4.25,6,5.833333333333333,1.583333333333333,3.3500000000000005,4.1000000000000005,0.75,10,5.2
1642261,Dalton Knecht,24,4.958333333333333,30,3.6333333333333333,-1.3249999999999997,3.2458333333333336,2.3099999999999996,-0.935833333333334,54,4.222222222222222
1642262,Cody Williams,35,9.428571428571429,32,8.0625,-1.3660714285714288,7.4971428571428564,5.549999999999999,-1.9471428571428575,67,8.776119402985074
1642263,Reed Sheppard,41,13.121951219512194,41,13.951219512195122,0.8292682926829276,10.009756097560974,10.7390243902439,0.7292682926829261,82,13.536585365853659
1642264,Stephon Castle,37,16.56756756756757,32,16.65625,0.08868243243243157,13.381081081081078,14.899999999999999,1.5189189189189207,69,16.608695652173914
1642265,Rob Dillingham,32,6.78125,33,5.818181818181818,-0.9630681818181817,3.6218749999999997,3.542424242424242,-0.0794507575757577,65,6.292307692307692
1642266,Ja'Kobe Walter,34,7.911764705882353,38,7.157894736842105,-0.753869969040248,6.473529411764706,5.8315789473684205,-0.6419504643962854,72,7.513888888888889
1642267,Bub Carrington,41,9.658536585365853,41,11.75609756097561,2.097560975609756,7.014634146341464,8.470731707317073,1.4560975609756088,82,10.707317073170731
1642268,Isaiah Collier,29,12.655172413793103,30,10.7,-1.955172413793104,11.320689655172414,10.143333333333334,-1.1773563218390795,59,11.661016949152541
1642269,Devin Carter,21,7.333333333333333,17,10.882352941176471,3.549019607843138,5.738095238095239,8.270588235294118,2.5324929971988794,38,8.921052631578947
1642270,Donovan Clingan,37,12.91891891891892,40,11.4,-1.518918918918919,13.954054054054053,13.5575,-0.39655405405405375,77,12.12987012987013
1642271,Kyle Filipowski,38,11.157894736842104,39,11.666666666666666,0.5087719298245617,9.889473684210522,10.143589743589745,0.2541160593792231,77,11.415584415584416
1642272,Jared McCain,32,9,35,7.714285714285714,-1.2857142857142856,5.975000000000001,4.931428571428571,-1.0435714285714308,67,8.328358208955224
1642273,Kyshawn George,24,14.625,24,14.958333333333334,0.3333333333333339,11.179166666666667,10.608333333333333,-0.5708333333333346,48,14.791666666666666
1642274,Yves Missi,35,5.6,31,5.838709677419355,0.23870967741935534,6.262857142857144,7.64516129032258,1.3823041474654358,66,5.712121212121212
1642275,Tidjane Salaun,20,7,17,4.823529411764706,-2.1764705882352944,6.109999999999999,3.658823529411764,-2.4511764705882353,37,6
1642276,Kel'el Ware,37,11.567567567567568,40,10.575,-0.9925675675675691,11.77837837837838,10.772499999999999,-1.0058783783783802,77,11.051948051948052
1642277,Johnny Furphy,15,5.6,20,4.8,-0.7999999999999998,5.073333333333334,3.8849999999999993,-1.1883333333333348,35,5.142857142857143
1642278,Tyler Kolek,33,4.333333333333333,30,4.833333333333333,0.5,4.16969696969697,3.836666666666667,-0.333030303030303,63,4.571428571428571
1642280,Trentyn Flowers,0,NA,2,2,NA,NA,1.35,NA,2,2
1642281,Jaylon Tyson,35,12.914285714285715,31,13.548387096774194,0.6341013824884794,10.265714285714287,10.483870967741938,0.21815668202765082,66,13.212121212121213
1642282,Hunter Sallis,2,1,5,1,0,0.3500000000000001,0.31999999999999995,-0.030000000000000138,7,1
1642285,Cam Spencer,34,10.705882352941176,38,11.421052631578947,0.7151702786377712,10.429411764705883,11.38421052631579,0.9547987616099078,72,11.083333333333334
1642345,Oso Ighodaro,41,6.780487804878049,41,6.170731707317073,-0.6097560975609753,7.356097560975612,6.780487804878049,-0.5756097560975633,82,6.475609756097561
1642346,Ryan Dunn,33,5.424242424242424,37,6.162162162162162,0.7379197379197384,5.1393939393939405,5.74054054054054,0.6011466011465991,70,5.814285714285714
1642347,Jamal Shead,41,6.073170731707317,41,7.219512195121951,1.1463414634146343,5.604878048780487,7.3219512195121945,1.717073170731708,82,6.646341463414634
1642348,Justin Edwards,33,5.393939393939394,31,6.709677419354839,1.3157380254154454,4.293939393939395,5.129032258064517,0.8350928641251221,64,6.03125
1642349,Ajay Mitchell,27,13.925925925925926,30,13.266666666666667,-0.6592592592592581,11.355555555555554,11.086666666666664,-0.26888888888889007,57,13.578947368421053
1642352,Keshad Johnson,17,4.764705882352941,15,3.6666666666666665,-1.0980392156862746,3.5764705882352947,3.3733333333333335,-0.20313725490196122,32,4.25
1642353,Cam Christie,29,3.586206896551724,26,2,-1.5862068965517242,2.5448275862068965,1.6346153846153846,-0.910212201591512,55,2.8363636363636364
1642354,KJ Simpson,9,3.4444444444444446,11,5.454545454545454,2.0101010101010095,2.111111111111111,3.8272727272727267,1.7161616161616156,20,4.55
1642355,Bronny James,17,4.117647058823529,25,2.08,-2.037647058823529,3.4882352941176467,1.232,-2.256235294117647,42,2.9047619047619047
1642357,David Jones Garcia,6,2.6666666666666665,5,3.2,0.5333333333333337,2.4166666666666665,4.279999999999999,1.8633333333333328,11,2.909090909090909
1642358,AJ Johnson,27,1.962962962962963,21,5.095238095238095,3.132275132275132,0.6370370370370372,3.147619047619048,2.5105820105820107,48,3.3333333333333335
1642359,Pacome Dadiet,14,1.6428571428571428,15,1.6666666666666667,0.023809523809523947,1.5071428571428573,0.9666666666666668,-0.5404761904761906,29,1.6551724137931034
1642362,Payton Sandfort,2,5.5,2,12,6.5,1.5,9.2,7.699999999999999,4,8.75
1642363,Nique Clifford,37,8.27027027027027,38,8.921052631578947,0.6507823613086767,5.672972972972974,6.552631578947367,0.8796586059743934,75,8.6
1642364,Jamir Watkins,20,9.5,30,5.933333333333334,-3.5666666666666664,7.24,5.446666666666666,-1.793333333333334,50,7.36
1642366,Quinten Post,35,7,32,8.375,1.375,4.9714285714285715,6.984375000000001,2.0129464285714294,67,7.656716417910448
1642367,Jonathan Mogbo,21,2.2857142857142856,19,0.6842105263157895,-1.6015037593984962,2.5238095238095237,1.2263157894736838,-1.29749373433584,40,1.525
1642368,N'Faly Dante,2,1,2,0.5,-0.5,1.3,0.9500000000000002,-0.34999999999999987,4,0.75
1642377,Jaylen Wells,35,13.085714285714285,34,11.970588235294118,-1.1151260504201677,9.411428571428573,7.494117647058823,-1.9173109243697501,69,12.53623188405797
1642380,Adama Bal,3,12.666666666666666,5,9,-3.666666666666666,11.033333333333331,5.840000000000001,-5.193333333333331,8,10.375
1642382,Branden Carlson,19,5.578947368421052,23,5.913043478260869,0.33409610983981697,5.13157894736842,4.9869565217391285,-0.14462242562929184,42,5.761904761904762
1642383,Walter Clayton Jr.,33,9.090909090909092,36,6.611111111111111,-2.479797979797981,7.70909090909091,4.655555555555555,-3.053535353535355,69,7.797101449275362
1642384,Isaiah Crawford,7,0.7142857142857143,7,3.2857142857142856,2.571428571428571,0.05714285714285716,3.2,3.1428571428571432,14,2
1642389,Zyon Pullin,2,0,3,7.666666666666667,7.666666666666667,-0.2,7.033333333333332,7.2333333333333325,5,4.6
1642396,Blake Hinson,7,9.857142857142858,7,14,4.142857142857142,8.071428571428571,9.9,1.8285714285714292,14,11.928571428571429
1642400,Tristan Enaruna,5,3,4,5.5,2.5,3.0199999999999996,4.950000000000001,1.9300000000000015,9,4.111111111111111
1642402,Enrique Freeman,1,0,3,4.333333333333333,4.333333333333333,0,4.633333333333334,4.633333333333334,4,3.25
1642403,Isaac Jones,2,1.5,5,1.2,-0.30000000000000004,0.45,1.02,0.5700000000000001,7,1.2857142857142858
1642404,Chaz Lanier,17,1.3529411764705883,17,3.3529411764705883,2,0.2588235294117648,2.664705882352941,2.4058823529411764,34,2.3529411764705883
1642419,Jamison Battle,33,4.121212121212121,28,2,-2.121212121212121,3.209090909090909,1.3214285714285714,-1.8876623376623376,61,3.1475409836065573
1642434,Riley Minix,5,3.4,4,4.5,1.1,3.2,3.0749999999999993,-0.1250000000000009,9,3.888888888888889
1642443,Jahmir Young,7,2.4285714285714284,7,1.1428571428571428,-1.2857142857142856,1.0571428571428572,1.0857142857142856,0.02857142857142847,14,1.7857142857142858
1642449,Tolu Smith,7,3.7142857142857144,8,3.75,0.03571428571428559,3.1714285714285713,4.299999999999999,1.1285714285714277,15,3.7333333333333334
1642450,Daniss Jenkins,36,7.611111111111111,36,11.027777777777779,3.416666666666668,5.566666666666668,9.347222222222221,3.7805555555555532,72,9.319444444444445
1642461,Spencer Jones,34,5.411764705882353,30,5.6,0.1882352941176464,5.220588235294118,4.519999999999998,-0.70058823529412,64,5.5
1642468,Darius Brown,0,NA,1,0,NA,NA,-0.39999999999999997,NA,1,0
1642484,RayJ Dennis,9,6,8,2.5,-3.5,3.8666666666666663,0.8250000000000002,-3.041666666666666,17,4.352941176470588
1642490,Josh Oduro,2,8,1,9,1,8.55,5.699999999999999,-2.8500000000000014,3,8.333333333333334
1642502,Malevy Leons,14,3.7142857142857144,11,2.8181818181818183,-0.8961038961038961,4.114285714285713,2.2818181818181817,-1.8324675324675312,25,3.32
1642504,Cormac Ryan,6,14,5,14.6,0.5999999999999996,9.500000000000002,11.84,2.339999999999998,11,14.272727272727273
1642530,Yuki Kawamura,12,4.083333333333333,6,2.1666666666666665,-1.9166666666666665,4.7,1.6333333333333335,-3.0666666666666664,18,3.4444444444444446
1642843,Cooper Flagg,36,20.22222222222222,34,21.91176470588235,1.68954248366013,14.89722222222222,17.861764705882354,2.964542483660134,70,21.042857142857144
1642844,Dylan Harper,39,12.102564102564102,31,11.67741935483871,-0.42514474772539224,9.366666666666669,10.30967741935484,0.9430107526881706,70,11.914285714285715
1642845,VJ Edgecombe,38,16.894736842105264,37,15.054054054054054,-1.8406827880512093,13.039473684210526,12.36756756756757,-0.6719061166429565,75,15.986666666666666
1642846,Ace Bailey,35,11.82857142857143,37,15.64864864864865,3.82007722007722,6.797142857142856,11.186486486486487,4.389343629343631,72,13.791666666666666
1642847,Jeremiah Fears,41,15.341463414634147,41,13.170731707317072,-2.170731707317074,10.624390243902436,9.075609756097561,-1.5487804878048745,82,14.25609756097561
1642848,Tre Johnson,31,12.387096774193548,29,12.03448275862069,-0.35261401557285765,7.06451612903226,7.479310344827585,0.41479421579532527,60,12.216666666666667
1642849,Nolan Traore,27,8,29,9.758620689655173,1.7586206896551726,4.248148148148148,6.3,2.0518518518518523,56,8.910714285714286
1642851,Kon Knueppel,41,20.146341463414632,40,16.8,-3.346341463414632,15.436585365853661,12.545,-2.891585365853661,81,18.493827160493826
1642852,Derik Queen,41,10.390243902439025,40,13.05,2.659756097560976,8.753658536585366,11.977499999999997,3.2238414634146313,81,11.703703703703704
1642853,Rasheer Fleming,26,4.769230769230769,29,3.9310344827586206,-0.8381962864721486,3.4538461538461545,2.7517241379310344,-0.70212201591512,55,4.327272727272727
1642854,Asa Newell,23,4.086956521739131,21,6.333333333333333,2.246376811594202,3.1999999999999993,5.16190476190476,1.9619047619047612,44,5.159090909090909
1642855,Noa Essengue,1,0,1,0,0,-0.7999999999999999,-0.7,0.09999999999999998,2,0
1642856,Egor Demin,26,10,26,10.615384615384615,0.615384615384615,6.976923076923075,8.353846153846153,1.3769230769230774,52,10.307692307692308
1642857,Kasparas Jakucionis,28,5.428571428571429,25,7.04,1.6114285714285712,5.078571428571428,6.383999999999999,1.3054285714285703,53,6.188679245283019
1642859,Jase Richardson,30,4.433333333333334,24,4.416666666666667,-0.016666666666666607,3.3100000000000005,3.358333333333333,0.04833333333333245,54,4.425925925925926
1642860,Will Riley,38,10.710526315789474,36,9.916666666666666,-0.7938596491228083,8.342105263157896,6.311111111111112,-2.030994152046784,74,10.324324324324325
1642862,Liam McNeeley,14,3.7142857142857144,17,4.705882352941177,0.9915966386554622,2.507142857142857,3.905882352941177,1.3987394957983197,31,4.258064516129032
1642863,Khaman Maluach,20,3.3,26,2.8076923076923075,-0.49230769230769234,3.1550000000000002,2.7230769230769236,-0.43192307692307663,46,3.0217391304347827
1642864,Hugo Gonzalez,37,4.54054054054054,37,3.27027027027027,-1.2702702702702702,4.564864864864863,2.3027027027027027,-2.2621621621621606,74,3.9054054054054053
1642866,Joan Beringer,20,4.05,20,3.75,-0.2999999999999998,4.355,3.564999999999999,-0.7900000000000014,40,3.9
1642867,Collin Murray-Boyles,25,9,32,8.09375,-0.90625,9.096000000000002,8.30625,-0.7897500000000015,57,8.491228070175438
1642868,Carter Bryant,35,3.4285714285714284,36,4.944444444444445,1.5158730158730163,2.4628571428571435,3.5472222222222216,1.084365079365078,71,4.197183098591549
1642869,Noah Penda,33,4.696969696969697,26,2.769230769230769,-1.927738927738928,4.618181818181818,2.453846153846154,-2.164335664335664,59,3.847457627118644
1642873,Amari Williams,10,1.2,12,1.5,0.30000000000000004,1.7600000000000002,1.2333333333333332,-0.5266666666666671,22,1.3636363636363635
1642874,Danny Wolf,27,9.518518518518519,30,8.366666666666667,-1.151851851851852,6.5703703703703695,6.959999999999999,0.38962962962962955,57,8.912280701754385
1642875,Maxime Raynaud,36,12.277777777777779,38,12.631578947368421,0.3538011695906427,10.494444444444445,10.79473684210526,0.30029239766081517,74,12.45945945945946
1642876,Adou Thiero,9,1.6666666666666667,16,2,0.33333333333333326,0.8555555555555555,1.9750000000000003,1.119444444444445,25,1.88
1642877,Micah Peavy,31,4.064516129032258,30,4.533333333333333,0.4688172043010752,2.829032258064515,3.616666666666667,0.7876344086021523,61,4.295081967213115
1642878,Tyrese Proctor,22,6.954545454545454,28,4.25,-2.704545454545454,4.731818181818182,2.9428571428571426,-1.7889610389610398,50,5.44
1642879,Ben Saraf,23,7.6521739130434785,21,7.428571428571429,-0.22360248447204967,4.8869565217391315,4.704761904761904,-0.1821946169772275,44,7.545454545454546
1642880,Kam Jones,22,3.6818181818181817,15,5.4,1.7181818181818187,3.2409090909090903,4.78,1.53909090909091,37,4.378378378378378
1642882,Julian Reese,7,11.285714285714286,6,12.5,1.2142857142857135,10.914285714285715,11.299999999999997,0.38571428571428257,13,11.846153846153847
1642883,Sion James,41,5.048780487804878,41,5.7073170731707314,0.6585365853658534,4.531707317073171,4.98048780487805,0.44878048780487845,82,5.378048780487805
1642884,Vladislav Goldin,5,0,4,1.75,1.75,0.2799999999999999,1.775,1.495,9,0.7777777777777778
1642885,Mohamed Diawara,36,3.888888888888889,33,3.212121212121212,-0.6767676767676769,2.8583333333333325,2.1242424242424245,-0.734090909090908,69,3.5652173913043477
1642886,Koby Brea,4,6.5,8,2.375,-4.125,4.200000000000001,1.6750000000000003,-2.525000000000001,12,3.75
1642905,Hansen Yang,18,2.2777777777777777,25,2.16,-0.11777777777777754,1.3777777777777778,0.568,-0.8097777777777778,43,2.2093023255813953
1642907,Cedric Coward,29,11.793103448275861,33,15.181818181818182,3.3887147335423204,8.424137931034481,12.796969696969699,4.372831765935217,62,13.596774193548388
1642910,John Tonje,4,0,2,7.5,7.5,-0.025000000000000022,5.050000000000001,5.075000000000001,6,2.5
1642911,Rocco Zikarsky,2,2,3,3.3333333333333335,1.3333333333333335,2.7,4.233333333333333,1.5333333333333332,5,2.8
1642914,Javon Small,17,10.294117647058824,24,9.208333333333334,-1.0857843137254903,8.770588235294117,8.754166666666666,-0.016421568627450256,41,9.658536585365853
1642917,Max Shulga,6,0,5,1.4,1.4,-0.4333333333333333,0.64,1.0733333333333333,11,0.6363636363636364
1642918,Alijah Martin,9,2.111111111111111,14,2.2857142857142856,0.17460317460317443,1.0777777777777777,1.957142857142857,0.8793650793650793,23,2.217391304347826
1642920,Kobe Sanders,36,6.694444444444445,32,7.9375,1.2430555555555554,4.497222222222222,5.671875,1.1746527777777782,68,7.279411764705882
1642928,Dylan Cardwell,21,4.666666666666667,23,6.086956521739131,1.4202898550724639,6.109523809523809,8.334782608695653,2.2252587991718435,44,5.409090909090909
1642933,Keshon Gilbert,3,5.666666666666667,1,0,-5.666666666666667,5.366666666666667,0.9999999999999999,-4.366666666666667,4,4.25
1642935,Chucky Hepburn,1,0,1,0,0,-1.1999999999999997,-2.0999999999999996,-0.8999999999999999,2,0
1642938,Curtis Jones,7,3.142857142857143,3,2.3333333333333335,-0.8095238095238093,2.3571428571428568,2.766666666666666,0.4095238095238094,10,2.9
1642939,Miles Kelly,4,1.75,10,3.6,1.85,1.6749999999999998,2.34,0.665,14,3.0714285714285716
1642942,Jahmai Mashack,19,5.578947368421052,12,7.166666666666667,1.5877192982456148,4.6000000000000005,3.774999999999999,-0.8250000000000015,31,6.193548387096774
1642948,Ryan Nembhard,32,6.71875,28,6.5,-0.21875,5.631250000000001,6.410714285714286,0.7794642857142842,60,6.616666666666666
1642949,Yanic Konan Niederhauser,23,3.0434782608695654,18,5.888888888888889,2.845410628019324,2.830434782608696,5.299999999999999,2.469565217391303,41,4.2926829268292686
1642950,Lachlan Olbrich,21,3.4285714285714284,16,1.0625,-2.3660714285714284,3.723809523809525,1.5187499999999998,-2.205059523809525,37,2.4054054054054053
1642951,Sean Pedulla,2,1,5,2.2,1.2000000000000002,-0.34999999999999987,1.4,1.7499999999999998,7,1.8571428571428572
1642954,Will Richard,34,7.0588235294117645,35,5.742857142857143,-1.3159663865546216,6.44705882352941,4.731428571428571,-1.7156302521008389,69,6.391304347826087
1642955,Kadary Richmond,1,5,2,10,5,7.800000000000001,12.45,4.649999999999999,3,8.333333333333334
1642959,Chris Youngblood,16,3,18,1.2777777777777777,-1.7222222222222223,2.3625,0.6888888888888887,-1.6736111111111112,34,2.088235294117647
1642962,Drake Powell,28,6.928571428571429,35,6.114285714285714,-0.814285714285715,4.628571428571427,3.937142857142857,-0.6914285714285704,63,6.476190476190476
1642964,Brooks Barnhizer,22,1.8636363636363635,18,1.5,-0.36363636363636354,1.6409090909090909,1.7722222222222221,0.13131313131313127,40,1.7
1642967,John Poulakidas,8,8.125,5,10,1.875,5.4624999999999995,7.140000000000001,1.677500000000001,13,8.846153846153847
1643007,Taelon Peter,19,5.105263157894737,19,3.8947368421052633,-1.210526315789474,3.521052631578947,2.7052631578947364,-0.8157894736842106,38,4.5
1643016,Bez Mbeng,8,6.375,7,10.142857142857142,3.7678571428571423,6.35,11.771428571428572,5.421428571428573,15,8.133333333333333
1643018,LJ Cryer,9,7.888888888888889,9,8.555555555555555,0.6666666666666661,4.422222222222222,4.966666666666667,0.5444444444444452,18,8.222222222222221
1643024,Chris Manon,3,0,6,1.1666666666666667,1.1666666666666667,0.7666666666666666,1.6333333333333335,0.8666666666666669,9,0.7777777777777778
1643047,CJ Huntley,3,3.3333333333333335,1,2,-1.3333333333333335,3.1999999999999997,1,-2.1999999999999997,4,3
1643052,Chaney Johnson,7,8.142857142857142,10,8.2,0.05714285714285694,6.685714285714286,8.7,2.0142857142857133,17,8.176470588235293
1643060,Hayden Gray,1,6,0,NA,NA,6.1000000000000005,NA,NA,1,6
1643133,Lawson Lovering,1,3,1,11,8,3.3999999999999995,12.7,9.3,2,7
1643141,Jahmyl Telfort,7,0.14285714285714285,1,0,-0.14285714285714285,-0.42857142857142866,-0.39999999999999997,0.028571428571428692,8,0.125
1643158,Andersson Garcia,3,4.333333333333333,2,6.5,2.166666666666667,5.1,9.899999999999999,4.799999999999999,5,5.2
1643253,Toby Okani,4,12.5,2,5,-7.5,6.325000000000001,1.0499999999999998,-5.275000000000001,6,10
1643257,Jayson Kent,2,2.5,3,1.6666666666666667,-0.8333333333333333,2.15,1.7333333333333332,-0.41666666666666674,5,2
