id,player,jump_balls_participated,wins,losses,win_percent,jump_balls_participated_percentile,win_percent_percentile,avg_percentiles
1626157,Karl-Anthony Towns,81,42,39,0.5185185185185185,0.9384615384615385,0.6102564102564103,0.7743589743589744
1626164,Devin Booker,15,6,9,0.4,0.6512820512820513,0.3282051282051282,0.4897435897435898
1626167,Myles Turner,82,23,59,0.2804878048780488,0.9435897435897436,0.20512820512820512,0.5743589743589743
1626172,Kevon Looney,9,1,8,0.1111111111111111,0.4717948717948718,0.035897435897435895,0.25384615384615383
1626181,Norman Powell,6,1,5,0.16666666666666666,0.16923076923076924,0.07179487179487179,0.12051282051282051
1626220,Royce O'Neale,5,3,2,0.6,0,0.7128205128205128,0.3564102564102564
1627734,Domantas Sabonis,19,7,12,0.3684210526315789,0.7333333333333333,0.2717948717948718,0.5025641025641026
1627742,Brandon Ingram,7,4,3,0.5714285714285714,0.26153846153846155,0.6564102564102564,0.458974358974359
1627750,Jamal Murray,6,5,1,0.8333333333333334,0.16923076923076924,0.958974358974359,0.5641025641025641
1627751,Jakob Poeltl,54,34,20,0.6296296296296297,0.8769230769230769,0.8102564102564103,0.8435897435897436
1627759,Jaylen Brown,25,17,8,0.68,0.7692307692307693,0.8717948717948718,0.8205128205128205
1627783,Pascal Siakam,9,3,6,0.3333333333333333,0.4717948717948718,0.22564102564102564,0.3487179487179487
1627824,Guerschon Yabusele,5,1,4,0.2,0,0.10256410256410256,0.05128205128205128
1627826,Ivica Zubac,57,24,33,0.42105263157894735,0.8974358974358975,0.37948717948717947,0.6384615384615384
1627936,Alex Caruso,6,1,5,0.16666666666666666,0.16923076923076924,0.07179487179487179,0.12051282051282051
1628368,De'Aaron Fox,7,3,4,0.42857142857142855,0.26153846153846155,0.38461538461538464,0.3230769230769231
1628374,Lauri Markkanen,15,7,8,0.4666666666666667,0.6512820512820513,0.49743589743589745,0.5743589743589743
1628378,Donovan Mitchell,11,1,10,0.09090909090909091,0.558974358974359,0.03076923076923077,0.2948717948717949
1628381,John Collins,8,5,3,0.625,0.358974358974359,0.7846153846153846,0.5717948717948718
1628384,OG Anunoby,8,5,3,0.625,0.358974358974359,0.7846153846153846,0.5717948717948718
1628386,Jarrett Allen,66,42,24,0.6363636363636364,0.9179487179487179,0.8205128205128205,0.8692307692307693
1628389,Bam Adebayo,63,42,21,0.6666666666666666,0.9076923076923077,0.841025641025641,0.8743589743589744
1628392,Isaiah Hartenstein,15,5,10,0.3333333333333333,0.6512820512820513,0.22564102564102564,0.43846153846153846
1628396,Tony Bradley,5,3,2,0.6,0,0.7128205128205128,0.3564102564102564
1628401,Derrick White,8,1,7,0.125,0.358974358974359,0.041025641025641026,0.2
1628415,Dillon Brooks,7,4,3,0.5714285714285714,0.26153846153846155,0.6564102564102564,0.458974358974359
1628418,Thomas Bryant,5,4,1,0.8,0,0.9333333333333333,0.4666666666666667
1628436,Luke Kornet,30,15,15,0.5,0.7948717948717948,0.5282051282051282,0.6615384615384615
1628467,Maxi Kleber,5,4,1,0.8,0,0.9333333333333333,0.4666666666666667
1628963,Marvin Bagley III,18,4,14,0.2222222222222222,0.717948717948718,0.1641025641025641,0.441025641025641
1628969,Mikal Bridges,5,3,2,0.6,0,0.7128205128205128,0.3564102564102564
1628973,Jalen Brunson,7,2,5,0.2857142857142857,0.26153846153846155,0.21025641025641026,0.2358974358974359
1628976,Wendell Carter Jr.,102,69,33,0.6764705882352942,1,0.8615384615384616,0.9307692307692308
1628978,Donte DiVincenzo,5,2,3,0.4,0,0.3282051282051282,0.1641025641025641
1628983,Shai Gilgeous-Alexander,8,3,5,0.375,0.358974358974359,0.28205128205128205,0.3205128205128205
1628991,Jaren Jackson Jr.,51,25,26,0.49019607843137253,0.8666666666666667,0.5230769230769231,0.6948717948717948
1629001,De'Anthony Melton,13,10,3,0.7692307692307693,0.6153846153846154,0.9282051282051282,0.7717948717948718
1629011,Mitchell Robinson,28,21,7,0.75,0.7794871794871795,0.9128205128205128,0.8461538461538461
1629012,Collin Sexton,8,5,3,0.625,0.358974358974359,0.7846153846153846,0.5717948717948718
1629023,P.J. Washington,13,4,9,0.3076923076923077,0.6153846153846154,0.2153846153846154,0.4153846153846154
1629028,Deandre Ayton,84,57,27,0.6785714285714286,0.958974358974359,0.8666666666666667,0.9128205128205129
1629029,Luka Dončić,5,2,3,0.4,0,0.3282051282051282,0.1641025641025641
1629048,Goga Bitadze,10,5,5,0.5,0.517948717948718,0.5282051282051282,0.5230769230769231
1629057,Robert Williams III,9,6,3,0.6666666666666666,0.4717948717948718,0.841025641025641,0.6564102564102564
1629060,Rui Hachimura,5,4,1,0.8,0,0.9333333333333333,0.4666666666666667
1629111,Jock Landale,10,6,4,0.6,0.517948717948718,0.7128205128205128,0.6153846153846154
1629234,Drew Eubanks,17,4,13,0.23529411764705882,0.7025641025641025,0.16923076923076924,0.4358974358974359
1629627,Zion Williamson,13,6,7,0.46153846153846156,0.6153846153846154,0.47692307692307695,0.5461538461538462
1629628,RJ Barrett,7,4,3,0.5714285714285714,0.26153846153846155,0.6564102564102564,0.458974358974359
1629632,Coby White,5,2,3,0.4,0,0.3282051282051282,0.1641025641025641
1629637,Jaxson Hayes,16,11,5,0.6875,0.676923076923077,0.882051282051282,0.7794871794871795
1629640,Keldon Johnson,6,3,3,0.5,0.16923076923076924,0.5282051282051282,0.3487179487179487
1629651,Nic Claxton,86,54,32,0.627906976744186,0.9794871794871794,0.8051282051282052,0.8923076923076922
1629652,Luguentz Dort,7,4,3,0.5714285714285714,0.26153846153846155,0.6564102564102564,0.458974358974359
1629655,Daniel Gafford,56,21,35,0.375,0.8923076923076924,0.28205128205128205,0.5871794871794872
1629674,Neemias Queta,91,42,49,0.46153846153846156,0.9897435897435898,0.47692307692307695,0.7333333333333334
1629675,Naz Reid,12,6,6,0.5,0.5794871794871795,0.5282051282051282,0.5538461538461539
1629731,Dean Wade,6,2,4,0.3333333333333333,0.16923076923076924,0.22564102564102564,0.19743589743589746
1630163,LaMelo Ball,5,1,4,0.2,0,0.10256410256410256,0.05128205128205128
1630166,Deni Avdija,7,4,3,0.5714285714285714,0.26153846153846155,0.6564102564102564,0.458974358974359
1630168,Onyeka Okongwu,84,39,45,0.4642857142857143,0.958974358974359,0.48717948717948717,0.7230769230769231
1630171,Isaac Okoro,7,3,4,0.42857142857142855,0.26153846153846155,0.38461538461538464,0.3230769230769231
1630172,Patrick Williams,8,3,5,0.375,0.358974358974359,0.28205128205128205,0.3205128205128205
1630173,Precious Achiuwa,10,6,4,0.6,0.517948717948718,0.7128205128205128,0.6153846153846154
1630175,Cole Anthony,5,0,5,0,0,0,0
1630183,Jaden McDaniels,7,3,4,0.42857142857142855,0.26153846153846155,0.38461538461538464,0.3230769230769231
1630188,Jalen Smith,22,10,12,0.45454545454545453,0.7487179487179487,0.46153846153846156,0.6051282051282052
1630191,Isaiah Stewart,7,4,3,0.5714285714285714,0.26153846153846155,0.6564102564102564,0.458974358974359
1630192,Zeke Nnaji,6,3,3,0.5,0.16923076923076924,0.5282051282051282,0.3487179487179487
1630194,Paul Reed,29,18,11,0.6206896551724138,0.7846153846153846,0.7794871794871795,0.782051282051282
1630202,Payton Pritchard,5,0,5,0,0,0,0
1630208,Nick Richards,9,5,4,0.5555555555555556,0.4717948717948718,0.6461538461538462,0.558974358974359
1630228,Jonathan Kuminga,5,1,4,0.2,0,0.10256410256410256,0.05128205128205128
1630245,Ayo Dosunmu,7,3,4,0.42857142857142855,0.26153846153846155,0.38461538461538464,0.3230769230769231
1630264,Anthony Gill,8,1,7,0.125,0.358974358974359,0.041025641025641026,0.2
1630530,Trey Murphy III,12,2,10,0.16666666666666666,0.5794871794871795,0.07179487179487179,0.32564102564102565
1630541,Moses Moody,6,1,5,0.16666666666666666,0.16923076923076924,0.07179487179487179,0.12051282051282051
1630543,Isaiah Jackson,17,7,10,0.4117647058823529,0.7025641025641025,0.37435897435897436,0.5384615384615384
1630549,Day'Ron Sharpe,15,6,9,0.4,0.6512820512820513,0.3282051282051282,0.4897435897435898
1630552,Jalen Johnson,7,5,2,0.7142857142857143,0.26153846153846155,0.8974358974358975,0.5794871794871795
1630567,Scottie Barnes,49,19,30,0.3877551020408163,0.8615384615384616,0.3230769230769231,0.5923076923076923
1630568,Luka Garza,9,4,5,0.4444444444444444,0.4717948717948718,0.4307692307692308,0.4512820512820513
1630572,Sandro Mamukelashvili,6,1,5,0.16666666666666666,0.16923076923076924,0.07179487179487179,0.12051282051282051
1630574,Ariel Hukporti,8,4,4,0.5,0.358974358974359,0.5282051282051282,0.44358974358974357
1630578,Alperen Sengun,87,39,48,0.4482758620689655,0.9846153846153847,0.4512820512820513,0.717948717948718
1630579,Jericho Sims,13,7,6,0.5384615384615384,0.6153846153846154,0.6307692307692307,0.6230769230769231
1630595,Cade Cunningham,5,3,2,0.6,0,0.7128205128205128,0.3564102564102564
1630596,Evan Mobley,41,27,14,0.6585365853658537,0.841025641025641,0.8358974358974359,0.8384615384615385
1630619,Moussa Cisse,8,4,4,0.5,0.358974358974359,0.5282051282051282,0.44358974358974357
1630643,Jay Huff,54,33,21,0.6111111111111112,0.8769230769230769,0.7692307692307693,0.823076923076923
1630692,Jordan Goodwin,6,2,4,0.3333333333333333,0.16923076923076924,0.22564102564102564,0.19743589743589746
1630695,Micah Potter,12,4,8,0.3333333333333333,0.5794871794871795,0.22564102564102564,0.4025641025641026
1630700,Dyson Daniels,6,3,3,0.5,0.16923076923076924,0.5282051282051282,0.3487179487179487
1631094,Paolo Banchero,9,8,1,0.8888888888888888,0.4717948717948718,0.9794871794871794,0.7256410256410256
1631095,Jabari Smith Jr.,7,4,3,0.5714285714285714,0.26153846153846155,0.6564102564102564,0.458974358974359
1631096,Chet Holmgren,82,40,42,0.4878048780487805,0.9435897435897436,0.517948717948718,0.7307692307692308
1631097,Bennedict Mathurin,6,3,3,0.5,0.16923076923076924,0.5282051282051282,0.3487179487179487
1631101,Shaedon Sharpe,5,2,3,0.4,0,0.3282051282051282,0.1641025641025641
1631105,Jalen Duren,84,39,45,0.4642857142857143,0.958974358974359,0.48717948717948717,0.7230769230769231
1631109,Mark Williams,67,51,16,0.7611940298507462,0.9230769230769231,0.9230769230769231,0.9230769230769231
1631117,Walker Kessler,7,7,0,1,0.26153846153846155,0.9948717948717949,0.6282051282051282
1631119,Jaylin Williams,16,6,10,0.375,0.676923076923077,0.28205128205128205,0.4794871794871795
1631131,Oscar Tshiebwe,6,5,1,0.8333333333333334,0.16923076923076924,0.958974358974359,0.5641025641025641
1631132,Christian Koloko,8,2,6,0.25,0.358974358974359,0.17435897435897435,0.26666666666666666
1631157,Ryan Rollins,13,4,9,0.3076923076923077,0.6153846153846154,0.2153846153846154,0.4153846153846154
1631159,Leonard Miller,7,6,1,0.8571428571428571,0.26153846153846155,0.9743589743589743,0.617948717948718
1631170,Jaime Jaquez Jr.,11,5,6,0.45454545454545453,0.558974358974359,0.46153846153846156,0.5102564102564102
1631200,Kris Murray,8,6,2,0.75,0.358974358974359,0.9128205128205128,0.6358974358974359
1631217,Moussa Diabaté,69,31,38,0.4492753623188406,0.9282051282051282,0.4564102564102564,0.6923076923076923
1631218,Trayce Jackson-Davis,6,1,5,0.16666666666666666,0.16923076923076924,0.07179487179487179,0.12051282051282051
1631222,Jake LaRavia,12,3,9,0.25,0.5794871794871795,0.17435897435897435,0.3769230769230769
1631230,Dominick Barlow,25,9,16,0.36,0.7692307692307693,0.26666666666666666,0.517948717948718
1631243,Mouhamed Gueye,13,7,6,0.5384615384615384,0.6153846153846154,0.6307692307692307,0.6230769230769231
1631245,Quenton Jackson,5,0,5,0,0,0,0
1631323,Simone Fontecchio,5,3,2,0.6,0,0.7128205128205128,0.3564102564102564
1641705,Victor Wembanyama,72,64,8,0.8888888888888888,0.9333333333333333,0.9794871794871794,0.9564102564102563
1641707,Taylor Hendricks,8,2,6,0.25,0.358974358974359,0.17435897435897435,0.26666666666666666
1641708,Amen Thompson,19,12,7,0.631578947368421,0.7333333333333333,0.8153846153846154,0.7743589743589743
1641709,Ausar Thompson,7,4,3,0.5714285714285714,0.26153846153846155,0.6564102564102564,0.458974358974359
1641710,Anthony Black,5,1,4,0.2,0,0.10256410256410256,0.05128205128205128
1641711,Gradey Dick,5,4,1,0.8,0,0.9333333333333333,0.4666666666666667
1641713,GG Jackson,5,1,4,0.2,0,0.10256410256410256,0.05128205128205128
1641716,Jarace Walker,5,2,3,0.4,0,0.3282051282051282,0.1641025641025641
1641717,Cason Wallace,11,5,6,0.45454545454545453,0.558974358974359,0.46153846153846156,0.5102564102564102
1641718,Keyonte George,5,2,3,0.4,0,0.3282051282051282,0.1641025641025641
1641730,Noah Clowney,10,5,5,0.5,0.517948717948718,0.5282051282051282,0.5230769230769231
1641737,Adem Bona,32,11,21,0.34375,0.8051282051282052,0.2564102564102564,0.5307692307692308
1641738,Kobe Brown,8,1,7,0.125,0.358974358974359,0.041025641025641026,0.2
1641739,Toumani Camara,10,5,5,0.5,0.517948717948718,0.5282051282051282,0.5230769230769231
1641744,Zach Edey,16,13,3,0.8125,0.676923076923077,0.9538461538461539,0.8153846153846154
1641747,DaRon Holmes II,8,2,6,0.25,0.358974358974359,0.17435897435897435,0.26666666666666666
1641750,Ryan Kalkbrenner,46,22,24,0.4782608695652174,0.8461538461538461,0.5076923076923077,0.676923076923077
1641764,Brandin Podziemski,5,1,4,0.2,0,0.10256410256410256,0.05128205128205128
1641765,Olivier-Maxence Prosper,23,1,22,0.043478260869565216,0.7538461538461538,0.020512820512820513,0.3871794871794872
1641772,Nae'Qwan Tomlin,5,1,4,0.2,0,0.10256410256410256,0.05128205128205128
1641774,Tristan Vukcevic,12,1,11,0.08333333333333333,0.5794871794871795,0.02564102564102564,0.3025641025641026
1641775,Jordan Walsh,10,6,4,0.6,0.517948717948718,0.7128205128205128,0.6153846153846154
1641796,Pelle Larsson,5,1,4,0.2,0,0.10256410256410256,0.05128205128205128
1641824,Matas Buzelis,21,13,8,0.6190476190476191,0.7435897435897436,0.7743589743589744,0.7589743589743589
1641842,Ronald Holland II,9,8,1,0.8888888888888888,0.4717948717948718,0.9794871794871794,0.7256410256410256
1642258,Zaccharie Risacher,7,3,4,0.42857142857142855,0.26153846153846155,0.38461538461538464,0.3230769230769231
1642259,Alex Sarr,61,27,34,0.4426229508196721,0.9025641025641026,0.42564102564102563,0.6641025641025641
1642262,Cody Williams,7,0,7,0,0.26153846153846155,0,0.13076923076923078
1642264,Stephon Castle,6,3,3,0.5,0.16923076923076924,0.5282051282051282,0.3487179487179487
1642266,Ja'Kobe Walter,8,2,6,0.25,0.358974358974359,0.17435897435897435,0.26666666666666666
1642268,Isaiah Collier,8,3,5,0.375,0.358974358974359,0.28205128205128205,0.3205128205128205
1642270,Donovan Clingan,97,53,44,0.5463917525773195,0.9948717948717949,0.6410256410256411,0.8179487179487179
1642271,Kyle Filipowski,39,16,23,0.41025641025641024,0.8307692307692308,0.36923076923076925,0.6000000000000001
1642273,Kyshawn George,9,4,5,0.4444444444444444,0.4717948717948718,0.4307692307692308,0.4512820512820513
1642274,Yves Missi,24,9,15,0.375,0.764102564102564,0.28205128205128205,0.523076923076923
1642276,Kel'el Ware,40,23,17,0.575,0.8358974358974359,0.6974358974358974,0.7666666666666666
1642281,Jaylon Tyson,5,3,2,0.6,0,0.7128205128205128,0.3564102564102564
1642345,Oso Ighodaro,36,21,15,0.5833333333333334,0.8205128205128205,0.7076923076923077,0.764102564102564
1642366,Quinten Post,37,18,19,0.4864864864864865,0.8256410256410256,0.5128205128205128,0.6692307692307692
1642845,VJ Edgecombe,18,8,10,0.4444444444444444,0.717948717948718,0.4307692307692308,0.5743589743589743
1642846,Ace Bailey,9,4,5,0.4444444444444444,0.4717948717948718,0.4307692307692308,0.4512820512820513
1642847,Jeremiah Fears,8,2,6,0.25,0.358974358974359,0.17435897435897435,0.26666666666666666
1642849,Nolan Traore,5,1,4,0.2,0,0.10256410256410256,0.05128205128205128
1642851,Kon Knueppel,8,1,7,0.125,0.358974358974359,0.041025641025641026,0.2
1642852,Derik Queen,46,10,36,0.21739130434782608,0.8461538461538461,0.15897435897435896,0.5025641025641026
1642863,Khaman Maluach,6,4,2,0.6666666666666666,0.16923076923076924,0.841025641025641,0.5051282051282051
1642866,Joan Beringer,5,3,2,0.6,0,0.7128205128205128,0.3564102564102564
1642867,Collin Murray-Boyles,16,7,9,0.4375,0.676923076923077,0.4153846153846154,0.5461538461538462
1642875,Maxime Raynaud,64,40,24,0.625,0.9128205128205128,0.7846153846153846,0.8487179487179487
1642877,Micah Peavy,8,1,7,0.125,0.358974358974359,0.041025641025641026,0.2
1642882,Julian Reese,12,4,8,0.3333333333333333,0.5794871794871795,0.22564102564102564,0.4025641025641026
1642883,Sion James,6,3,3,0.5,0.16923076923076924,0.5282051282051282,0.3487179487179487
1642920,Kobe Sanders,5,1,4,0.2,0,0.10256410256410256,0.05128205128205128
1642928,Dylan Cardwell,8,1,7,0.125,0.358974358974359,0.041025641025641026,0.2
1642949,Yanic Konan Niederhäuser,5,5,0,1,0,0.9948717948717949,0.49743589743589745
201143,Al Horford,18,12,6,0.6666666666666666,0.717948717948718,0.841025641025641,0.7794871794871795
201572,Brook Lopez,55,26,29,0.4727272727272727,0.8871794871794871,0.5025641025641026,0.6948717948717948
201599,DeAndre Jordan,7,3,4,0.42857142857142855,0.26153846153846155,0.38461538461538464,0.3230769230769231
201942,DeMar DeRozan,8,3,5,0.375,0.358974358974359,0.28205128205128205,0.3205128205128205
202685,Jonas Valančiūnas,11,7,4,0.6363636363636364,0.558974358974359,0.8205128205128205,0.6897435897435897
202695,Kawhi Leonard,8,3,5,0.375,0.358974358974359,0.28205128205128205,0.3205128205128205
202696,Nikola Vučević,53,19,34,0.3584905660377358,0.8717948717948718,0.26153846153846155,0.5666666666666667
202699,Tobias Harris,5,3,2,0.6,0,0.7128205128205128,0.3564102564102564
203076,Anthony Davis,17,9,8,0.5294117647058824,0.7025641025641025,0.6153846153846154,0.658974358974359
203083,Andre Drummond,31,23,8,0.7419354838709677,0.8,0.9076923076923077,0.8538461538461539
203110,Draymond Green,35,13,22,0.37142857142857144,0.8153846153846154,0.27692307692307694,0.5461538461538462
203497,Rudy Gobert,84,45,39,0.5357142857142857,0.958974358974359,0.6256410256410256,0.7923076923076924
203500,Steven Adams,23,13,10,0.5652173913043478,0.7538461538461538,0.6512820512820513,0.7025641025641025
203507,Giannis Antetokounmpo,10,7,3,0.7,0.517948717948718,0.8871794871794871,0.7025641025641025
203924,Jerami Grant,14,7,7,0.5,0.6461538461538462,0.5282051282051282,0.5871794871794872
203932,Aaron Gordon,6,5,1,0.8333333333333334,0.16923076923076924,0.958974358974359,0.5641025641025641
203939,Dwight Powell,16,7,9,0.4375,0.676923076923077,0.4153846153846154,0.5461538461538462
203944,Julius Randle,15,11,4,0.7333333333333333,0.6512820512820513,0.9025641025641026,0.7769230769230769
203952,Andrew Wiggins,10,7,3,0.7,0.517948717948718,0.8871794871794871,0.7025641025641025
203954,Joel Embiid,32,17,15,0.53125,0.8051282051282052,0.6205128205128205,0.7128205128205128
203991,Clint Capela,12,6,6,0.5,0.5794871794871795,0.5282051282051282,0.5538461538461539
203994,Jusuf Nurkić,47,32,15,0.6808510638297872,0.8564102564102564,0.8769230769230769,0.8666666666666667
203999,Nikola Jokić,83,48,35,0.5783132530120482,0.9538461538461539,0.7025641025641025,0.8282051282051281
204001,Kristaps Porziņģis,29,19,10,0.6551724137931034,0.7846153846153846,0.8307692307692308,0.8076923076923077
204456,T.J. McConnell,5,1,4,0.2,0,0.10256410256410256,0.05128205128205128
2544,LeBron James,6,3,3,0.5,0.16923076923076924,0.5282051282051282,0.3487179487179487
