personId,name,n_below_45_w_percent,ppg_below_45_w_percent,n_above_55_w_percent,ppg_above_55_w_percent,ppg_diff,gmsc_below_45_w_percent,gmsc_above_55_w_percent,gmsc_diff,g_total,ppg_total
2544,LeBron James,23,22.217391304347824,18,18.38888888888889,-3.828502415458935,20.06521739130435,15.549999999999999,-4.515217391304352,60,20.933333333333334
101108,Chris Paul,4,3,3,2,-1,2.575,2.1,-0.4750000000000001,16,2.9375
200768,Kyle Lowry,8,1.375,4,0,-1.375,0.7000000000000002,-1.225,-1.9250000000000003,14,1.2142857142857142
201142,Kevin Durant,28,25,29,25.06896551724138,0.06896551724138078,19.63928571428571,19.110344827586204,-0.5289408866995053,78,25.974358974358974
201143,Al Horford,14,8.357142857142858,18,8.277777777777779,-0.07936507936507908,9.27142857142857,8.133333333333333,-1.1380952380952376,45,8.266666666666667
201144,Mike Conley,23,4.478260869565218,19,5.157894736842105,0.6796338672768876,4.660869565217391,5.305263157894736,0.6443935926773445,54,4.537037037037037
201145,Jeff Green,13,2.4615384615384617,11,2,-0.4615384615384617,1.4230769230769234,1.1454545454545455,-0.27762237762237785,30,2.2333333333333334
201566,Russell Westbrook,17,16.294117647058822,31,15.161290322580646,-1.1328273244781766,14.158823529411764,10.75483870967742,-3.403984819734344,64,15.171875
201567,Kevin Love,10,7.8,20,5.8,-2,7.18,5.26,-1.92,37,6.702702702702703
201569,Eric Gordon,3,5,1,0,-5,3.166666666666666,-1.4,-4.566666666666666,6,5.5
201572,Brook Lopez,25,8.68,31,7.774193548387097,-0.9058064516129027,7.515999999999999,5.858064516129032,-1.6579354838709675,75,8.453333333333333
201587,Nicolas Batum,23,4.173913043478261,31,3.935483870967742,-0.23842917251051876,3.7043478260869556,3.27741935483871,-0.4269284712482455,74,3.9594594594594597
201599,DeAndre Jordan,3,3,6,5,2,4.033333333333332,6.516666666666667,2.4833333333333343,12,4.416666666666667
201935,James Harden,26,22.307692307692307,26,23.846153846153847,1.53846153846154,19.49615384615385,17.803846153846152,-1.692307692307697,70,23.6
201939,Stephen Curry,14,24.214285714285715,14,29.642857142857142,5.428571428571427,16.400000000000002,21.650000000000002,5.25,43,26.558139534883722
201942,DeMar DeRozan,22,17.136363636363637,34,19.029411764705884,1.8930481283422473,13.67727272727273,14.982352941176469,1.3050802139037394,77,18.428571428571427
201950,Jrue Holiday,18,19.22222222222222,21,15.285714285714286,-3.936507936507935,16.333333333333332,11.652380952380954,-4.6809523809523785,53,16.32075471698113
201959,Taj Gibson,2,1,7,3.5714285714285716,2.5714285714285716,2.75,3.0285714285714285,0.27857142857142847,10,3.4
202066,Garrett Temple,8,1.5,7,0,-1.5,0.9999999999999999,-0.21428571428571433,-1.2142857142857142,22,0.7727272727272727
202331,Paul George,16,20.1875,16,14.75,-5.4375,16.031249999999996,11.4125,-4.618749999999997,37,17.324324324324323
202685,Jonas Valanciunas,21,9.857142857142858,26,8.153846153846153,-1.7032967032967044,8.357142857142858,7.257692307692308,-1.09945054945055,65,8.723076923076922
202687,Bismack Biyombo,8,0.625,11,1,0.375,0.24999999999999992,0.4909090909090908,0.24090909090909088,25,0.92
202691,Klay Thompson,21,12.714285714285714,30,9.666666666666666,-3.0476190476190474,8.376190476190478,5.0133333333333345,-3.362857142857144,69,11.73913043478261
202695,Kawhi Leonard,25,28.36,26,27.615384615384617,-0.7446153846153827,22.891999999999992,22.08461538461539,-0.8073846153846027,65,27.892307692307693
202696,Nikola Vucevic,20,17.25,24,14.666666666666666,-2.583333333333334,15.249999999999996,12.949999999999998,-2.299999999999999,64,15.078125
202699,Tobias Harris,20,12.9,26,12.5,-0.40000000000000036,11.159999999999997,9.715384615384616,-1.4446153846153802,63,13.26984126984127
202710,Jimmy Butler III,13,19.153846153846153,12,21,1.8461538461538467,19.115384615384617,20.1,0.9846153846153847,38,20
203076,Anthony Davis,6,21.666666666666668,10,22,0.33333333333333215,16.583333333333332,20.4,3.8166666666666664,20,20.35
203078,Bradley Beal,2,7,0,NA,NA,2.749999999999999,NA,NA,6,8.166666666666666
203083,Andre Drummond,22,5.681818181818182,28,6.714285714285714,1.0324675324675328,7.02727272727273,7.567857142857142,0.5405844155844122,63,6.396825396825397
203084,Harrison Barnes,28,10.428571428571429,30,10.133333333333333,-0.29523809523809597,8.071428571428571,8.433333333333334,0.3619047619047624,78,9.974358974358974
203110,Draymond Green,23,7.217391304347826,28,9.357142857142858,2.1397515527950315,6.713043478260867,8.55,1.8369565217391335,68,8.382352941176471
203114,Khris Middleton,20,12.15,26,9,-3.1500000000000004,9.17,5.7192307692307685,-3.4507692307692315,63,10.158730158730158
203468,CJ McCollum,28,17.928571428571427,28,20.535714285714285,2.6071428571428577,13.735714285714284,13.699999999999998,-0.035714285714286476,76,18.736842105263158
203471,Dennis Schroder,21,10.571428571428571,31,11.32258064516129,0.7511520737327189,9.352380952380951,8.86774193548387,-0.48463901689708067,70,10.8
203482,Kelly Olynyk,18,3.5555555555555554,16,3.5,-0.05555555555555536,3.827777777777778,3.21875,-0.609027777777778,41,3.2439024390243905
203484,Kentavious Caldwell-Pope,16,9.5,22,7.590909090909091,-1.9090909090909092,7.381249999999999,5.54090909090909,-1.8403409090909086,51,8.392156862745098
203486,Mason Plumlee,5,1.6,11,2,0.3999999999999999,1.4200000000000002,3.5,2.08,20,1.55
203497,Rudy Gobert,28,12.357142857142858,27,8.74074074074074,-3.616402116402117,14.896428571428572,10.907407407407407,-3.9890211640211657,76,10.907894736842104
203500,Steven Adams,11,6.818181818181818,12,5.666666666666667,-1.1515151515151514,8.80909090909091,7.958333333333333,-0.8507575757575774,32,5.84375
203501,Tim Hardaway Jr.,29,14.068965517241379,30,13.833333333333334,-0.23563218390804508,10.127586206896554,9.596666666666664,-0.5309195402298901,80,13.4875
203507,Giannis Antetokounmpo,12,31.583333333333332,18,24.88888888888889,-6.694444444444443,26.866666666666664,22.344444444444445,-4.522222222222219,36,27.583333333333332
203552,Seth Curry,2,11,6,7.166666666666667,-3.833333333333333,9.15,5.716666666666666,-3.4333333333333345,10,7.1
203648,Thanasis Antetokounmpo,8,1.25,16,1.0625,-0.1875,1.2125000000000004,0.9875000000000002,-0.2250000000000002,34,1.3823529411764706
203897,Zach LaVine,12,24.083333333333332,19,15.789473684210526,-8.293859649122806,17.249999999999996,9.71052631578947,-7.539473684210526,39,19.17948717948718
203903,Jordan Clarkson,26,9.76923076923077,25,8.12,-1.6492307692307708,7.180769230769229,4.824000000000001,-2.3567692307692285,73,8.726027397260275
203914,Gary Harris,14,3.0714285714285716,22,3,-0.07142857142857162,2.5857142857142854,2.822727272727273,0.23701298701298779,48,2.6666666666666665
203924,Jerami Grant,20,19.55,24,17.375,-2.1750000000000007,13.395,11.974999999999996,-1.4200000000000035,57,18.596491228070175
203926,Doug McDermott,11,5.636363636363637,7,4.571428571428571,-1.0649350649350655,3.7181818181818183,3.2571428571428567,-0.4610389610389616,29,5.655172413793103
203932,Aaron Gordon,14,15.5,12,13.416666666666666,-2.083333333333334,13.250000000000002,10.733333333333333,-2.5166666666666693,36,16.166666666666668
203935,Marcus Smart,21,8.761904761904763,21,9.523809523809524,0.761904761904761,7.380952380952381,6.623809523809523,-0.757142857142858,62,9.338709677419354
203937,Kyle Anderson,12,5.416666666666667,14,5.428571428571429,0.011904761904761862,5.924999999999998,6.714285714285714,0.7892857142857164,43,6.186046511627907
203939,Dwight Powell,21,3.9047619047619047,28,2.892857142857143,-1.0119047619047619,4.880952380952381,3.5928571428571425,-1.2880952380952388,63,3.3333333333333335
203944,Julius Randle,29,21.862068965517242,28,21.392857142857142,-0.46921182266009964,17.841379310344827,16.65357142857143,-1.1878078817733986,79,21.10126582278481
203952,Andrew Wiggins,22,15,30,15.1,0.09999999999999964,13.090909090909092,11.893333333333327,-1.1975757575757644,68,15.367647058823529
203954,Joel Embiid,14,30.285714285714285,16,25.3125,-4.973214285714285,23.771428571428576,19.881250000000005,-3.890178571428571,38,26.86842105263158
203967,Dario Saric,1,5,1,0,-5,6,-1.7,-7.7,5,1
203991,Clint Capela,27,4.777777777777778,27,3.6296296296296298,-1.148148148148148,6.207407407407408,4.666666666666667,-1.5407407407407412,75,3.76
203992,Bogdan Bogdanovic,6,7.333333333333333,10,8.1,0.7666666666666666,5.283333333333332,4.97,-0.3133333333333326,23,7.434782608695652
203994,Jusuf Nurkic,6,8.333333333333334,23,12.391304347826088,4.057971014492754,11.466666666666667,12.360869565217394,0.8942028985507271,41,10.902439024390244
203999,Nikola Jokic,21,26.80952380952381,24,29.208333333333332,2.398809523809522,28.990476190476187,28.633333333333336,-0.35714285714285054,65,27.676923076923078
204001,Kristaps Porzingis,13,19.923076923076923,16,14.1875,-5.735576923076923,15.723076923076924,10.287500000000001,-5.435576923076923,32,16.65625
204060,Joe Ingles,7,3.4285714285714284,9,0.5555555555555556,-2.8730158730158726,3.7999999999999994,0.7777777777777778,-3.0222222222222217,27,1.5185185185185186
204456,T.J. McConnell,14,9,26,9.26923076923077,0.26923076923077005,9.22857142857143,8.76153846153846,-0.4670329670329689,56,9.375
1626145,Tyus Jones,17,2.176470588235294,31,2.7096774193548385,0.5332068311195446,2.2235294117647055,2.835483870967742,0.6119544592030364,67,2.970149253731343
1626156,D'Angelo Russell,8,7.625,12,12.333333333333334,4.708333333333334,4.9625,8.933333333333334,3.970833333333333,26,10.153846153846153
1626157,Karl-Anthony Towns,25,20.56,29,19.17241379310345,-1.3875862068965503,17.944000000000003,16.244827586206892,-1.6991724137931108,76,20
1626162,Kelly Oubre Jr.,14,15.642857142857142,24,12.333333333333334,-3.3095238095238084,12.328571428571427,8.529166666666667,-3.7994047619047606,50,14.1
1626164,Devin Booker,26,26.807692307692307,25,25.2,-1.6076923076923073,18.880769230769236,17.66,-1.2207692307692355,64,26.0625
1626166,Cameron Payne,9,9.222222222222221,10,6.3,-2.9222222222222216,8.777777777777779,5.250000000000001,-3.5277777777777777,22,7.409090909090909
1626167,Myles Turner,24,12,28,10.642857142857142,-1.3571428571428577,9.370833333333334,8.439285714285713,-0.9315476190476204,71,11.915492957746478
1626171,Bobby Portis,20,13.8,30,12.6,-1.200000000000001,10.885000000000002,9.819999999999997,-1.0650000000000048,67,13.656716417910447
1626172,Kevon Looney,3,5.666666666666667,12,2.1666666666666665,-3.5000000000000004,9.799999999999999,3.216666666666667,-6.583333333333332,21,2.8095238095238093
1626181,Norman Powell,14,19.857142857142858,27,22.48148148148148,2.6243386243386233,13.471428571428572,15.53703703703704,2.0656084656084683,58,21.74137931034483
1626192,Pat Connaughton,15,4.4,14,1.7857142857142858,-2.6142857142857148,3.526666666666667,1.9214285714285713,-1.6052380952380956,42,2.619047619047619
1626204,Larry Nance Jr.,13,4.615384615384615,11,2.4545454545454546,-2.1608391608391604,4.3538461538461535,1.0999999999999996,-3.253846153846154,35,3.742857142857143
1626220,Royce O'Neale,26,11.153846153846153,33,9.393939393939394,-1.7599067599067588,9.76153846153846,7.73030303030303,-2.031235431235431,78,9.807692307692308
1627734,Domantas Sabonis,5,18.2,11,16.545454545454547,-1.6545454545454525,17.1,15.290909090909093,-1.8090909090909086,19,15.842105263157896
1627739,Kris Dunn,29,6.862068965517241,33,7.363636363636363,0.5015673981191222,7.541379310344828,7.384848484848484,-0.15653082549634423,82,7.2682926829268295
1627741,Buddy Hield,16,7.1875,19,7.157894736842105,-0.02960526315789469,5.981249999999999,4.468421052631579,-1.51282894736842,51,7.647058823529412
1627742,Brandon Ingram,26,22.153846153846153,30,21.2,-0.953846153846154,16.946153846153848,14.286666666666664,-2.6594871794871846,77,21.493506493506494
1627746,Skal Labissiere,1,13,1,0,-13,15,0.7,-14.3,3,4.333333333333333
1627747,Caris LeVert,24,8.333333333333334,21,7.285714285714286,-1.0476190476190483,6.408333333333331,5.328571428571429,-1.0797619047619023,60,7.383333333333334
1627749,Dejounte Murray,2,18,7,18.142857142857142,0.14285714285714235,16.199999999999996,15.100000000000003,-1.0999999999999925,14,16.714285714285715
1627750,Jamal Murray,26,28.384615384615383,28,25.5,-2.8846153846153832,24.034615384615385,20.225,-3.809615384615384,75,25.4
1627751,Jakob Poeltl,18,10.38888888888889,16,12,1.6111111111111107,11.505555555555556,11.475,-0.03055555555555678,46,10.717391304347826
1627752,Taurean Prince,9,10.88888888888889,9,7.222222222222222,-3.666666666666667,8.377777777777776,4.7333333333333325,-3.644444444444444,26,9.192307692307692
1627759,Jaylen Brown,24,26.708333333333332,27,28.703703703703702,1.9953703703703702,18.85,18.822222222222226,-0.027777777777775015,71,28.704225352112676
1627780,Gary Payton II,25,8.44,31,8,-0.4399999999999995,8.308,7.241935483870967,-1.0660645161290327,73,7.493150684931507
1627783,Pascal Siakam,17,23.41176470588235,29,23.517241379310345,0.10547667342799372,17.241176470588236,17.258620689655174,0.01744421906693816,62,23.951612903225808
1627824,Guerschon Yabusele,22,5.181818181818182,22,7.2727272727272725,2.090909090909091,3.7590909090909093,6.577272727272728,2.818181818181819,67,5.567164179104478
1627826,Ivica Zubac,13,12.692307692307692,19,15.105263157894736,2.4129554655870447,11.323076923076922,14.389473684210525,3.0663967611336034,48,14.104166666666666
1627827,Dorian Finney-Smith,14,3.857142857142857,12,2.6666666666666665,-1.1904761904761907,3.4214285714285717,1.375,-2.0464285714285717,37,3.324324324324324
1627884,Derrick Jones Jr.,19,11.210526315789474,20,10.6,-0.6105263157894747,10.273684210526316,8.85,-1.423684210526316,50,10.08
1627936,Alex Caruso,16,5,22,8.818181818181818,3.8181818181818183,4.8374999999999995,7.709090909090909,2.8715909090909095,56,6.214285714285714
1628365,Markelle Fultz,2,2,1,0,-2,0.3,-0.7,-1,5,0.8
1628366,Lonzo Ball,9,5,14,3.7857142857142856,-1.2142857142857144,6.311111111111111,3.5857142857142854,-2.7253968253968255,35,4.571428571428571
1628368,De'Aaron Fox,23,17.956521739130434,30,18.3,0.343478260869567,14.321739130434784,14.366666666666667,0.04492753623188328,73,18.52054794520548
1628369,Jayson Tatum,4,17.75,7,21.714285714285715,3.9642857142857153,15.075,15.9,0.8250000000000011,16,21.75
1628370,Malik Monk,16,12.0625,29,13.03448275862069,0.9719827586206904,7.45,9.720689655172412,2.2706896551724123,62,12.451612903225806
1628371,Jonathan Isaac,16,1.9375,22,2.6363636363636362,0.6988636363636362,1.9374999999999998,2.4454545454545453,0.5079545454545455,52,2.576923076923077
1628374,Lauri Markkanen,10,31.1,20,24.6,-6.5,23.199999999999996,19.025,-4.174999999999997,42,26.738095238095237
1628378,Donovan Mitchell,22,30.227272727272727,25,25.84,-4.387272727272727,22.718181818181815,19.267999999999997,-3.450181818181818,70,27.885714285714286
1628379,Luke Kennard,25,9.72,32,6.9375,-2.7825000000000006,9.128,6.1000000000000005,-3.0279999999999996,78,8.35897435897436
1628380,Zach Collins,3,6.666666666666667,4,10.75,4.083333333333333,6.133333333333333,8.675,2.541666666666668,10,9.7
1628381,John Collins,24,14.625,27,13.851851851851851,-0.7731481481481488,11,11.674074074074076,0.6740740740740758,69,13.55072463768116
1628384,OG Anunoby,24,17.833333333333332,26,15.576923076923077,-2.2564102564102555,13.987500000000002,12.715384615384615,-1.2721153846153879,68,16.852941176470587
1628386,Jarrett Allen,18,16.333333333333332,21,13.761904761904763,-2.5714285714285694,16.46111111111111,12.914285714285715,-3.546825396825394,56,15.357142857142858
1628389,Bam Adebayo,26,21.192307692307693,30,17.966666666666665,-3.2256410256410284,17.150000000000002,14.809999999999999,-2.3400000000000034,73,20.10958904109589
1628392,Isaiah Hartenstein,15,12.066666666666666,21,7.571428571428571,-4.495238095238095,15.04,9.104761904761908,-5.935238095238091,47,9.191489361702128
1628396,Tony Bradley,9,4.111111111111111,19,3.9473684210526314,-0.1637426900584793,4.288888888888889,3.194736842105263,-1.0941520467836257,40,4.05
1628398,Kyle Kuzma,24,13.041666666666666,28,11.892857142857142,-1.1488095238095237,11.075000000000001,7.8428571428571425,-3.2321428571428585,69,12.985507246376812
1628401,Derrick White,27,14.925925925925926,29,16.482758620689655,1.5568326947637292,13.59259259259259,12.48965517241379,-1.1029374201787991,77,16.454545454545453
1628404,Josh Hart,23,10.73913043478261,25,12.96,2.2208695652173915,11.795652173913046,11.475999999999999,-0.3196521739130471,67,11.985074626865671
1628415,Dillon Brooks,16,20.9375,25,21.28,0.34250000000000114,12.881249999999998,12.084000000000001,-0.7972499999999965,56,20.196428571428573
1628418,Thomas Bryant,19,7.052631578947368,21,5.0476190476190474,-2.0050125313283207,6.273684210526315,4.480952380952381,-1.7927318295739338,60,6.166666666666667
1628420,Monte Morris,1,2,3,2,0,0.9999999999999996,0.8999999999999999,-0.09999999999999964,6,3
1628436,Luke Kornet,23,7.391304347826087,28,5.642857142857143,-1.7484472049689437,10.191304347826085,7.667857142857143,-2.5234472049689423,69,6.63768115942029
1628449,Chris Boucher,4,2.5,3,1.3333333333333333,-1.1666666666666667,1.0499999999999998,0.6666666666666669,-0.38333333333333297,9,2.3333333333333335
1628467,Maxi Kleber,16,2.1875,15,1.0666666666666667,-1.1208333333333333,2.275,0.8800000000000001,-1.3949999999999998,43,2
1628502,Nigel Hayes-Davis,10,1.1,12,1.3333333333333333,0.23333333333333317,0.75,0.4333333333333334,-0.3166666666666666,27,1.2592592592592593
1628960,Grayson Allen,17,17.470588235294116,21,14.619047619047619,-2.8515406162464974,14.370588235294113,10.128571428571428,-4.242016806722685,51,16.49019607843137
1628963,Marvin Bagley III,17,11.941176470588236,26,8.26923076923077,-3.6719457013574655,11.176470588235293,7.75,-3.4264705882352935,60,10.45
1628964,Mo Bamba,1,6,1,0,-6,7.8,-0.39999999999999997,-8.2,4,2.5
1628969,Mikal Bridges,28,14.607142857142858,31,13.96774193548387,-0.6394009216589875,13.510714285714286,11.632258064516128,-1.8784562211981584,83,14.36144578313253
1628970,Miles Bridges,28,18.357142857142858,31,17.612903225806452,-0.7442396313364057,14.65714285714286,13.429032258064519,-1.2281105990783416,77,17.064935064935064
1628971,Bruce Brown,29,8.10344827586207,31,7.193548387096774,-0.9098998887652954,7.158620689655171,6.119354838709677,-1.039265850945494,82,7.914634146341464
1628973,Jalen Brunson,26,25.692307692307693,30,24.2,-1.4923076923076941,18.896153846153844,16.743333333333332,-2.1528205128205116,75,26.026666666666667
1628975,Jevon Carter,19,6.2631578947368425,22,6.590909090909091,0.32775119617224835,4.5736842105263165,5.213636363636363,0.6399521531100465,53,6.39622641509434
1628976,Wendell Carter Jr.,25,11.88,34,11.588235294117647,-0.29176470588235404,11.068,9.932352941176468,-1.1356470588235315,78,11.820512820512821
1628978,Donte DiVincenzo,30,12.666666666666666,29,13.482758620689655,0.8160919540229887,11.46,10.951724137931038,-0.5082758620689631,82,12.195121951219512
1628983,Shai Gilgeous-Alexander,21,32.523809523809526,25,31.2,-1.3238095238095262,27.761904761904766,26.544,-1.2179047619047658,68,31.13235294117647
1628988,Aaron Holiday,23,5.434782608695652,18,3.3333333333333335,-2.101449275362319,3.782608695652174,1.6000000000000003,-2.1826086956521733,57,5.473684210526316
1628989,Kevin Huerter,21,10.380952380952381,30,10.566666666666666,0.18571428571428505,8.261904761904761,8.166666666666666,-0.0952380952380949,69,10.043478260869565
1628991,Jaren Jackson Jr.,14,20.071428571428573,20,18.6,-1.4714285714285715,14.392857142857142,11.555,-2.8378571428571426,48,19.395833333333332
1628997,Caleb Martin,18,3.611111111111111,26,5.230769230769231,1.6196581196581197,3.561111111111111,4.603846153846154,1.0427350427350435,58,3.913793103448276
1628998,Cody Martin,2,1.5,1,2,0.5,1.5,1.6999999999999997,0.19999999999999973,4,1.75
1629001,De'Anthony Melton,16,16.625,20,10.85,-5.775,12.662499999999998,7.304999999999998,-5.3575,49,12.285714285714286
1629004,Svi Mykhailiuk,10,10.8,26,9.423076923076923,-1.3769230769230774,9.51,6.8538461538461535,-2.6561538461538463,50,9.38
1629006,Josh Okogie,29,4.448275862068965,28,5,0.5517241379310347,4.086206896551722,4.253571428571429,0.16736453201970658,78,4.5256410256410255
1629008,Michael Porter Jr.,11,27.545454545454547,26,23.846153846153847,-3.6993006993007,20.245454545454546,17.20384615384615,-3.0416083916083956,52,24.21153846153846
1629011,Mitchell Robinson,18,7,24,4.833333333333333,-2.166666666666667,10.822222222222221,7.433333333333331,-3.38888888888889,61,5.639344262295082
1629012,Collin Sexton,27,15.777777777777779,26,14.5,-1.2777777777777786,12.055555555555554,9.823076923076922,-2.2324786324786317,68,15.441176470588236
1629013,Landry Shamet,20,9.85,19,8.789473684210526,-1.060526315789474,7.795,5.9526315789473685,-1.8423684210526314,51,9.313725490196079
1629014,Anfernee Simons,20,16.15,23,11.347826086956522,-4.802173913043477,10.565000000000001,6.978260869565216,-3.5867391304347853,55,14.272727272727273
1629018,Gary Trent Jr.,20,8.7,29,6.379310344827586,-2.320689655172413,5.580000000000001,3.1862068965517234,-2.3937931034482776,65,8.138461538461538
1629020,Jarred Vanderbilt,23,4.478260869565218,22,4.318181818181818,-0.1600790513833994,4.960869565217391,4.472727272727273,-0.4881422924901182,65,4.430769230769231
1629021,Moritz Wagner,12,8.75,17,5.470588235294118,-3.2794117647058822,6.925,3.3176470588235296,-3.60735294117647,36,6.861111111111111
1629023,P.J. Washington,16,15.875,25,13.36,-2.5150000000000006,11.606250000000001,10.104000000000001,-1.50225,56,14.160714285714286
1629026,Kenrich Williams,16,8.3125,23,6,-2.3125,7.63125,4.160869565217392,-3.4703804347826077,56,6.482142857142857
1629027,Trae Young,6,18.833333333333332,4,14.25,-4.583333333333332,17.3,10.024999999999999,-7.275000000000002,15,17.933333333333334
1629028,Deandre Ayton,25,14.04,28,10.964285714285714,-3.0757142857142856,13.915999999999999,10.153571428571427,-3.762428571428572,72,12.458333333333334
1629029,Luka Doncic,24,36.125,23,30.956521739130434,-5.168478260869566,30.129166666666666,23.152173913043477,-6.97699275362319,64,33.484375
1629048,Goga Bitadze,23,7.260869565217392,26,4.846153846153846,-2.4147157190635458,8.7,6.153846153846152,-2.546153846153847,64,5.859375
1629057,Robert Williams III,18,7.388888888888889,25,6.12,-1.2688888888888892,9.983333333333333,7.923999999999999,-2.059333333333334,59,6.728813559322034
1629060,Rui Hachimura,22,13.318181818181818,26,10,-3.3181818181818183,10.381818181818183,6.3500000000000005,-4.031818181818182,68,11.470588235294118
1629111,Jock Landale,24,11.25,23,11.521739130434783,0.27173913043478315,9.966666666666667,10.508695652173914,0.5420289855072475,68,10.558823529411764
1629130,Duncan Robinson,28,12.464285714285714,28,11.214285714285714,-1.25,9.089285714285712,8.207142857142857,-0.8821428571428545,77,12.194805194805195
1629162,Jordan McLaughlin,18,1.6666666666666667,16,2.5,0.8333333333333333,1.4166666666666665,2.43125,1.0145833333333334,44,2.022727272727273
1629216,Gabe Vincent,22,4.181818181818182,18,5.944444444444445,1.762626262626263,3.536363636363636,4.4111111111111105,0.8747474747474744,53,4.3584905660377355
1629234,Drew Eubanks,14,5.571428571428571,19,5.2105263157894735,-0.3609022556390977,4.578571428571429,4.315789473684211,-0.26278195488721856,42,5.214285714285714
1629312,Haywood Highsmith,2,3,4,7.25,4.25,3.8,6.625,2.825,7,5.428571428571429
1629599,Amir Coffey,17,3.0588235294117645,22,3.8636363636363638,0.8048128342245993,2.688235294117647,3.059090909090908,0.37085561497326136,46,3.239130434782609
1629610,DaQuan Jeffries,1,14,1,15,1,10.3,13.499999999999998,3.1999999999999975,3,10.333333333333334
1629611,Terance Mann,20,8.25,28,5.892857142857143,-2.3571428571428568,7.1899999999999995,4.94642857142857,-2.243571428571429,63,7.222222222222222
1629614,Andrew Nembhard,12,16.333333333333332,28,16.678571428571427,0.3452380952380949,12.583333333333334,13.72857142857143,1.1452380952380956,57,16.94736842105263
1629618,Jalen Pickett,20,4.95,16,5.9375,0.9874999999999998,4.165,4.74375,0.5787500000000003,50,5.2
1629622,Max Strus,6,8.166666666666666,3,7,-1.166666666666666,6.55,2.666666666666666,-3.8833333333333337,12,11.166666666666666
1629627,Zion Williamson,22,22.818181818181817,23,19.91304347826087,-2.9051383399209456,19.854545454545455,15.843478260869563,-4.011067193675892,62,21
1629628,RJ Barrett,21,20.428571428571427,23,18.869565217391305,-1.5590062111801224,15.014285714285714,13.604347826086958,-1.4099378881987565,57,19.263157894736842
1629630,Ja Morant,6,22.333333333333332,8,14.5,-7.833333333333332,17.099999999999998,9.2875,-7.812499999999998,20,19.45
1629631,De'Andre Hunter,15,12.4,18,14.5,2.0999999999999996,6.673333333333333,9.927777777777779,3.254444444444446,45,13.666666666666666
1629632,Coby White,19,17.105263157894736,16,16.5625,-0.5427631578947363,11.61578947368421,11.0625,-0.5532894736842096,50,17.36
1629634,Brandon Clarke,1,2,1,6,4,3.3,2.9000000000000004,-0.39999999999999947,2,4
1629636,Darius Garland,18,21.166666666666668,14,18.5,-2.666666666666668,16.577777777777776,13.471428571428573,-3.1063492063492024,45,18.77777777777778
1629637,Jaxson Hayes,25,9.32,24,6.416666666666667,-2.9033333333333333,9.876,6.370833333333334,-3.505166666666666,66,7.53030303030303
1629638,Nickeil Alexander-Walker,26,19.03846153846154,30,22.6,3.5615384615384613,15.392307692307687,15.770000000000001,0.377692307692314,78,20.82051282051282
1629639,Tyler Herro,9,22.22222222222222,16,18.375,-3.8472222222222214,16.6,13.537500000000001,-3.0625,33,20.515151515151516
1629640,Keldon Johnson,28,14.035714285714286,33,13.151515151515152,-0.8841991341991342,12.010714285714283,10.103030303030302,-1.9076839826839809,83,13.060240963855422
1629645,Kevin Porter Jr.,13,17.384615384615383,17,17.11764705882353,-0.26696832579185426,15.5,15.89411764705882,0.39411764705882035,38,17.394736842105264
1629646,Charles Bassey,3,8.666666666666666,7,4.428571428571429,-4.238095238095237,9.100000000000001,5.47142857142857,-3.6285714285714317,13,5.846153846153846
1629651,Nic Claxton,19,12.368421052631579,30,11.333333333333334,-1.0350877192982448,14.28421052631579,10.780000000000001,-3.5042105263157897,69,11.73913043478261
1629652,Luguentz Dort,19,9.263157894736842,29,8.724137931034482,-0.5390199637023603,7.352631578947368,5.386206896551724,-1.966424682395644,69,8.347826086956522
1629655,Daniel Gafford,17,7.9411764705882355,22,10.590909090909092,2.649732620320856,7.8,11.172727272727272,3.372727272727272,55,9.527272727272727
1629656,Quentin Grimes,25,15.08,34,12.235294117647058,-2.844705882352942,12.304,8.555882352941179,-3.7481176470588213,75,13.413333333333334
1629660,Ty Jerome,1,28,8,18.375,-9.625,27.6,14.812500000000002,-12.7875,15,19.666666666666668
1629661,Cameron Johnson,20,13.4,17,11.411764705882353,-1.988235294117647,10.565000000000001,9.16470588235294,-1.4002941176470607,54,12.222222222222221
1629673,Jordan Poole,14,12,14,13.428571428571429,1.4285714285714288,7.185714285714286,7.2428571428571455,0.057142857142859604,39,13.435897435897436
1629674,Neemias Queta,27,11.666666666666666,27,9.074074074074074,-2.5925925925925917,13.122222222222222,10.929629629629629,-2.192592592592593,76,10.210526315789474
1629675,Naz Reid,28,15.857142857142858,28,12.25,-3.6071428571428577,12.796428571428573,8.610714285714286,-4.185714285714287,77,13.584415584415584
1629680,Matisse Thybulle,13,6.230769230769231,9,5.666666666666667,-0.5641025641025639,5.546153846153847,5.655555555555555,0.10940170940170812,30,5.8
1629684,Grant Williams,11,7.363636363636363,14,6.857142857142857,-0.5064935064935066,6.927272727272728,6.649999999999999,-0.2772727272727291,36,7
1629723,John Konchar,19,4.2105263157894735,21,5.190476190476191,0.9799498746867172,6.694736842105263,6.980952380952379,0.2862155388471166,56,4.428571428571429
1629726,Garrison Mathews,7,5.714285714285714,7,4.285714285714286,-1.4285714285714288,4.128571428571429,3.4142857142857137,-0.7142857142857153,15,5.2
1629731,Dean Wade,20,5.1,20,6.25,1.1500000000000004,4.935,6.445,1.5100000000000007,59,5.796610169491525
1629750,Javonte Green,30,7.4,30,6.833333333333333,-0.5666666666666673,6.67,6.226666666666668,-0.4433333333333316,82,6.939024390243903
1630162,Anthony Edwards,23,28.47826086956522,22,28.363636363636363,-0.11462450592885531,20.356521739130436,20.509090909090908,0.1525691699604721,61,28.80327868852459
1630163,LaMelo Ball,25,21.16,29,19.344827586206897,-1.8151724137931033,17.428000000000004,13.26896551724138,-4.159034482758624,72,20.069444444444443
1630164,James Wiseman,3,4.333333333333333,1,0,-4.333333333333333,2,0.19999999999999996,-1.8,4,3.25
1630165,Killian Hayes,9,4.777777777777778,5,5,0.22222222222222232,4.466666666666665,3.8600000000000003,-0.6066666666666647,23,5.521739130434782
1630166,Deni Avdija,24,24.125,26,24.192307692307693,0.0673076923076934,19.083333333333336,18.065384615384616,-1.0179487179487197,66,24.21212121212121
1630167,Obi Toppin,6,12.833333333333334,10,13.7,0.8666666666666654,11.833333333333334,10.250000000000002,-1.5833333333333321,24,11.625
1630168,Onyeka Okongwu,22,15.318181818181818,30,14.4,-0.918181818181818,13.904545454545454,11.913333333333332,-1.991212121212122,74,15.175675675675675
1630170,Devin Vassell,21,12.619047619047619,26,15.5,2.8809523809523814,9.871428571428575,11.988461538461538,2.117032967032962,68,13.882352941176471
1630171,Isaac Okoro,18,9.5,28,9.071428571428571,-0.4285714285714288,8.183333333333332,6.682142857142858,-1.501190476190474,63,9.26984126984127
1630172,Patrick Williams,23,8,31,6.064516129032258,-1.935483870967742,5.799999999999999,4.174193548387096,-1.6258064516129025,72,7.013888888888889
1630173,Precious Achiuwa,20,12,31,9.32258064516129,-2.67741935483871,11.435,8.874193548387096,-2.5608064516129048,73,10.082191780821917
1630174,Aaron Nesmith,11,15.545454545454545,21,12.380952380952381,-3.1645021645021636,10.545454545454547,7.56190476190476,-2.983549783549787,45,13.8
1630175,Cole Anthony,12,4.5,15,7.8,3.3,2.4583333333333335,6.653333333333332,4.1949999999999985,35,6.685714285714286
1630178,Tyrese Maxey,23,29.08695652173913,31,28.548387096774192,-0.5385694249649369,24.317391304347826,21.690322580645166,-2.62706872370266,70,28.285714285714285
1630180,Saddiq Bey,23,19.82608695652174,29,15.793103448275861,-4.032983508245877,16.078260869565224,12.751724137931033,-3.3265367316341905,72,17.65277777777778
1630182,Josh Green,20,4.8,24,4.166666666666667,-0.6333333333333329,3.835,4.2375,0.40249999999999986,58,4.293103448275862
1630183,Jaden McDaniels,26,14.615384615384615,26,15.692307692307692,1.0769230769230766,11.588461538461537,11.684615384615382,0.09615384615384492,73,14.849315068493151
1630188,Jalen Smith,16,10.25,24,10.5,0.25,8.931249999999999,9.095833333333333,0.16458333333333464,53,10.20754716981132
1630191,Isaiah Stewart,24,11.208333333333334,18,9.722222222222221,-1.4861111111111125,9.695833333333335,8.811111111111112,-0.8847222222222229,58,10.017241379310345
1630192,Zeke Nnaji,19,3.4210526315789473,20,3.85,0.42894736842105274,3.3421052631578947,2.8649999999999993,-0.47710526315789537,52,3.6538461538461537
1630193,Immanuel Quickley,23,16.652173913043477,27,14.74074074074074,-1.9114331723027362,15.369565217391306,12.377777777777778,-2.9917874396135282,70,16.428571428571427
1630194,Paul Reed,25,7.76,21,9,1.2400000000000002,8.255999999999998,8.928571428571425,0.6725714285714268,65,7.753846153846154
1630198,Isaiah Joe,21,11.476190476190476,28,10.321428571428571,-1.154761904761905,8.19047619047619,8.278571428571428,0.08809523809523867,71,11.056338028169014
1630200,Tre Jones,20,13.55,27,13.88888888888889,0.3388888888888886,13.185000000000002,13.829629629629629,0.6446296296296268,65,14.061538461538461
1630202,Payton Pritchard,28,18.821428571428573,29,17.103448275862068,-1.7179802955665053,15.817857142857148,13.641379310344828,-2.1764778325123206,79,17.025316455696203
1630208,Nick Richards,15,5.266666666666667,21,6.0476190476190474,0.7809523809523808,4.72,3.9333333333333336,-0.7866666666666662,47,5.872340425531915
1630209,Omer Yurtseven,3,1,6,5.166666666666667,4.166666666666667,0.6666666666666666,3.8833333333333324,3.216666666666666,9,3.7777777777777777
1630214,Xavier Tillman,10,1.1,15,1.6,0.5,1.8099999999999998,1.3266666666666667,-0.48333333333333317,30,1.4666666666666666
1630217,Desmond Bane,27,19.925925925925927,35,19.285714285714285,-0.6402116402116427,16.04444444444444,14.459999999999997,-1.5844444444444434,82,20.085365853658537
1630224,Jalen Green,11,21,12,16.666666666666668,-4.333333333333332,12.972727272727274,9.55,-3.4227272727272737,32,17.75
1630228,Jonathan Kuminga,13,15.76923076923077,14,10.5,-5.26923076923077,13.192307692307692,7.342857142857143,-5.849450549450548,36,12.166666666666666
1630230,Naji Marshall,24,15.541666666666666,32,14.25,-1.291666666666666,13.420833333333329,10.634375,-2.7864583333333286,74,15.243243243243244
1630241,Sam Merrill,19,15.263157894736842,17,11.823529411764707,-3.439628482972136,12.068421052631578,8.735294117647058,-3.33312693498452,52,12.75
1630245,Ayo Dosunmu,20,15.8,25,14.8,-1,13.559999999999999,11.863999999999997,-1.6960000000000015,69,14.81159420289855
1630249,Vit Krejci,19,9.842105263157896,27,8.555555555555555,-1.2865497076023402,8.352631578947367,5.81851851851852,-2.5341130604288473,65,8.461538461538462
1630256,Jae'Sean Tate,21,3.380952380952381,16,1.5625,-1.818452380952381,3.0904761904761906,0.66875,-2.421726190476191,46,2.8043478260869565
1630264,Anthony Gill,13,7.923076923076923,23,5.3478260869565215,-2.575250836120402,7.807692307692306,5.234782608695652,-2.5729096989966536,55,5.836363636363636
1630286,Trevon Scott,4,8.5,2,7,-1.5,8.349999999999998,4.699999999999999,-3.6499999999999986,6,8
1630311,Pat Spencer,21,6.238095238095238,29,8.620689655172415,2.3825944170771765,4.947619047619046,7.596551724137932,2.6489326765188856,66,7.212121212121212
1630314,Brandon Williams,21,12.666666666666666,29,12.379310344827585,-0.28735632183908066,10.214285714285712,9.362068965517242,-0.8522167487684698,66,13.015151515151516
1630322,Lindy Waters III,13,3.3076923076923075,18,2.0555555555555554,-1.2521367521367521,1.6,1.7333333333333334,0.1333333333333333,40,2.375
1630526,Jeremiah Robinson-Earl,7,5.285714285714286,10,4.6,-0.6857142857142859,6.4142857142857155,2.4500000000000006,-3.964285714285715,22,4.590909090909091
1630529,Herbert Jones,17,9,22,9.181818181818182,0.18181818181818166,7.323529411764704,6.668181818181818,-0.6553475935828859,56,8.857142857142858
1630530,Trey Murphy III,21,20.857142857142858,27,22,1.1428571428571423,17.25714285714286,17.007407407407406,-0.24973544973545359,66,21.515151515151516
1630532,Franz Wagner,11,17.90909090909091,15,21.666666666666668,3.757575757575758,12.827272727272724,16.253333333333334,3.4260606060606094,34,20.558823529411764
1630533,Ziaire Williams,13,11.692307692307692,24,9.875,-1.8173076923076916,8.853846153846156,6.720833333333335,-2.133012820512821,56,10.232142857142858
1630534,Ochai Agbaji,19,6.368421052631579,24,4.416666666666667,-1.9517543859649118,4.6157894736842096,3.341666666666667,-1.2741228070175428,62,5.064516129032258
1630536,Sharife Cooper,12,7.916666666666667,16,8.1875,0.27083333333333304,6.708333333333333,6.018750000000001,-0.6895833333333323,41,8.121951219512194
1630538,Bones Hyland,25,8.2,25,8.28,0.08000000000000007,6.803999999999999,6.132000000000001,-0.6719999999999988,71,8.507042253521126
1630540,Miles McBride,15,9.8,12,10.333333333333334,0.5333333333333332,7.993333333333334,7.641666666666667,-0.35166666666666746,41,11.975609756097562
1630541,Moses Moody,20,14.35,21,11.619047619047619,-2.730952380952381,11.569999999999999,7.985714285714285,-3.5842857142857136,60,12.133333333333333
1630543,Isaiah Jackson,23,8.173913043478262,26,5.5,-2.6739130434782616,8.317391304347826,5.56923076923077,-2.748160535117056,55,6.7272727272727275
1630544,Tre Mann,19,6.578947368421052,21,4.857142857142857,-1.7218045112781954,4.452631578947368,2.3380952380952382,-2.1145363408521294,53,5.490566037735849
1630545,Terrence Shannon Jr.,12,6.166666666666667,17,5.823529411764706,-0.34313725490196134,3.8416666666666663,3.664705882352942,-0.17696078431372442,43,5.604651162790698
1630548,Johnny Juzang,9,2.3333333333333335,9,1.8888888888888888,-0.44444444444444464,1.7333333333333334,1.4555555555555557,-0.2777777777777777,21,2.0476190476190474
1630549,Day'Ron Sharpe,20,11.05,27,8.444444444444445,-2.605555555555556,11.879999999999999,8.870370370370372,-3.009629629629627,62,8.709677419354838
1630551,Justin Champagnie,18,8.38888888888889,30,8.4,0.011111111111111072,8.700000000000001,8.333333333333332,-0.3666666666666689,69,8.652173913043478
1630552,Jalen Johnson,25,22.88,26,21.576923076923077,-1.3030769230769224,20.767999999999994,18.257692307692306,-2.5103076923076877,72,22.51388888888889
1630557,Corey Kispert,21,10.238095238095237,20,9.95,-0.28809523809523796,8.095238095238093,7.5550000000000015,-0.5402380952380916,58,9.172413793103448
1630558,Davion Mitchell,21,7.809523809523809,32,10.28125,2.4717261904761907,8.152380952380952,9.403125000000001,1.2507440476190492,70,9.342857142857143
1630559,Austin Reaves,17,25.058823529411764,18,21.944444444444443,-3.1143790849673216,20.488235294117647,17.788888888888884,-2.699346405228763,51,23.274509803921568
1630560,Cam Thomas,10,11.6,19,14.789473684210526,3.189473684210526,6.94,8.68421052631579,1.744210526315789,42,13.5
1630567,Scottie Barnes,27,18.185185185185187,30,16.933333333333334,-1.2518518518518533,17.299999999999997,15.616666666666667,-1.68333333333333,80,18.1
1630568,Luka Garza,27,8.88888888888889,24,6.875,-2.0138888888888893,9.099999999999998,5.6499999999999995,-3.4499999999999984,69,8.072463768115941
1630570,Trendon Watford,17,6.176470588235294,25,6.28,0.10352941176470587,5.399999999999999,5.127999999999999,-0.27199999999999935,53,6.528301886792453
1630572,Sandro Mamukelashvili,26,13.23076923076923,31,10.161290322580646,-3.069478908188584,12.065384615384614,9.022580645161288,-3.0428039702233267,80,11.1625
1630573,Sam Hauser,28,9.392857142857142,28,10.107142857142858,0.7142857142857153,7.221428571428572,8.096428571428573,0.8750000000000009,78,9.217948717948717
1630574,Ariel Hukporti,18,2.8333333333333335,22,2,-0.8333333333333335,3.1722222222222225,2.295454545454545,-0.8767676767676775,55,2.1272727272727274
1630577,Julian Champagnie,28,11.5,33,11.303030303030303,-0.19696969696969724,9.789285714285711,9.463636363636363,-0.3256493506493481,83,11.012048192771084
1630578,Alperen Sengun,26,23.76923076923077,27,18.88888888888889,-4.880341880341881,21.942307692307693,16.222222222222225,-5.720085470085468,72,20.36111111111111
1630579,Jericho Sims,22,4.954545454545454,26,4.615384615384615,-0.33916083916083917,5.877272727272726,5.565384615384616,-0.31188811188811005,67,4.985074626865671
1630581,Josh Giddey,15,17.2,25,15.72,-1.4799999999999986,17.706666666666667,14.507999999999996,-3.1986666666666714,54,17.01851851851852
1630583,Santi Aldama,14,17.785714285714285,18,12.11111111111111,-5.674603174603174,15.442857142857145,10.405555555555557,-5.037301587301588,43,14
1630587,Isaiah Livers,14,1.6428571428571428,14,1.5714285714285714,-0.0714285714285714,1.6071428571428572,1.757142857142857,0.1499999999999997,36,1.8055555555555556
1630590,Scotty Pippen Jr.,3,12.333333333333334,2,8,-4.333333333333334,8.933333333333335,2.4499999999999997,-6.483333333333336,10,11.4
1630591,Jalen Suggs,18,13.11111111111111,28,13.678571428571429,0.5674603174603181,12.344444444444445,10.682142857142855,-1.6623015873015898,57,13.789473684210526
1630592,Jalen Wilson,18,7.388888888888889,24,6.25,-1.1388888888888893,5.599999999999999,3.1666666666666656,-2.433333333333333,54,6.351851851851852
1630595,Cade Cunningham,23,23.347826086956523,24,23.833333333333332,0.48550724637680887,21.026086956521738,18.645833333333332,-2.3802536231884055,64,23.921875
1630596,Evan Mobley,21,20.904761904761905,27,16.59259259259259,-4.312169312169313,19,14.485185185185184,-4.514814814814816,65,18.153846153846153
1630598,Aaron Wiggins,18,11.555555555555555,27,8.074074074074074,-3.481481481481481,8.277777777777779,5.3962962962962955,-2.881481481481483,65,9.4
1630604,E.J. Liddell,10,8.4,10,4.1,-4.300000000000001,6.410000000000001,3.18,-3.230000000000001,26,5.653846153846154
1630610,DeJon Jarreau,2,9.5,7,7.571428571428571,-1.9285714285714288,9.35,5.314285714285714,-4.035714285714286,11,8
1630611,Gui Santos,24,9.875,28,10.607142857142858,0.7321428571428577,8.15,8.142857142857144,-0.007142857142856229,68,9.191176470588236
1630619,Moussa Cisse,17,5.235294117647059,13,3.3846153846153846,-1.8506787330316743,6.4529411764705875,3.823076923076923,-2.6298642533936647,38,4.473684210526316
1630621,Hunter Dickinson,2,2,2,4,2,-0.45,3.45,3.9000000000000004,5,2.4
1630623,Tyson Etienne,10,9,9,5,-4,6.06,2.4222222222222225,-3.637777777777777,24,7.875
1630625,Dalano Banton,1,4,3,2,-2,0.9000000000000008,2.4,1.4999999999999991,6,2
1630631,Jose Alvarado,21,7.714285714285714,30,6.7,-1.0142857142857142,7.328571428571427,5.523333333333335,-1.8052380952380922,69,7.391304347826087
1630639,A.J. Lawson,9,3,8,4.75,1.75,2.255555555555556,3.675,1.4194444444444438,24,4.208333333333333
1630643,Jay Huff,25,11.52,35,8.428571428571429,-3.0914285714285707,11.327999999999998,6.597142857142856,-4.7308571428571415,82,9.548780487804878
1630644,Mac McClung,6,5.833333333333333,3,5.333333333333333,-0.5,3.9499999999999993,2.066666666666667,-1.8833333333333324,11,6.090909090909091
1630649,Stanley Umude,1,2,0,NA,NA,2.3000000000000003,NA,NA,2,1
1630658,Colin Castleton,1,3,2,0,-3,3.6,0.5,-3.1,4,1.25
1630679,Ethan Thompson,10,9.6,14,5.714285714285714,-3.8857142857142852,8.28,3.4357142857142855,-4.844285714285714,32,6.96875
1630692,Jordan Goodwin,21,8.142857142857142,32,9.625,1.4821428571428577,8.509523809523811,8.5,-0.009523809523811266,70,8.7
1630695,Micah Potter,11,11.454545454545455,20,8.1,-3.3545454545454554,10.57272727272727,7.25,-3.3227272727272705,47,9.74468085106383
1630696,Dru Smith,23,5.869565217391305,29,5.586206896551724,-0.28335832083958046,7.608695652173913,5.234482758620689,-2.3742128935532243,70,5.642857142857143
1630699,MarJon Beauchamp,6,3.5,6,10.333333333333334,6.833333333333334,2.9166666666666665,6.483333333333333,3.566666666666667,14,6.785714285714286
1630700,Dyson Daniels,24,10.708333333333334,29,11.482758620689655,0.7744252873563209,13.0375,13.341379310344825,0.3038793103448256,76,11.855263157894736
1630702,Jaden Hardy,20,8.35,25,9.96,1.6100000000000012,3.5999999999999988,6.108,2.508000000000001,57,9.175438596491228
1630703,Scoot Henderson,14,15.642857142857142,9,13.88888888888889,-1.753968253968253,11.342857142857143,8.011111111111113,-3.3317460317460306,30,14.233333333333333
1630811,Keaton Wallace,17,2.3529411764705883,21,4.095238095238095,1.7422969187675066,2.547058823529412,3.395238095238095,0.8481792717086831,53,3.509433962264151
1630828,Alex Antetokounmpo,2,2.5,3,2,-0.5,2.15,1.8,-0.34999999999999987,6,3.1666666666666665
1630846,Olivier Sarr,2,5,1,3,-2,4.6499999999999995,6.8999999999999995,2.25,4,3.5
1631093,Jaden Ivey,13,9.692307692307692,13,8.846153846153847,-0.8461538461538449,7.230769230769228,6.961538461538462,-0.2692307692307665,37,8.54054054054054
1631094,Paolo Banchero,25,23.8,30,21.7,-2.1000000000000014,18.411999999999995,16.323333333333334,-2.0886666666666613,72,22.208333333333332
1631095,Jabari Smith Jr.,27,16.074074074074073,29,16.06896551724138,-0.005108556832691846,11.607407407407406,13.010344827586207,1.4029374201788016,77,15.779220779220779
1631096,Chet Holmgren,20,17.6,28,15.75,-1.8500000000000014,15.360000000000003,14.125,-1.235000000000003,69,17.115942028985508
1631097,Bennedict Mathurin,18,18.166666666666668,27,17.814814814814813,-0.35185185185185475,13.377777777777778,11.696296296296294,-1.6814814814814838,54,17.574074074074073
1631099,Keegan Murray,6,12,10,13.3,1.3000000000000007,8.966666666666667,10.46,1.493333333333334,23,13.956521739130435
1631101,Shaedon Sharpe,14,22.928571428571427,24,19.083333333333332,-3.845238095238095,14.892857142857144,11.379166666666665,-3.5136904761904795,50,20.84
1631102,TyTy Washington Jr.,7,2.142857142857143,6,1,-1.1428571428571428,1.8571428571428572,2.283333333333333,0.426190476190476,16,1.3125
1631103,Malaki Branham,7,5.285714285714286,12,5.25,-0.03571428571428559,4.642857142857143,3.275,-1.3678571428571433,28,4.571428571428571
1631104,Blake Wesley,13,5.153846153846154,10,5.2,0.04615384615384599,3.8076923076923075,3.8,-0.007692307692307665,31,4.774193548387097
1631105,Jalen Duren,27,20.85185185185185,24,18.541666666666668,-2.3101851851851833,20.200000000000003,16.941666666666666,-3.2583333333333364,70,19.5
1631106,Tari Eason,22,13.318181818181818,21,9.142857142857142,-4.175324675324676,10.868181818181817,6.971428571428571,-3.8967532467532466,60,10.45
1631107,Nikola Jovic,14,9.428571428571429,22,5.681818181818182,-3.746753246753247,6.935714285714286,3.040909090909091,-3.894805194805195,47,7.319148936170213
1631108,Max Christie,24,12.375,32,12.53125,0.15625,8.279166666666667,9.2125,0.9333333333333336,77,12.272727272727273
1631109,Mark Williams,17,14.411764705882353,26,10.26923076923077,-4.142533936651583,15.79411764705882,10.28076923076923,-5.51334841628959,60,11.666666666666666
1631110,Jeremy Sochan,18,3.888888888888889,20,2.75,-1.1388888888888888,4.038888888888888,2.235,-1.803888888888888,44,3.590909090909091
1631111,Wendell Moore Jr.,4,1.5,1,0,-1.5,1.8000000000000003,1,-0.8000000000000003,6,1.6666666666666667
1631113,Kennedy Chandler,3,23.666666666666668,6,10.666666666666666,-13.000000000000002,19.833333333333332,8.25,-11.583333333333332,11,15
1631114,Jalen Williams,7,20,11,15.545454545454545,-4.454545454545455,17.385714285714283,11.936363636363637,-5.449350649350645,33,17.060606060606062
1631115,Orlando Robinson,0,NA,1,7,NA,NA,6.999999999999999,NA,4,1.75
1631116,Patrick Baldwin Jr.,5,4,2,4,0,3.02,4.699999999999999,1.6799999999999993,9,3.6666666666666665
1631117,Walker Kessler,1,3,0,NA,NA,2.6000000000000014,NA,NA,5,14.4
1631119,Jaylin Williams,22,5.636363636363637,27,8.666666666666666,3.0303030303030294,5.8590909090909085,7.522222222222223,1.6631313131313146,65,7.2153846153846155
1631120,JD Davison,13,2.5384615384615383,9,2.5555555555555554,0.017094017094017033,2.8307692307692305,1.3555555555555554,-1.475213675213675,28,2.4642857142857144
1631121,Bryce McGowens,13,8.846153846153847,15,7.933333333333334,-0.9128205128205131,6.753846153846154,6.633333333333334,-0.12051282051282008,42,8.095238095238095
1631123,Jamaree Bouyea,11,5.636363636363637,24,7,1.3636363636363633,4.318181818181818,6.008333333333333,1.6901515151515145,46,5.717391304347826
1631124,Julian Strawther,18,6.777777777777778,22,7.454545454545454,0.6767676767676765,4.194444444444444,4.9818181818181815,0.7873737373737377,57,7.245614035087719
1631126,Caleb Love,17,8.529411764705882,23,10.565217391304348,2.0358056265984654,4.705882352941177,6.5565217391304325,1.8506393861892558,49,10.387755102040817
1631127,Harrison Ingram,3,1.6666666666666667,1,0,-1.6666666666666667,1.9333333333333336,0,-1.9333333333333336,7,1.5714285714285714
1631128,Christian Braun,13,13.23076923076923,17,11.058823529411764,-2.1719457013574655,11.553846153846154,8.970588235294118,-2.583257918552036,44,11.954545454545455
1631131,Oscar Tshiebwe,9,7.444444444444445,11,9.727272727272727,2.282828282828282,8.366666666666667,9.727272727272725,1.3606060606060577,27,7.814814814814815
1631132,Christian Koloko,13,3.230769230769231,8,2.625,-0.6057692307692308,4.1692307692307695,2.45,-1.7192307692307693,27,2.7037037037037037
1631133,Jabari Walker,25,4.64,27,4.777777777777778,0.137777777777778,3.924,4.307407407407407,0.383407407407407,64,4.3125
1631157,Ryan Rollins,24,17.083333333333332,31,15.258064516129032,-1.8252688172043001,14.108333333333333,11.44838709677419,-2.6599462365591418,74,17.31081081081081
1631159,Leonard Miller,17,7.294117647058823,19,6.7894736842105265,-0.5046439628482968,6.423529411764707,5.2789473684210515,-1.1445820433436555,46,7.8478260869565215
1631165,Keon Ellis,23,7.565217391304348,31,5.32258064516129,-2.2426367461430576,7.1695652173913045,3.509677419354839,-3.6598877980364657,72,6.666666666666667
1631166,Drew Timme,10,1.5,11,4.363636363636363,2.8636363636363633,1.7000000000000004,3.0818181818181816,1.3818181818181812,27,3.4074074074074074
1631169,Josh Minott,12,7.916666666666667,22,8.227272727272727,0.31060606060605966,7.283333333333334,7.336363636363635,0.053030303030300985,49,7.428571428571429
1631170,Jaime Jaquez Jr.,26,15.5,29,15.89655172413793,0.3965517241379306,13.199999999999996,12.075862068965519,-1.1241379310344772,75,15.36
1631172,Ousmane Dieng,21,6.619047619047619,18,9.11111111111111,2.492063492063492,5.4714285714285715,5.722222222222223,0.2507936507936517,57,7.56140350877193
1631174,Tyler Burton,3,9.666666666666666,7,10.428571428571429,0.7619047619047628,5.599999999999999,6.928571428571428,1.3285714285714292,12,10.75
1631199,Ron Harper Jr.,13,1.8461538461538463,10,5.1,3.2538461538461534,1.3769230769230771,4.08,2.7030769230769227,29,4.241379310344827
1631200,Kris Murray,21,6.714285714285714,22,5.136363636363637,-1.5779220779220777,7.323809523809523,4.172727272727272,-3.1510822510822507,57,5.807017543859649
1631204,Marcus Sasser,17,5.882352941176471,13,4.6923076923076925,-1.1900452488687785,4.288235294117647,3.361538461538461,-0.9266968325791858,38,5.184210526315789
1631205,Buddy Boeheim,2,1.5,1,0,-1.5,0.8,0,-0.8,4,1.5
1631207,Dalen Terry,18,3.5,18,3.3333333333333335,-0.16666666666666652,3.3555555555555556,2.638888888888889,-0.7166666666666668,48,3.6666666666666665
1631210,Jacob Toppin,3,0.6666666666666666,2,3,2.3333333333333335,0.7999999999999999,2.15,1.35,5,1.6
1631211,Trevor Keels,4,0,4,2,2,-0.44999999999999996,1.05,1.5,8,1
1631212,Peyton Watson,23,16.130434782608695,16,16.125,-0.005434782608695343,12.891304347826088,11.36875,-1.5225543478260875,54,14.61111111111111
1631213,Tyrese Martin,14,8.357142857142858,22,5.590909090909091,-2.766233766233767,6.228571428571428,4.231818181818182,-1.9967532467532454,46,6.304347826086956
1631214,Alondes Williams,2,15.5,1,5,-10.5,18.05,3.1999999999999993,-14.850000000000001,4,11
1631216,Caleb Houstan,8,2.125,6,2.1666666666666665,0.04166666666666652,1.4625,1.6500000000000001,0.18750000000000022,18,2.3333333333333335
1631217,Moussa Diabate,25,10.04,30,6.2,-3.839999999999999,12.759999999999998,8.756666666666666,-4.003333333333332,73,7.876712328767123
1631218,Trayce Jackson-Davis,19,3.8421052631578947,14,3.9285714285714284,0.08646616541353369,4.336842105263156,4.221428571428571,-0.11541353383458564,53,3.4150943396226414
1631221,Collin Gillespie,26,11.615384615384615,35,12.885714285714286,1.2703296703296711,11.692307692307695,10.808571428571431,-0.8837362637362638,80,12.65
1631222,Jake LaRavia,29,8.655172413793103,29,8.10344827586207,-0.5517241379310338,7.7206896551724125,6.679310344827586,-1.0413793103448263,82,8.21951219512195
1631223,David Roddy,1,2,4,9.5,7.5,1.3,8.9,7.6000000000000005,5,8
1631230,Dominick Barlow,25,7.92,31,6.935483870967742,-0.9845161290322579,8.028,6.6096774193548375,-1.418322580645163,71,7.676056338028169
1631243,Mouhamed Gueye,25,5.4,30,3.9,-1.5000000000000004,5.7479999999999984,4.196666666666666,-1.5513333333333321,77,4.441558441558442
1631245,Quenton Jackson,15,8.533333333333333,20,8.6,0.06666666666666643,6.08,6.8,0.7199999999999998,49,9.142857142857142
1631246,Vince Williams Jr.,11,5.454545454545454,19,9.052631578947368,3.598086124401914,4.854545454545455,7.942105263157896,3.0875598086124407,40,7.5
1631247,Luke Travers,3,3.3333333333333335,6,1.5,-1.8333333333333335,4.333333333333333,0.7500000000000003,-3.5833333333333326,12,2.3333333333333335
1631248,Baylor Scheierman,28,4.25,30,6.366666666666666,2.1166666666666663,4.264285714285713,5.739999999999998,1.475714285714285,77,5.545454545454546
1631250,Pete Nance,15,5.866666666666666,20,5.8,-0.06666666666666643,5.326666666666666,4.729999999999999,-0.5966666666666676,47,5.404255319148936
1631255,Karlo Matkovic,18,6.333333333333333,25,4.6,-1.7333333333333334,6.799999999999999,4.303999999999999,-2.4959999999999996,62,5.67741935483871
1631260,AJ Green,25,11.64,31,10.580645161290322,-1.0593548387096785,8.192,6.864516129032259,-1.3274838709677415,78,10.371794871794872
1631288,Jamal Cain,16,5.25,13,5.923076923076923,0.6730769230769234,4.7,3.9153846153846157,-0.7846153846153845,40,5.375
1631321,Sidy Cissoko,28,4.678571428571429,31,5.838709677419355,1.1601382488479262,3.2928571428571436,4.2870967741935475,0.9942396313364039,75,5.1066666666666665
1631323,Simone Fontecchio,25,8.84,28,8.071428571428571,-0.7685714285714287,6.903999999999999,5.896428571428571,-1.0075714285714277,70,8.528571428571428
1631338,Mouhamadou Gueye,1,11,0,NA,NA,11,NA,NA,2,8
1631342,Daeqwon Plowden,11,10.272727272727273,9,8.222222222222221,-2.050505050505052,6.7727272727272725,5.699999999999999,-1.0727272727272732,32,10.75
1631351,Lucas Williamson,2,9,5,11,2,5.8999999999999995,7.68,1.7800000000000002,7,10.428571428571429
1631451,Javonte Cooke,6,1,9,1.3333333333333333,0.33333333333333326,0.2833333333333335,0.14444444444444465,-0.13888888888888884,19,1.2105263157894737
1631457,Alex Morales,1,0,2,3,3,-2.1,1.1,3.2,4,2
1631466,Nate Williams,3,4.666666666666667,9,7.888888888888889,3.2222222222222223,3.433333333333333,4.388888888888888,0.9555555555555553,14,8
1641705,Victor Wembanyama,23,25.652173913043477,26,24.73076923076923,-0.9214046822742468,24.060869565217395,21,-3.060869565217395,65,24.892307692307693
1641706,Brandon Miller,22,21.318181818181817,27,18.85185185185185,-2.4663299663299654,15.677272727272726,11.5962962962963,-4.080976430976426,65,20.16923076923077
1641707,Taylor Hendricks,16,9.4375,23,6.086956521739131,-3.350543478260869,8.399999999999999,4.239130434782608,-4.16086956521739,59,7.423728813559322
1641708,Amen Thompson,28,19.142857142857142,28,17.321428571428573,-1.8214285714285694,18.789285714285715,15.950000000000001,-2.8392857142857135,79,18.265822784810126
1641709,Ausar Thompson,24,10.541666666666666,30,9.266666666666667,-1.2749999999999986,11.470833333333331,9.656666666666666,-1.8141666666666652,73,9.876712328767123
1641710,Anthony Black,20,16.1,27,13.481481481481481,-2.6185185185185205,13.165000000000001,9.2,-3.9650000000000016,64,14.984375
1641711,Gradey Dick,26,6.769230769230769,28,5.071428571428571,-1.697802197802198,5.03076923076923,3.2035714285714283,-1.8271978021978015,76,5.9868421052631575
1641712,Rayan Rupert,25,7.72,27,3.185185185185185,-4.534814814814815,6.188000000000001,1.5,-4.688000000000001,64,5.1875
1641713,GG Jackson,18,10.166666666666666,21,13.380952380952381,3.2142857142857153,7.311111111111109,9.87142857142857,2.560317460317461,55,12.472727272727273
1641715,Cam Whitmore,7,13.142857142857142,10,7,-6.142857142857142,9.742857142857144,4.789999999999999,-4.952857142857145,21,9.19047619047619
1641716,Jarace Walker,24,12.625,32,12.15625,-0.46875,8.862499999999999,9.003124999999999,0.140625,76,11.631578947368421
1641717,Cason Wallace,23,9.304347826086957,31,9.870967741935484,0.566619915848527,9.252173913043478,8.932258064516127,-0.31991584852735144,77,8.571428571428571
1641718,Keyonte George,15,25.066666666666666,24,25.083333333333332,0.01666666666666572,20.233333333333334,18.516666666666666,-1.7166666666666686,54,23.61111111111111
1641722,Jordan Hawkins,17,6.235294117647059,23,5.478260869565218,-0.7570332480818411,4.629411764705882,3.095652173913043,-1.533759590792839,51,5.0588235294117645
1641723,Kobe Bufkin,5,0.8,7,3.2857142857142856,2.4857142857142858,-0.5599999999999999,1.7428571428571427,2.3028571428571425,16,2.875
1641724,Jett Howard,18,5.888888888888889,24,5.833333333333333,-0.055555555555556246,4.588888888888888,4.008333333333334,-0.5805555555555539,55,5.472727272727273
1641725,Trey Alexander,2,1,5,8,7,1.2500000000000002,6.219999999999998,4.969999999999998,9,5.222222222222222
1641726,Dereck Lively II,2,6,3,4,-2,8.299999999999999,6.2,-2.0999999999999988,7,4.285714285714286
1641727,Dariq Whitehead,2,18.5,4,15.25,-3.25,8.45,8.274999999999999,-0.1750000000000007,6,16.333333333333332
1641729,Brice Sensabaugh,22,16.818181818181817,32,13.28125,-3.5369318181818166,11.872727272727273,8.231250000000001,-3.641477272727272,75,14.88
1641730,Noah Clowney,19,14.842105263157896,31,11.709677419354838,-3.1324278438030575,10.278947368421052,7.612903225806453,-2.6660441426145995,66,12.257575757575758
1641731,Bilal Coulibaly,16,10.875,20,11.4,0.5250000000000004,8.912500000000001,8.925,0.01249999999999929,56,11.732142857142858
1641732,Colby Jones,0,NA,1,2,NA,NA,2.5000000000000004,NA,1,2
1641733,Nick Smith Jr.,9,4.888888888888889,12,5.75,0.8611111111111107,2.5777777777777775,3.3250000000000006,0.7472222222222231,30,6.166666666666667
1641737,Adem Bona,27,5.555555555555555,31,4.290322580645161,-1.2652329749103943,6.18148148148148,4.403225806451615,-1.7782556750298655,71,4.845070422535211
1641738,Kobe Brown,19,6.7368421052631575,23,5.173913043478261,-1.5629290617848968,5.663157894736841,4.260869565217392,-1.4022883295194495,61,5.786885245901639
1641739,Toumani Camara,29,14.551724137931034,34,12.970588235294118,-1.581135902636916,11.686206896551722,9.135294117647058,-2.5509127789046637,82,13.414634146341463
1641740,Jaylen Clark,28,5,23,2.9130434782608696,-2.0869565217391304,4.2749999999999995,2.1,-2.1749999999999994,68,4.044117647058823
1641744,Zach Edey,4,20.25,4,10.5,-9.75,21,9.55,-11.45,11,13.636363636363637
1641747,DaRon Holmes II,6,2.5,11,4.181818181818182,1.6818181818181817,2.266666666666667,3.6181818181818177,1.3515151515151507,25,3.72
1641748,Andre Jackson Jr.,15,1.0666666666666667,21,2.761904761904762,1.6952380952380952,0.5599999999999999,1.6904761904761905,1.1304761904761906,48,2.3541666666666665
1641750,Ryan Kalkbrenner,22,7.681818181818182,30,7.066666666666666,-0.6151515151515152,9.368181818181817,8.196666666666665,-1.1715151515151518,69,7.550724637681159
1641752,Bobi Klintman,5,3,3,0.6666666666666666,-2.3333333333333335,1.1600000000000004,1.1333333333333333,-0.02666666666666706,12,1.8333333333333333
1641753,Chris Livingston,1,0,2,4.5,4.5,0,3.35,3.35,3,3
1641755,Kevin McCullar Jr.,4,1,11,2.272727272727273,1.272727272727273,0.825,1.9,1.075,21,2.380952380952381
1641757,Jordan Miller,24,10,25,8.56,-1.4399999999999995,9.191666666666666,7.123999999999999,-2.0676666666666677,60,9.966666666666667
1641761,Grant Nelson,0,NA,2,7,NA,NA,6.699999999999999,NA,4,4.25
1641763,Julian Phillips,12,3.9166666666666665,15,1.6,-2.3166666666666664,2.9583333333333335,1.36,-1.5983333333333334,48,2.9166666666666665
1641764,Brandin Podziemski,27,14.703703703703704,35,13.571428571428571,-1.132275132275133,13.25925925925926,11.068571428571428,-2.190687830687832,82,13.817073170731707
1641765,Olivier-Maxence Prosper,19,9.842105263157896,20,10.9,1.0578947368421048,8.142105263157895,8.825000000000003,0.6828947368421083,53,10
1641767,Ben Sheppard,18,8.444444444444445,28,6.357142857142857,-2.087301587301588,6.933333333333333,5.282142857142857,-1.651190476190476,65,7.061538461538461
1641771,Jalen Slawson,4,5.75,4,10.75,5,6.499999999999999,11.124999999999998,4.624999999999999,13,7.3076923076923075
1641772,Nae'Qwan Tomlin,24,5.5,19,6.578947368421052,1.0789473684210522,4.679166666666666,5.421052631578948,0.7418859649122815,64,5.84375
1641774,Tristan Vukcevic,11,8.909090909090908,25,9.56,0.6509090909090922,7.0636363636363635,6.7479999999999984,-0.31563636363636505,49,9
1641775,Jordan Walsh,23,6.521739130434782,27,4.407407407407407,-2.114331723027375,6.430434782608694,4.01111111111111,-2.419323671497584,68,5.352941176470588
1641778,Leaky Black,6,10.333333333333334,3,2.3333333333333335,-8,7.799999999999998,2.9666666666666663,-4.833333333333332,15,7.066666666666666
1641780,Johni Broome,5,1.2,2,0,-1.2,0.22000000000000003,0.3,0.07999999999999996,11,0.9090909090909091
1641783,Tristan da Silva,26,9.76923076923077,34,10.294117647058824,0.5248868778280542,8.003846153846153,8.035294117647059,0.031447963800905754,77,9.896103896103897
1641787,Tosan Evbuomwan,1,0,3,0,0,-0.39999999999999997,0.09999999999999998,0.49999999999999994,5,0
1641790,PJ Hall,7,3,8,5.25,2.25,2.2714285714285714,5.387499999999999,3.116071428571428,19,4.526315789473684
1641794,Dillon Jones,2,0,2,0,0,0.19999999999999984,-0.04999999999999999,-0.24999999999999983,7,1.2857142857142858
1641796,Pelle Larsson,22,13.909090909090908,28,11,-2.9090909090909083,12.518181818181818,8.192857142857141,-4.325324675324676,70,11.428571428571429
1641801,Emanuel Miller,3,4,0,NA,NA,3.3000000000000003,NA,NA,5,3
1641803,Tristen Newton,1,12,0,NA,NA,9.6,NA,NA,1,12
1641807,Norchad Omier,3,3,1,6,3,3.1,6.000000000000001,2.900000000000001,6,2.8333333333333335
1641809,Drew Peterson,2,2,3,0.3333333333333333,-1.6666666666666667,0.7000000000000003,0.36666666666666686,-0.3333333333333334,6,0.8333333333333334
1641810,Antonio Reeves,3,3.3333333333333335,6,2.8333333333333335,-0.5,3.2333333333333325,1.9000000000000004,-1.3333333333333321,10,2.7
1641813,Mark Sears,0,NA,4,3,NA,NA,1.4499999999999997,NA,7,3.142857142857143
1641815,Isaiah Stevens,2,4,1,2,-2,6.749999999999999,3.7,-3.049999999999999,3,3.3333333333333335
1641816,Hunter Tyson,10,1.2,4,4.25,3.05,1.0100000000000002,3.1750000000000003,2.165,21,2.1904761904761907
1641824,Matas Buzelis,23,17.130434782608695,33,15.818181818181818,-1.312252964426877,13.408695652173913,11.245454545454544,-2.1632411067193686,77,16.25974025974026
1641842,Ronald Holland II,29,8.172413793103448,29,7.896551724137931,-0.2758620689655178,6.331034482758621,6.355172413793104,0.024137931034482918,78,8.205128205128204
1641854,Craig Porter Jr.,24,5.25,24,4.583333333333333,-0.666666666666667,7.237500000000001,5.920833333333333,-1.3166666666666673,64,4.515625
1641869,Malachi Smith,6,11.333333333333334,4,7.5,-3.833333333333334,12.616666666666667,6.9,-5.716666666666667,15,8.266666666666667
1641871,Duop Reath,10,2.9,14,3.7857142857142856,0.8857142857142857,1.7799999999999998,3.271428571428572,1.491428571428572,32,2.9375
1641890,Tyler Smith,3,9.333333333333334,4,4.5,-4.833333333333334,7.133333333333334,3.175,-3.958333333333334,12,4.666666666666667
1641989,Elijah Harkless,9,8.666666666666666,10,4.6,-4.066666666666666,7.455555555555555,2.94,-4.515555555555554,26,6.846153846153846
1641998,Trey Jemison III,5,1.4,6,0.3333333333333333,-1.0666666666666667,0.8800000000000001,0.48333333333333334,-0.3966666666666668,13,1
1642066,Myron Gardner,19,3.5789473684210527,17,4.235294117647059,0.6563467492260062,3.805263157894737,3.9176470588235293,0.11238390092879236,45,3.6222222222222222
1642258,Zaccharie Risacher,24,9.875,23,9.26086956521739,-0.6141304347826093,7.216666666666666,6.343478260869565,-0.8731884057971007,67,9.567164179104477
1642259,Alex Sarr,14,15.928571428571429,18,15.61111111111111,-0.3174603174603181,13.157142857142857,12.56111111111111,-0.5960317460317466,48,16.3125
1642260,Nikola Topic,3,4.333333333333333,6,3.5,-0.833333333333333,2.566666666666667,2.716666666666667,0.1499999999999999,10,5.2
1642261,Dalton Knecht,20,3.8,20,4.7,0.9000000000000004,2.500000000000001,2.87,0.3699999999999992,54,4.222222222222222
1642262,Cody Williams,22,10.863636363636363,26,8,-2.8636363636363633,8.754545454545452,6.342307692307691,-2.412237762237761,67,8.776119402985074
1642263,Reed Sheppard,30,12.766666666666667,29,13.551724137931034,0.7850574712643663,9.963333333333335,9.806896551724137,-0.15643678160919805,82,13.536585365853659
1642264,Stephon Castle,24,17.083333333333332,29,15.89655172413793,-1.1867816091954015,14.725000000000001,12.589655172413792,-2.1353448275862092,69,16.608695652173914
1642265,Rob Dillingham,25,6.8,25,5.88,-0.9199999999999999,3.6879999999999984,3.7999999999999994,0.11200000000000099,65,6.292307692307692
1642266,Ja'Kobe Walter,24,9.333333333333334,29,6.413793103448276,-2.919540229885058,8.208333333333332,4.931034482758621,-3.277298850574711,72,7.513888888888889
1642267,Bub Carrington,25,10.12,33,10.878787878787879,0.7587878787878797,7.0360000000000005,8.242424242424244,1.2064242424242435,82,10.707317073170731
1642268,Isaiah Collier,19,12.736842105263158,26,9.692307692307692,-3.044534412955466,12.005263157894738,8.284615384615384,-3.720647773279355,59,11.661016949152541
1642269,Devin Carter,11,12,14,5.571428571428571,-6.428571428571429,9.836363636363638,4.178571428571429,-5.657792207792209,38,8.921052631578947
1642270,Donovan Clingan,26,13.653846153846153,32,11.625,-2.0288461538461533,15.699999999999998,12.66875,-3.0312499999999982,77,12.12987012987013
1642271,Kyle Filipowski,22,13.409090909090908,33,11.212121212121213,-2.1969696969696955,11.76818181818182,9.572727272727272,-2.195454545454547,77,11.415584415584416
1642272,Jared McCain,24,9.75,29,7.241379310344827,-2.5086206896551726,6.770833333333332,4.420689655172412,-2.3501436781609204,67,8.328358208955224
1642273,Kyshawn George,14,16.214285714285715,22,14.772727272727273,-1.441558441558442,12.442857142857145,10.927272727272728,-1.5155844155844171,48,14.791666666666666
1642274,Yves Missi,20,5.35,28,5.357142857142857,0.0071428571428571175,6.484999999999999,6.492857142857142,0.007857142857142563,66,5.712121212121212
1642275,Tidjane Salaun,13,5.769230769230769,16,6.1875,0.41826923076923084,5.3769230769230765,4.362499999999999,-1.0144230769230775,37,6
1642276,Kel'el Ware,24,13.541666666666666,35,10.542857142857143,-2.9988095238095234,14.095833333333331,10.834285714285713,-3.2615476190476187,77,11.051948051948052
1642277,Johnny Furphy,10,6.2,17,4.823529411764706,-1.3764705882352946,5.180000000000001,4.023529411764706,-1.1564705882352948,35,5.142857142857143
1642278,Tyler Kolek,22,4.363636363636363,23,5.304347826086956,0.9407114624505928,4.168181818181818,4.913043478260869,0.7448616600790512,63,4.571428571428571
1642280,Trentyn Flowers,1,0,0,NA,NA,0.7,NA,NA,2,2
1642281,Jaylon Tyson,22,12.272727272727273,25,14,1.7272727272727266,9.995454545454544,10.563999999999998,0.568545454545454,66,13.212121212121213
1642282,Hunter Sallis,3,1.3333333333333333,1,0,-1.3333333333333333,0.8000000000000002,-1,-1.8000000000000003,7,1
1642285,Cam Spencer,22,13.363636363636363,29,10.344827586206897,-3.0188087774294665,13.4,10.337931034482759,-3.0620689655172413,72,11.083333333333334
1642345,Oso Ighodaro,27,7.888888888888889,36,5.861111111111111,-2.0277777777777786,8.533333333333331,6.525,-2.008333333333331,82,6.475609756097561
1642346,Ryan Dunn,23,6.130434782608695,29,6.310344827586207,0.17991004497751195,6.121739130434783,6.034482758620689,-0.08725637181409418,70,5.814285714285714
1642347,Jamal Shead,28,6.464285714285714,31,6.387096774193548,-0.07718894009216637,7.278571428571427,5.02258064516129,-2.2559907834101365,82,6.646341463414634
1642348,Justin Edwards,26,5.576923076923077,24,6.375,0.7980769230769234,4.296153846153848,4.962500000000001,0.6663461538461535,64,6.03125
1642349,Ajay Mitchell,20,15.05,18,12.333333333333334,-2.716666666666667,11.745000000000001,10.844444444444443,-0.9005555555555578,57,13.578947368421053
1642352,Keshad Johnson,12,5.916666666666667,16,2.75,-3.166666666666667,4.824999999999999,2.468750000000001,-2.3562499999999984,32,4.25
1642353,Cam Christie,20,2.55,20,2.6,0.050000000000000266,2.0700000000000003,2.105,0.0349999999999997,55,2.8363636363636364
1642354,KJ Simpson,7,3.857142857142857,11,5.545454545454546,1.6883116883116887,2.057142857142857,3.7,1.6428571428571432,20,4.55
1642355,Bronny James,14,3.5,18,2.9444444444444446,-0.5555555555555554,2.585714285714286,2.055555555555555,-0.5301587301587309,42,2.9047619047619047
1642357,David Jones Garcia,3,2.3333333333333335,5,4.6,2.266666666666666,2.9,5.619999999999999,2.7199999999999993,11,2.909090909090909
1642358,AJ Johnson,15,6.2,19,2.6315789473684212,-3.568421052631579,3.5133333333333336,1.7210526315789472,-1.7922807017543865,48,3.3333333333333335
1642359,Pacome Dadiet,13,0.9230769230769231,9,2.2222222222222223,1.2991452991452992,0.38461538461538464,2.288888888888889,1.9042735042735046,29,1.6551724137931034
1642362,Payton Sandfort,2,2,1,8,6,-0.95,3.5999999999999996,4.55,4,8.75
1642363,Nique Clifford,22,8.727272727272727,32,7.25,-1.4772727272727266,6.9409090909090905,4.7875,-2.153409090909091,75,8.6
1642364,Jamir Watkins,12,7.833333333333333,24,7.5,-0.33333333333333304,5.158333333333334,6.791666666666667,1.6333333333333329,50,7.36
1642366,Quinten Post,20,7.55,28,7.142857142857143,-0.4071428571428566,5.764999999999998,5.242857142857142,-0.5221428571428559,67,7.656716417910448
1642367,Jonathan Mogbo,14,0.7142857142857143,15,2.066666666666667,1.3523809523809525,1.3714285714285714,2.253333333333333,0.8819047619047615,40,1.525
1642368,N'Faly Dante,1,2,2,0.5,-1.5,2.3000000000000003,0.9500000000000002,-1.35,4,0.75
1642377,Jaylen Wells,23,13.08695652173913,26,12.5,-0.5869565217391308,9.665217391304349,7.846153846153844,-1.819063545150505,69,12.53623188405797
1642380,Adama Bal,3,9.666666666666666,4,11.25,1.583333333333334,6.899999999999999,8.275,1.3750000000000018,8,10.375
1642382,Branden Carlson,17,5.705882352941177,10,5,-0.7058823529411766,4.788235294117646,4.949999999999999,0.16176470588235325,42,5.761904761904762
1642383,Walter Clayton Jr.,19,8.421052631578947,28,8.357142857142858,-0.06390977443608925,6.889473684210526,6.6571428571428575,-0.23233082706766872,69,7.797101449275362
1642384,Isaiah Crawford,5,2.8,6,1.5,-1.2999999999999998,1.8,1.0666666666666667,-0.7333333333333334,14,2
1642389,Zyon Pullin,3,7.666666666666667,1,0,-7.666666666666667,7.133333333333333,-0.4,-7.533333333333333,5,4.6
1642396,Blake Hinson,10,12.3,1,10,-2.3000000000000007,9.84,7.400000000000001,-2.4399999999999986,14,11.928571428571429
1642400,Tristan Enaruna,5,4.6,1,7,2.4000000000000004,3.3800000000000012,7.3999999999999995,4.019999999999998,9,4.111111111111111
1642402,Enrique Freeman,2,6.5,0,NA,NA,6.15,NA,NA,4,3.25
1642403,Isaac Jones,6,1.5,1,0,-1.5,1,0,-1,7,1.2857142857142858
1642404,Chaz Lanier,14,2.9285714285714284,11,2.6363636363636362,-0.29220779220779214,2.3357142857142854,1.5454545454545454,-0.79025974025974,34,2.3529411764705883
1642419,Jamison Battle,24,3.1666666666666665,21,2.9047619047619047,-0.26190476190476186,2.1,2.519047619047619,0.4190476190476189,61,3.1475409836065573
1642434,Riley Minix,4,4,2,2,-2,3.4749999999999996,1.85,-1.6249999999999996,9,3.888888888888889
1642443,Jahmir Young,8,1.5,3,2.6666666666666665,1.1666666666666665,0.675,2.7000000000000006,2.0250000000000004,14,1.7857142857142858
1642449,Tolu Smith,6,2.5,6,3.6666666666666665,1.1666666666666665,2.9166666666666665,3.233333333333333,0.31666666666666643,15,3.7333333333333334
1642450,Daniss Jenkins,24,10.25,28,9.892857142857142,-0.35714285714285765,8.95,6.842857142857144,-2.107142857142855,72,9.319444444444445
1642461,Spencer Jones,22,4.2727272727272725,23,6.304347826086956,2.0316205533596836,2.913636363636364,5.913043478260868,2.9994071146245043,64,5.5
1642468,Darius Brown,0,NA,1,0,NA,NA,-0.39999999999999997,NA,1,0
1642484,RayJ Dennis,6,4.5,7,3.857142857142857,-0.6428571428571428,2.3666666666666667,2.9571428571428577,0.590476190476191,17,4.352941176470588
1642490,Josh Oduro,1,9,2,8,-1,5.699999999999999,8.55,2.8500000000000014,3,8.333333333333334
1642502,Malevy Leons,8,3.25,13,3.769230769230769,0.5192307692307692,3.35,3.776923076923077,0.42692307692307674,25,3.32
1642504,Cormac Ryan,4,17,4,13,-4,13.450000000000001,8.85,-4.600000000000001,11,14.272727272727273
1642530,Yuki Kawamura,8,4.125,4,3.5,-0.625,4.1,3.575,-0.5249999999999995,18,3.4444444444444446
1642843,Cooper Flagg,20,19.7,30,20.1,0.40000000000000213,16.065,15.536666666666667,-0.5283333333333342,70,21.042857142857144
1642844,Dylan Harper,24,13.041666666666666,29,9.758620689655173,-3.2830459770114935,11.279166666666669,7.6517241379310335,-3.627442528735635,70,11.914285714285715
1642845,VJ Edgecombe,26,16.96153846153846,34,16,-0.9615384615384599,15.596153846153848,10.941176470588234,-4.654977375565615,75,15.986666666666666
1642846,Ace Bailey,22,14.636363636363637,33,13.878787878787879,-0.7575757575757578,10.022727272727273,8.863636363636363,-1.15909090909091,72,13.791666666666666
1642847,Jeremiah Fears,25,15.56,34,13.176470588235293,-2.383529411764707,11.472000000000001,8.473529411764705,-2.998470588235296,82,14.25609756097561
1642848,Tre Johnson,16,13.1875,24,10.666666666666666,-2.520833333333334,8.993750000000002,6.058333333333334,-2.9354166666666686,60,12.216666666666667
1642849,Nolan Traore,19,10.894736842105264,24,7.916666666666667,-2.9780701754385968,8.38421052631579,3.7375000000000007,-4.64671052631579,56,8.910714285714286
1642851,Kon Knueppel,28,19.607142857142858,34,18.08823529411765,-1.5189075630252091,15.217857142857142,13.267647058823535,-1.950210084033607,81,18.493827160493826
1642852,Derik Queen,25,10.96,34,12.588235294117647,1.628235294117646,11.556,10.41470588235294,-1.1412941176470586,81,11.703703703703704
1642853,Rasheer Fleming,19,4.473684210526316,27,4.185185185185185,-0.2884990253411308,3.2263157894736842,3.044444444444444,-0.1818713450292404,55,4.327272727272727
1642854,Asa Newell,13,4.076923076923077,16,6.5,2.4230769230769234,3.33076923076923,5.15625,1.82548076923077,44,5.159090909090909
1642855,Noa Essengue,2,0,0,NA,NA,-0.75,NA,NA,2,0
1642856,Egor Demin,16,8.8125,23,8.217391304347826,-0.5951086956521738,7.0375,5.77391304347826,-1.2635869565217392,52,10.307692307692308
1642857,Kasparas Jakucionis,21,8.476190476190476,23,5.086956521739131,-3.3892339544513455,7.6,4.991304347826087,-2.608695652173913,53,6.188679245283019
1642859,Jase Richardson,19,5.368421052631579,22,3.772727272727273,-1.5956937799043058,3.8684210526315788,2.877272727272727,-0.9911483253588518,54,4.425925925925926
1642860,Will Riley,21,10.380952380952381,31,9.161290322580646,-1.2196620583717355,7.557142857142858,6.067741935483871,-1.4894009216589872,74,10.324324324324325
1642862,Liam McNeeley,13,2.6153846153846154,13,5.769230769230769,3.1538461538461537,2.123076923076923,3.8999999999999995,1.7769230769230764,31,4.258064516129032
1642863,Khaman Maluach,15,3.2,23,3.3043478260869565,0.10434782608695636,3.226666666666667,2.9086956521739133,-0.31797101449275367,46,3.0217391304347827
1642864,Hugo Gonzalez,26,4.5,29,3.689655172413793,-0.8103448275862069,4.3500000000000005,2.6517241379310343,-1.6982758620689662,74,3.9054054054054053
1642866,Joan Beringer,18,4.444444444444445,13,2.923076923076923,-1.5213675213675217,4.577777777777778,3.5307692307692315,-1.0470085470085468,40,3.9
1642867,Collin Murray-Boyles,20,8.05,21,8.619047619047619,0.5690476190476179,7.359999999999999,8.980952380952383,1.6209523809523834,57,8.491228070175438
1642868,Carter Bryant,27,3.8518518518518516,26,3.4615384615384617,-0.39031339031338996,2.3481481481481477,2.5307692307692307,0.182621082621083,71,4.197183098591549
1642869,Noah Penda,21,4.714285714285714,26,2.423076923076923,-2.2912087912087915,4.990476190476191,2.123076923076923,-2.8673992673992683,59,3.847457627118644
1642873,Amari Williams,7,1,12,1,0,1.2142857142857142,1.4916666666666665,0.2773809523809523,22,1.3636363636363635
1642874,Danny Wolf,19,11.578947368421053,23,7.434782608695652,-4.144164759725401,8.957894736842105,5.88695652173913,-3.0709382151029754,57,8.912280701754385
1642875,Maxime Raynaud,22,13.681818181818182,28,10.857142857142858,-2.824675324675324,12.113636363636367,8.596428571428572,-3.5172077922077953,74,12.45945945945946
1642876,Adou Thiero,8,2.625,10,2,-0.625,2.4124999999999996,1.64,-0.7724999999999997,25,1.88
1642877,Micah Peavy,19,4.684210526315789,28,4.964285714285714,0.28007518796992503,3.5421052631578944,3.814285714285714,0.27218045112781963,61,4.295081967213115
1642878,Tyrese Proctor,16,6.4375,18,5.111111111111111,-1.3263888888888893,3.906250000000001,3.7666666666666666,-0.13958333333333428,50,5.44
1642879,Ben Saraf,14,10.642857142857142,18,4.722222222222222,-5.92063492063492,7.614285714285714,2.316666666666667,-5.2976190476190474,44,7.545454545454546
1642880,Kam Jones,12,7.083333333333333,14,3.2142857142857144,-3.8690476190476186,6.783333333333332,2.414285714285714,-4.369047619047619,37,4.378378378378378
1642882,Julian Reese,6,16.5,2,8,-8.5,16.016666666666666,6.750000000000001,-9.266666666666666,13,11.846153846153847
1642883,Sion James,29,6,34,4.852941176470588,-1.1470588235294121,5.368965517241379,4.088235294117648,-1.2807302231237312,82,5.378048780487805
1642884,Vladislav Goldin,3,1.3333333333333333,5,0.6,-0.7333333333333333,1.2999999999999998,0.9199999999999999,-0.3799999999999999,9,0.7777777777777778
1642885,Mohamed Diawara,23,4.478260869565218,26,3.5384615384615383,-0.9397993311036794,3.5086956521739143,2.411538461538461,-1.0971571906354534,69,3.5652173913043477
1642886,Koby Brea,2,3,8,4.5,1.5,2.65,3.075,0.42500000000000027,12,3.75
1642905,Hansen Yang,17,2.2941176470588234,18,1.7777777777777777,-0.5163398692810457,0.7117647058823529,0.5833333333333334,-0.12843137254901948,43,2.2093023255813953
1642907,Cedric Coward,17,15.411764705882353,29,12.620689655172415,-2.7910750507099387,13.01764705882353,9.59310344827586,-3.424543610547669,62,13.596774193548388
1642910,John Tonje,2,1,1,0,-1,1.2999999999999998,0,-1.2999999999999998,6,2.5
1642911,Rocco Zikarsky,1,8,1,2,-6,10.4,1.7000000000000002,-8.7,5,2.8
1642914,Javon Small,14,8.928571428571429,13,9.76923076923077,0.8406593406593412,8.721428571428572,8.23076923076923,-0.4906593406593416,41,9.658536585365853
1642917,Max Shulga,3,0,4,1,1,-0.26666666666666666,1,1.2666666666666666,11,0.6363636363636364
1642918,Alijah Martin,7,1,10,1.4,0.3999999999999999,0.5142857142857145,0.47999999999999987,-0.034285714285714586,23,2.217391304347826
1642920,Kobe Sanders,25,7.08,28,6.357142857142857,-0.7228571428571433,5.184,4.428571428571429,-0.7554285714285713,68,7.279411764705882
1642928,Dylan Cardwell,12,4.75,16,4.8125,0.0625,6.541666666666665,7.049999999999999,0.5083333333333337,44,5.409090909090909
1642933,Keshon Gilbert,1,4,1,2,-2,2.2,2.4000000000000004,0.20000000000000018,4,4.25
1642935,Chucky Hepburn,0,NA,2,0,NA,NA,-1.6499999999999997,NA,2,0
1642938,Curtis Jones,4,1.75,2,10,8.25,1.0749999999999997,10.599999999999998,9.524999999999999,10,2.9
1642939,Miles Kelly,6,6,7,1,-5,4.183333333333333,0.7142857142857141,-3.4690476190476187,14,3.0714285714285716
1642942,Jahmai Mashack,12,6.916666666666667,8,5.125,-1.791666666666667,5.833333333333333,3.1749999999999994,-2.6583333333333337,31,6.193548387096774
1642948,Ryan Nembhard,17,6.352941176470588,26,7.1923076923076925,0.8393665158371046,5.470588235294119,6.342307692307693,0.8717194570135742,60,6.616666666666666
1642949,Yanic Konan Niederhauser,12,5.583333333333333,17,3.764705882352941,-1.818627450980392,5.258333333333332,3.005882352941177,-2.252450980392155,41,4.2926829268292686
1642950,Lachlan Olbrich,14,2.7857142857142856,12,2.1666666666666665,-0.6190476190476191,3.6285714285714286,1.708333333333333,-1.9202380952380955,37,2.4054054054054053
1642951,Sean Pedulla,3,2.3333333333333335,3,2,-0.3333333333333335,0.5666666666666669,1.8666666666666665,1.2999999999999996,7,1.8571428571428572
1642954,Will Richard,24,7.458333333333333,29,6.137931034482759,-1.3204022988505741,6.983333333333333,4.848275862068965,-2.1350574712643686,69,6.391304347826087
1642955,Kadary Richmond,2,10,1,5,-5,12.45,7.800000000000001,-4.649999999999999,3,8.333333333333334
1642959,Chris Youngblood,15,2.1333333333333333,9,2.5555555555555554,0.42222222222222205,1.4066666666666667,2.1888888888888887,0.7822222222222219,34,2.088235294117647
1642962,Drake Powell,21,7.666666666666667,26,6.730769230769231,-0.9358974358974361,5.309523809523809,4.292307692307692,-1.0172161172161172,63,6.476190476190476
1642964,Brooks Barnhizer,20,0.9,13,2.6153846153846154,1.7153846153846155,1.2149999999999999,1.8076923076923077,0.5926923076923079,40,1.7
1642967,John Poulakidas,3,14,5,7.6,-6.4,9.8,4.5,-5.300000000000001,13,8.846153846153847
1643007,Taelon Peter,15,6.333333333333333,15,2.8,-3.533333333333333,4.26,2.2866666666666666,-1.9733333333333332,38,4.5
1643016,Bez Mbeng,5,14.2,7,4.142857142857143,-10.057142857142857,15.52,4.328571428571428,-11.19142857142857,15,8.133333333333333
1643018,LJ Cryer,5,10.8,12,7.583333333333333,-3.2166666666666677,7.7,3.7249999999999996,-3.9750000000000005,18,8.222222222222221
1643024,Chris Manon,3,0.6666666666666666,3,1.3333333333333333,0.6666666666666666,0.5666666666666668,2.433333333333333,1.8666666666666663,9,0.7777777777777778
1643047,CJ Huntley,1,0,3,4,4,0.29999999999999993,3.433333333333333,3.1333333333333333,4,3
1643052,Chaney Johnson,5,5.8,7,7.571428571428571,1.7714285714285714,6.4799999999999995,7.585714285714286,1.1057142857142868,17,8.176470588235293
1643060,Hayden Gray,0,NA,1,6,NA,NA,6.1000000000000005,NA,1,6
1643133,Lawson Lovering,1,11,1,3,-8,12.7,3.3999999999999995,-9.3,2,7
1643141,Jahmyl Telfort,0,NA,4,0,NA,NA,-0.3,NA,8,0.125
1643158,Andersson Garcia,2,5,2,5,0,8.45,7.55,-0.8999999999999995,5,5.2
1643253,Toby Okani,2,14.5,4,7.75,-6.75,5.150000000000002,4.275,-0.8750000000000018,6,10
1643257,Jayson Kent,3,2.3333333333333335,1,3,0.6666666666666665,2.3,2.3,0,5,2
