player,player_id,pos,team,g,gs,mp,pg_percent,sg_percent,sf_percent,pf_percent,c_percent,position,value,ht_ft,ht_in,wt,full_in_ht,position_2,ows,dws,ws,ws_48,obpm,dbpm,bpm,vorp,leader
Precious Achiuwa,achiupr01,C,SAC,73,57,1745,0,0,0,83,17,big_percent,100,6,8,243,80,big,1.8,1.2,2.9,0.081,-0.5,-1.1,-1.6,0.2,FALSE
Steven Adams,adamsst01,C,HOU,32,11,730,0,0,0,0,100,big_percent,100,6,11,265,83,big,1.1,1,2.1,0.141,-0.1,-0.3,-0.5,0.3,FALSE
Bam Adebayo,adebaba01,C,MIA,73,73,2365,0,0,0,21,79,big_percent,100,6,9,255,81,big,2.8,3.6,6.4,0.129,1.5,0.4,2,2.4,TRUE
Ochai Agbaji,agbajoc01,SG,BRK,20,0,323,23,55,23,0,0,guard_percent,78,6,5,215,77,guard,0.1,0.1,0.3,0.042,-1,-1.7,-2.7,-0.1,FALSE
Ochai Agbaji,agbajoc01,SG,BRK,20,0,323,23,55,23,0,0,wing_small_percent,78,6,5,215,77,wing,0.1,0.1,0.3,0.042,-1,-1.7,-2.7,-0.1,FALSE
Ochai Agbaji,agbajoc01,SG,TOR,42,13,650,1,80,19,0,0,wing_small_percent,99,6,5,215,77,wing,0,0.7,0.6,0.048,-4.8,0.1,-4.7,-0.5,FALSE
Santi Aldama,aldamsa01,PF,MEM,43,11,1198,0,0,9,84,7,big_percent,93,7,0,215,84,big,1.3,1,2.3,0.092,1.3,0.4,1.7,1.1,TRUE
Nickeil Alexander-Walker,alexani01,SG,ATL,78,71,2603,33,63,4,0,0,guard_percent,96,6,5,205,77,guard,3.6,2.7,6.3,0.116,1.6,-0.4,1.2,2.1,TRUE
Trey Alexander,alexatr01,SG,NOP,9,0,111,26,69,5,0,0,guard_percent,95,6,5,185,77,guard,0.1,0.1,0.2,0.09,-1.5,-0.1,-1.6,0,FALSE
Grayson Allen,allengr01,SG,PHO,51,27,1467,31,53,15,0,0,guard_percent,84,6,3,198,75,guard,2.3,1.6,3.9,0.127,1.9,0.2,2.1,1.5,FALSE
Jarrett Allen,allenja01,C,CLE,56,56,1519,0,0,0,0,100,big_percent,100,6,9,243,81,big,4.2,2.2,6.4,0.202,2.2,0.4,2.6,1.8,FALSE
Jose Alvarado,alvarjo01,PG,NOP,41,0,896,100,0,0,0,0,guard_percent,100,6,0,179,72,guard,0.5,0.5,1,0.055,-1.5,-0.5,-2,0,FALSE
Jose Alvarado,alvarjo01,PG,NYK,28,3,474,100,0,0,0,0,guard_percent,100,6,0,179,72,guard,0.5,0.7,1.2,0.119,-0.9,1.8,0.9,0.4,FALSE
Kyle Anderson,anderky01,SF,MEM,4,3,89,0,0,18,82,0,wing_big_percent,100,6,8,230,80,wing,0.1,0.1,0.2,0.105,-2.5,1.4,-1.1,0,FALSE
Kyle Anderson,anderky01,SF,MIN,19,2,363,0,10,64,24,2,wing_big_percent,88,6,8,230,80,wing,0.4,0.5,1,0.126,-1.2,2.8,1.6,0.3,FALSE
Kyle Anderson,anderky01,SF,UTA,20,0,401,0,1,16,69,14,wing_big_percent,85,6,8,230,80,wing,0.5,0.2,0.7,0.087,-1,0.7,-0.3,0.2,FALSE
Alex Antetokounmpo,antetal01,SF,MIL,6,0,21,0,0,38,62,0,wing_big_percent,100,6,8,214,80,wing,0.1,0,0.1,0.282,7.3,-1.9,5.4,0,TRUE
Giannis Antetokounmpo,antetgi01,PF,MIL,36,36,1039,0,0,9,62,29,big_percent,91,6,11,243,83,big,3.9,1.1,5,0.231,7.7,1.8,9.5,3,TRUE
Thanasis Antetokounmpo,antetth01,SF,MIL,34,0,148,0,1,20,75,5,wing_big_percent,95,6,7,219,79,wing,0,0.2,0.2,0.076,-3.5,1.8,-1.7,0,FALSE
Cole Anthony,anthoco01,PG,MIL,35,0,527,99,1,0,0,0,guard_percent,100,NA,NA,NA,NA,guard,-0.9,0.4,-0.5,-0.042,-3.9,-0.9,-4.7,-0.4,FALSE
OG Anunoby,anunoog01,PF,NYK,67,67,2224,0,0,8,90,2,wing_big_percent,98,6,7,240,79,wing,3.1,3.2,6.3,0.135,0.9,1.1,2,2.3,FALSE
Deni Avdija,avdijde01,SF,POR,66,66,2199,0,23,62,14,0,wing_small_percent,85,6,8,228,80,wing,4.5,2.4,7,0.152,3.7,0.6,4.3,3.5,TRUE
Deandre Ayton,aytonde01,C,LAL,72,72,1958,0,0,0,0,100,big_percent,100,7,0,252,84,big,4,2.2,6.2,0.152,0,-0.9,-0.9,0.6,FALSE
Marvin Bagley III,baglema01,PF,DAL,22,4,470,0,0,0,5,95,big_percent,100,6,10,235,82,big,1.1,0.5,1.6,0.165,1.8,-0.8,1,0.3,FALSE
Marvin Bagley III,baglema01,PF,WAS,38,8,731,0,0,0,1,99,big_percent,100,6,10,235,82,big,1.9,0.3,2.1,0.14,1.8,-1.1,0.7,0.5,FALSE
Ace Bailey,baileac01,SF,UTA,72,61,1988,0,4,51,41,5,wing_big_percent,92,6,9,200,81,wing,-0.4,0.3,-0.1,-0.001,-1.9,-2.5,-4.4,-1.2,FALSE
Adama-Alpha Bal,balad01,SG,MEM,8,1,241,0,14,51,31,4,wing_big_percent,82,NA,NA,NA,NA,wing,0.2,0.1,0.3,0.065,-3.6,-1.8,-5.4,-0.2,FALSE
Patrick Baldwin Jr.,baldwpa01,SF,LAC,2,0,12,0,0,100,0,0,big_percent,100,7,0,220,84,big,0.1,0,0.1,0.214,5.2,-0.4,4.8,0,FALSE
Patrick Baldwin Jr.,baldwpa01,SF,PHI,1,0,2,0,0,0,100,0,big_percent,100,7,0,220,84,big,0,0,0,0.085,-5,-3.1,-8.1,0,FALSE
Patrick Baldwin Jr.,baldwpa01,SF,SAC,6,1,88,0,0,23,77,0,big_percent,100,7,0,220,84,big,0,0.1,0,0.027,-4,-1.6,-5.6,-0.1,FALSE
LaMelo Ball,ballla01,PG,CHO,72,69,2017,94,6,0,0,0,guard_percent,100,6,7,180,79,guard,3.6,2.6,6.2,0.147,4.8,-0.1,4.7,3.4,TRUE
Lonzo Ball,balllo01,PG,CLE,35,3,728,43,54,4,0,0,guard_percent,97,NA,NA,NA,NA,guard,-0.4,1,0.6,0.042,-2.9,1.8,-1.1,0.2,FALSE
Mo Bamba,bambamo01,C,TOR,2,0,6,0,0,0,0,100,big_percent,100,NA,NA,NA,NA,big,0,0,0,-0.159,-18.8,-2.5,-21.3,0,FALSE
Mo Bamba,bambamo01,C,UTA,2,0,38,0,0,0,0,100,big_percent,100,NA,NA,NA,NA,big,0,0,0.1,0.09,-2.1,-3.8,-5.9,0,FALSE
Paolo Banchero,banchpa01,PF,ORL,72,72,2502,0,0,0,95,5,big_percent,100,6,10,250,82,big,2,3,5,0.095,1.4,0,1.4,2.1,TRUE
Desmond Bane,banede01,SG,ORL,82,82,2756,2,69,29,0,0,wing_small_percent,98,6,6,215,78,wing,4.8,2.6,7.4,0.129,1.6,-0.2,1.4,2.3,TRUE
Dalano Banton,bantoda01,PG,BOS,4,0,52,92,8,0,0,0,guard_percent,100,6,8,203,80,guard,-0.2,0.1,-0.1,-0.095,-7.7,0.6,-7.1,-0.1,FALSE
Dalano Banton,bantoda01,PG,LAC,2,0,10,0,100,0,0,0,guard_percent,100,6,8,203,80,guard,0,0,0,0.227,7.3,5.2,12.5,0,FALSE
Dalano Banton,bantoda01,PG,LAC,2,0,10,0,100,0,0,0,wing_small_percent,100,6,8,203,80,wing,0,0,0,0.227,7.3,5.2,12.5,0,FALSE
Dominick Barlow,barlodo01,PF,PHI,71,59,1689,0,0,0,89,11,big_percent,100,6,9,215,81,big,2.2,1.8,3.9,0.112,-1.5,0.4,-1.1,0.4,FALSE
Harrison Barnes,barneha02,PF,SAS,77,52,1986,0,0,4,88,8,big_percent,96,6,7,225,79,big,2.7,2.1,4.8,0.117,-0.2,0.1,-0.1,1,FALSE
Scottie Barnes,barnesc01,PF,TOR,80,80,2681,0,0,2,67,31,big_percent,98,6,8,237,80,big,3.3,4.5,7.8,0.14,1.9,2.3,4.2,4.2,TRUE
Brooks Barnhizer,barnhbr01,SG,OKC,40,0,348,0,23,45,32,0,wing_big_percent,77,6,5,230,77,wing,-0.1,0.6,0.6,0.082,-4.1,1,-3.1,-0.1,FALSE
RJ Barrett,barrerj01,SF,TOR,57,57,1726,0,55,39,6,0,wing_small_percent,94,6,6,214,78,wing,2,2,4,0.111,1,-0.7,0.2,1,FALSE
Charles Bassey,bassech01,C,BOS,5,0,17,0,0,0,0,100,big_percent,100,6,10,230,82,big,0.1,0,0.1,0.349,7.1,3.3,10.3,0.1,FALSE
Charles Bassey,bassech01,C,GSW,5,0,100,0,0,0,3,97,big_percent,100,6,10,230,82,big,0.3,0.2,0.5,0.233,1.8,0.4,2.2,0.1,FALSE
Charles Bassey,bassech01,C,MEM,2,0,31,0,0,0,63,37,big_percent,100,6,10,230,82,big,0,0,0,0.067,-3.1,-1.4,-4.4,0,FALSE
Charles Bassey,bassech01,C,PHI,1,0,5,0,0,0,0,100,big_percent,100,6,10,230,82,big,0,0,0,0.193,2.8,4.2,7,0,FALSE
Jamison Battle,battlja01,SF,TOR,61,2,517,0,0,56,43,1,wing_big_percent,99,6,7,220,79,wing,0.4,0.5,0.9,0.086,-1.6,-1,-2.6,-0.1,FALSE
Nicolas Batum,batumni01,PF,LAC,74,6,1295,0,0,24,72,4,wing_big_percent,96,6,7,230,79,wing,0.6,1.2,1.8,0.066,-1.7,0.7,-1,0.3,FALSE
Bradley Beal,bealbr01,SG,LAC,6,6,121,0,81,19,0,0,wing_small_percent,100,6,4,207,76,wing,-0.2,0,-0.2,-0.07,-6.7,-3.9,-10.6,-0.3,FALSE
MarJon Beauchamp,beaucma01,SF,PHI,14,1,196,3,32,57,8,0,wing_small_percent,89,6,7,199,79,wing,0,0.2,0.2,0.06,-0.6,-1,-1.6,0,FALSE
Joan Beringer,berinjo01,PF,MIN,40,3,314,0,0,0,20,81,big_percent,101,6,11,230,83,big,1,0.5,1.5,0.222,0.2,0.2,0.4,0.2,FALSE
Saddiq Bey,beysa01,SF,NOP,72,64,2246,0,2,51,46,0,wing_big_percent,97,6,8,215,80,wing,4.5,1,5.4,0.116,2.3,-1.8,0.5,1.4,FALSE
Goga Bitadze,bitadgo01,C,ORL,64,3,972,0,0,0,0,100,big_percent,100,6,11,250,83,big,2.8,1.6,4.4,0.218,0.8,2,2.8,1.2,FALSE
Bismack Biyombo,biyombi01,C,SAS,25,1,141,0,0,0,51,49,big_percent,100,6,8,255,80,big,0,0.2,0.2,0.057,-7.2,1.4,-5.8,-0.1,FALSE
Anthony Black,blackan01,PG,ORL,64,40,1910,49,50,1,0,0,guard_percent,99,6,7,200,79,guard,0.3,2.4,2.6,0.067,-1.2,0.7,-0.6,0.7,FALSE
Leaky Black,blackle01,SF,WAS,15,9,433,0,19,45,33,2,wing_big_percent,78,6,6,209,78,wing,-0.1,0.1,0,0.004,-4.2,-1.1,-5.3,-0.4,FALSE
Buddy Boeheim,boehebu01,SF,OKC,4,0,15,0,0,54,14,32,wing_big_percent,68,NA,NA,NA,NA,wing,0,0,0,0.012,-3.8,-4.5,-8.4,0,FALSE
Bogdan Bogdanović,bogdabo01,SG,LAC,23,3,452,20,56,23,2,0,wing_small_percent,79,6,5,225,77,wing,-0.1,0.3,0.2,0.02,-2.3,-0.8,-3.1,-0.1,FALSE
Adem Bona,bonaad01,C,PHI,71,18,1234,0,0,0,4,96,big_percent,100,6,10,235,82,big,1.4,1.5,2.9,0.112,-3.2,0.3,-2.9,-0.3,FALSE
Devin Booker,bookede01,SG,PHO,64,64,2146,5,54,38,3,0,wing_small_percent,92,6,5,206,77,wing,4.7,1.8,6.5,0.145,3.2,-1,2.2,2.3,TRUE
Chris Boucher,bouchch01,PF,BOS,9,0,94,0,0,14,47,39,big_percent,86,NA,NA,NA,NA,big,-0.1,0.2,0.1,0.064,-5.9,2.7,-3.1,0,FALSE
Jamaree Bouyea,bouyeja01,PG,PHO,46,1,644,100,0,0,0,0,guard_percent,100,6,2,180,74,guard,0.4,0.8,1.1,0.086,-1.4,1.1,-0.4,0.3,FALSE
Tony Bradley,bradlto01,C,ATL,3,1,34,0,0,0,0,100,big_percent,100,6,10,248,82,big,0,0,0,0.061,-2.9,-3.3,-6.2,0,FALSE
Tony Bradley,bradlto01,C,IND,38,3,416,0,0,1,4,95,big_percent,99,6,10,248,82,big,0.7,0.2,0.9,0.102,-2.4,-1.6,-4.1,-0.2,FALSE
Malaki Branham,branhma01,SG,WAS,28,0,275,15,67,19,0,0,wing_small_percent,86,NA,NA,NA,NA,wing,0.3,0,0.4,0.064,-0.8,-1.5,-2.2,0,FALSE
Christian Braun,braunch01,SG,DEN,44,44,1399,0,42,42,16,0,wing_small_percent,84,6,6,220,78,wing,2.2,0.8,3,0.103,-0.4,-0.9,-1.2,0.3,FALSE
Koby Brea,breako01,SG,PHO,12,0,84,13,87,0,0,0,guard_percent,100,6,5,215,77,guard,0.2,0.1,0.2,0.117,1.7,-1.4,0.2,0,FALSE
Mikal Bridges,bridgmi01,SF,NYK,82,82,2692,0,8,65,27,0,wing_big_percent,92,6,6,209,78,wing,4.7,3.3,8,0.143,1.3,1.4,2.7,3.2,TRUE
Miles Bridges,bridgmi02,PF,CHO,77,77,2387,0,0,3,95,2,wing_big_percent,98,6,7,225,79,wing,4,2.5,6.5,0.13,1.2,-0.1,1.1,1.9,FALSE
Dillon Brooks,brookdi01,SF,PHO,56,56,1702,0,0,7,91,2,wing_big_percent,98,6,7,225,79,wing,0.4,1.6,2.1,0.058,-1,-1.3,-2.3,-0.1,FALSE
Johni Broome,broomjo01,C,PHI,11,0,55,0,0,0,2,99,big_percent,101,6,10,235,82,big,-0.3,0.1,-0.2,-0.212,-11.9,-4.4,-16.2,-0.2,FALSE
Bruce Brown,brownbr01,SG,DEN,82,4,1998,31,64,5,0,0,guard_percent,95,6,4,202,76,guard,1.2,1.8,2.9,0.071,-2.5,0.1,-2.4,-0.2,FALSE
Darius Brown II,brownda04,SG,CLE,1,0,3,0,0,100,0,0,wing_small_percent,100,NA,NA,NA,NA,wing,0,0,0,-0.269,-16.3,-2.4,-18.7,0,FALSE
Jaylen Brown,brownja02,SF,BOS,71,71,2443,0,13,64,23,0,wing_big_percent,87,6,6,223,78,wing,3.5,3.4,6.9,0.135,3.5,-0.1,3.3,3.3,TRUE
Kobe Brown,brownko01,PF,IND,27,10,668,0,0,32,65,3,wing_big_percent,97,6,7,250,79,wing,0.6,0.3,1,0.07,-1.2,-1.6,-2.8,-0.1,FALSE
Kobe Brown,brownko01,PF,LAC,34,0,295,0,0,8,84,8,big_percent,92,6,7,250,79,big,0.1,0.2,0.3,0.056,-1.2,-1.1,-2.3,0,FALSE
Kobe Brown,brownko01,PF,LAC,34,0,295,0,0,8,84,8,wing_big_percent,92,6,7,250,79,wing,0.1,0.2,0.3,0.056,-1.2,-1.1,-2.3,0,FALSE
Jalen Brunson,brunsja01,PG,NYK,74,74,2590,96,4,0,0,0,guard_percent,100,6,2,190,74,guard,6.5,2.2,8.8,0.163,4,-0.9,3.1,3.3,TRUE
Carter Bryant,bryanca01,PF,SAS,71,0,818,0,1,41,53,5,wing_big_percent,94,6,6,220,78,wing,0.1,1.2,1.3,0.076,-3.1,0.2,-3,-0.2,FALSE
Thomas Bryant,bryanth01,C,CLE,60,1,732,0,0,0,0,100,big_percent,100,6,9,248,81,big,1.4,0.9,2.3,0.153,0.8,-0.7,0.1,0.4,FALSE
Kobe Bufkin,bufkiko01,SG,LAL,16,1,119,36,49,15,0,0,guard_percent,85,NA,NA,NA,NA,guard,-0.2,0.1,-0.1,-0.056,-6.2,-3.2,-9.4,-0.2,FALSE
Tyler Burton,burtoty01,SF,MEM,12,0,307,0,0,28,48,25,wing_big_percent,76,NA,NA,NA,NA,wing,-0.1,0.2,0.1,0.023,-3.4,-1.9,-5.3,-0.3,FALSE
Jimmy Butler,butleji01,SF,GSW,38,38,1182,0,6,39,54,0,wing_big_percent,93,6,6,230,78,wing,4.6,1.1,5.7,0.233,5,0.5,5.5,2.3,TRUE
Matas Buzelis,buzelma01,PF,CHI,77,77,2248,0,0,12,80,8,wing_big_percent,92,6,8,209,80,wing,0.4,2.1,2.6,0.055,-0.6,-0.4,-1,0.5,FALSE
Jamal Cain,cainja01,SF,ORL,40,1,486,0,46,49,4,0,wing_small_percent,95,6,7,191,79,wing,0.8,0.4,1.2,0.116,-0.4,-1,-1.4,0.1,FALSE
Kentavious Caldwell-Pope,caldwke01,SG,MEM,51,14,1088,3,76,19,2,0,wing_small_percent,95,6,5,204,77,wing,0.2,0.5,0.7,0.032,-2.3,-0.2,-2.5,-0.1,FALSE
Toumani Camara,camarto01,PF,POR,82,82,2731,0,0,2,84,14,big_percent,98,6,7,230,79,big,2.1,2.7,4.8,0.084,-1,0,-1,0.7,FALSE
Clint Capela,capelca01,C,HOU,75,3,926,0,0,0,13,87,big_percent,100,6,10,256,82,big,1.3,1.7,3,0.156,-0.5,0.9,0.4,0.6,FALSE
Dylan Cardwell,cardwdy01,C,SAC,44,1,907,0,0,0,26,74,big_percent,100,6,10,255,82,big,1.4,0.9,2.3,0.122,-2.5,0.6,-1.9,0,FALSE
Branden Carlson,carlsbr01,C,OKC,42,4,488,0,0,0,1,99,big_percent,100,7,0,220,84,big,0.8,1,1.7,0.171,0.5,0.3,0.8,0.4,FALSE
Bub Carrington,carrica01,PG,WAS,82,48,2271,87,13,0,0,0,guard_percent,100,6,4,190,76,guard,-0.3,-0.1,-0.4,-0.009,-2.2,-2.5,-4.7,-1.6,FALSE
Devin Carter,cartede02,PG,SAC,38,12,700,95,5,0,0,0,guard_percent,100,6,2,195,74,guard,-0.2,0.4,0.2,0.012,-1.5,-1.2,-2.6,-0.1,FALSE
Jevon Carter,carteje01,PG,CHI,23,0,254,79,21,0,0,0,guard_percent,100,6,0,200,72,guard,0.1,0.2,0.3,0.058,-0.7,-0.3,-1,0.1,FALSE
Jevon Carter,carteje01,PG,ORL,30,1,613,100,0,0,0,0,guard_percent,100,6,0,200,72,guard,0,0.7,0.6,0.05,-1.7,0.6,-1.1,0.1,FALSE
Wendell Carter Jr.,cartewe01,C,ORL,78,78,2288,0,0,0,0,100,big_percent,100,6,10,270,82,big,3.4,2.8,6.2,0.131,-1,0.5,-0.6,0.8,FALSE
Alex Caruso,carusal01,SG,OKC,56,0,1020,1,24,52,24,0,wing_small_percent,76,6,5,186,77,wing,0.3,2.2,2.5,0.12,-1.4,3.3,1.9,1,FALSE
Colin Castleton,castlco01,C,ORL,4,0,21,0,0,0,15,85,big_percent,100,6,10,250,82,big,0,0,0,-0.003,-6.1,-1.5,-7.7,0,FALSE
Stephon Castle,castlst01,PG,SAS,68,67,2038,48,52,0,0,0,guard_percent,100,6,6,215,78,guard,2.8,2.9,5.8,0.136,1,0.9,1.9,2,FALSE
Justin Champagnie,champju01,SF,WAS,69,19,1377,0,16,61,22,1,wing_big_percent,83,6,6,206,78,wing,2.4,0.8,3.1,0.109,0.6,-1,-0.4,0.6,TRUE
Julian Champagnie,champju02,SF,SAS,82,68,2266,0,5,52,43,1,wing_big_percent,95,6,7,217,79,wing,2.8,3.4,6.2,0.132,0.5,0.8,1.4,1.9,TRUE
Kennedy Chandler,chandke01,PG,UTA,11,2,355,100,0,0,0,0,guard_percent,100,NA,NA,NA,NA,guard,0.2,0,0.2,0.029,-2.5,-3.1,-5.7,-0.3,FALSE
Cam Christie,chrisca02,SG,LAC,55,0,480,40,52,8,0,0,guard_percent,92,6,5,190,77,guard,-0.2,0.4,0.2,0.016,-3.5,-1.1,-4.6,-0.3,FALSE
Max Christie,chrisma02,SG,DAL,77,68,2244,26,68,5,1,0,guard_percent,94,6,5,190,77,guard,1.3,1.4,2.7,0.058,-1,-0.6,-1.5,0.3,FALSE
Moussa Cisse,cissemo01,C,DAL,38,1,530,0,0,0,0,100,big_percent,100,6,11,220,83,big,0.4,0.9,1.3,0.116,-3.6,0.7,-2.9,-0.1,FALSE
Sidy Cissoko,cissosi01,SF,POR,75,26,1435,13,38,36,12,0,wing_small_percent,74,6,6,220,78,wing,0,1.3,1.3,0.045,-4.6,0.5,-4,-0.7,FALSE
Brandon Clarke,clarkbr01,PF,MEM,2,2,20,0,0,79,21,0,wing_big_percent,100,6,8,215,80,wing,0,0,0,0.038,-4.7,-0.2,-4.9,0,FALSE
Jaylen Clark,clarkja02,SG,MIN,68,1,888,11,64,25,0,0,wing_small_percent,89,6,5,205,77,wing,0.6,1,1.7,0.09,-3.2,0.7,-2.4,-0.1,FALSE
Jordan Clarkson,clarkjo01,SG,NYK,72,1,1279,1,65,34,0,0,wing_small_percent,99,6,5,194,77,wing,0.9,1,1.9,0.072,-1.9,-1.4,-3.3,-0.4,FALSE
Nic Claxton,claxtni01,C,BRK,69,68,1920,0,0,0,0,100,big_percent,100,6,11,215,83,big,3.3,1.5,4.8,0.121,0.3,0.6,0.9,1.4,TRUE
Walter Clayton,claytwa01,PG,MEM,24,6,599,65,34,1,0,0,guard_percent,99,6,4,195,76,guard,-0.3,0.2,-0.1,-0.005,-2.7,-3.1,-5.8,-0.6,FALSE
Walter Clayton,claytwa01,PG,UTA,45,0,811,62,38,0,0,0,guard_percent,100,6,4,195,76,guard,0.3,0.1,0.3,0.019,-1.9,-1.4,-3.2,-0.2,FALSE
Nique Clifford,cliffni01,SG,SAC,75,28,1882,20,48,29,3,0,wing_small_percent,77,6,5,175,77,wing,-1.2,0.6,-0.6,-0.014,-3.7,-1.2,-4.9,-1.4,FALSE
Donovan Clingan,clingdo01,C,POR,77,77,2094,0,0,0,0,100,big_percent,100,7,2,280,86,big,5.1,3.5,8.6,0.197,2.4,0.6,3,2.6,TRUE
Noah Clowney,clownno01,PF,BRK,66,60,1780,0,0,15,81,4,wing_big_percent,96,6,10,210,82,wing,-0.1,1.2,1.1,0.029,-2.3,-1.1,-3.4,-0.6,FALSE
Amir Coffey,coffeam01,SG,MIL,30,2,265,0,36,59,5,0,wing_small_percent,95,6,7,210,79,wing,0.2,0,0.3,0.048,-3.2,-2,-5.2,-0.2,FALSE
Amir Coffey,coffeam01,SG,PHO,16,1,225,2,34,54,9,0,wing_small_percent,88,6,7,210,79,wing,0.4,0.2,0.6,0.125,-0.9,0.4,-0.5,0.1,FALSE
Isaiah Collier,colliis01,PG,UTA,59,19,1517,52,46,2,0,0,guard_percent,98,6,4,210,76,guard,1.3,0.3,1.7,0.053,-0.7,-1.8,-2.4,-0.2,FALSE
John Collins,collijo01,PF,LAC,69,56,1872,0,0,0,89,10,big_percent,99,6,9,226,81,big,2.7,1.8,4.6,0.117,0,-0.5,-0.5,0.7,TRUE
Zach Collins,colliza01,C,CHI,10,0,184,0,0,0,5,95,big_percent,100,6,9,250,81,big,0.4,0.1,0.5,0.137,1,-0.7,0.2,0.1,FALSE
Mike Conley,conlemi01,PG,MIN,54,15,991,100,0,0,0,0,guard_percent,100,6,1,175,73,guard,0.9,1,1.9,0.092,-2.3,1,-1.3,0.2,FALSE
Pat Connaughton,connapa01,SG,CHO,42,0,297,8,74,15,4,0,wing_small_percent,89,6,5,209,77,wing,0.3,0.4,0.7,0.113,-0.2,0.3,0.1,0.2,FALSE
Javonte Cooke,cookeja01,SG,POR,19,0,94,23,64,13,0,0,guard_percent,87,NA,NA,NA,NA,guard,-0.5,0.1,-0.3,-0.175,-10.5,-1.1,-11.7,-0.2,FALSE
Sharife Cooper,coopesh01,PG,WAS,41,1,700,100,0,0,0,0,guard_percent,100,6,0,176,72,guard,0.7,-0.1,0.6,0.041,-1,-2.9,-3.9,-0.3,FALSE
Bilal Coulibaly,coulibi01,SG,WAS,56,56,1468,2,41,50,7,0,wing_small_percent,91,6,7,195,79,wing,0.2,0.8,1,0.031,-1.7,-0.4,-2.1,-0.1,FALSE
Cedric Coward,cowarce01,SG,MEM,62,47,1598,1,65,30,4,0,wing_small_percent,95,6,5,206,77,wing,1.4,1.1,2.5,0.076,0.4,-0.6,-0.2,0.7,TRUE
Isaiah Crawford,crawfis01,SF,HOU,14,0,92,0,4,68,26,2,wing_big_percent,94,6,6,220,78,wing,0,0.1,0.1,0.069,-3,0.1,-3,0,FALSE
LJ Cryer,cryerlj01,PG,GSW,18,1,292,100,0,0,0,0,guard_percent,100,6,1,202,73,guard,0.2,0.1,0.3,0.045,-1.8,-2.9,-4.7,-0.2,FALSE
Cade Cunningham,cunnica01,PG,DET,64,64,2172,83,17,0,0,0,guard_percent,100,6,6,220,78,guard,4.2,3.6,7.9,0.174,4.8,1.5,6.3,4.6,TRUE
Seth Curry,curryse01,SG,GSW,10,0,133,19,68,13,0,0,guard_percent,87,6,1,185,73,guard,0.4,0.1,0.4,0.152,1.6,-1.3,0.2,0.1,FALSE
Stephen Curry,curryst01,PG,GSW,43,41,1329,100,0,0,0,0,guard_percent,100,6,2,185,74,guard,2.9,1.2,4.1,0.147,6.3,-1,5.4,2.5,TRUE
Pacôme Dadiet,dadiepa01,SG,NYK,29,0,136,9,53,37,1,0,wing_small_percent,90,6,9,210,81,wing,0,0.2,0.2,0.062,-3,-0.2,-3.3,0,FALSE
Dyson Daniels,daniedy01,SG,ATL,76,76,2520,1,46,52,1,0,wing_small_percent,98,6,7,199,79,wing,3.1,3.6,6.6,0.126,-0.6,1.8,1.3,2.1,FALSE
Tristan Da Silva,dasiltr01,SF,ORL,77,34,1899,0,4,83,13,0,wing_big_percent,96,6,8,217,80,wing,1.3,2.1,3.3,0.084,-0.7,0.1,-0.6,0.7,FALSE
Anthony Davis,davisan02,PF,DAL,20,20,626,0,0,0,11,89,big_percent,100,6,10,253,82,big,0.4,1,1.3,0.103,1.5,0.9,2.4,0.7,FALSE
JD Davison,davisjd01,PG,HOU,28,0,218,42,59,0,0,0,guard_percent,101,6,1,195,73,guard,0.2,0.3,0.5,0.102,-2.4,1.3,-1.1,0,FALSE
Egor Dёmin,demineg01,PG,BRK,52,45,1308,76,25,0,0,0,guard_percent,101,6,8,200,80,guard,0.1,0.7,0.9,0.032,-0.9,-0.7,-1.6,0.1,TRUE
RayJ Dennis,dennira01,PG,ATL,3,0,34,100,0,0,0,0,guard_percent,100,6,1,180,73,guard,0,0,0,0.017,-6.9,-1.6,-8.5,-0.1,FALSE
RayJ Dennis,dennira01,PG,IND,13,0,168,100,0,0,0,0,guard_percent,100,6,1,180,73,guard,-0.4,0.1,-0.3,-0.085,-4,-1.3,-5.2,-0.1,FALSE
RayJ Dennis,dennira01,PG,LAC,1,0,4,100,0,0,0,0,guard_percent,100,6,1,180,73,guard,0,0,0,-0.272,-15.3,-0.2,-15.5,0,FALSE
DeMar DeRozan,derozde01,PF,SAC,77,77,2406,0,6,55,39,0,wing_big_percent,94,6,6,220,78,wing,5.2,0.4,5.6,0.112,0.9,-1,-0.1,1.1,TRUE
Moussa Diabaté,diabamo01,C,CHO,73,47,1899,0,0,0,1,99,big_percent,100,6,10,210,82,big,4.7,2.8,7.4,0.188,0.4,1.2,1.7,1.8,TRUE
Mohamed Diawara,diawamo01,SF,NYK,69,7,634,0,0,44,55,1,wing_big_percent,99,6,9,225,81,wing,0.2,0.7,0.9,0.072,-1.8,0.1,-1.7,0,FALSE
Gradey Dick,dickgr01,SG,TOR,76,1,1067,0,44,52,4,0,wing_small_percent,96,6,7,200,79,wing,0.2,1.3,1.4,0.064,-3.2,-0.4,-3.6,-0.4,FALSE
Hunter Dickinson,dickihu01,C,NOP,5,0,42,0,0,0,0,100,big_percent,100,7,1,255,85,big,-0.1,0,-0.1,-0.094,-8.4,-2.9,-11.4,-0.1,FALSE
Ousmane Dieng,diengou01,C,MIL,30,20,804,0,0,6,72,23,big_percent,95,6,9,185,81,big,-0.8,0.5,-0.3,-0.02,-3,-1.7,-4.6,-0.5,FALSE
Ousmane Dieng,diengou01,C,OKC,27,0,295,0,0,1,52,47,big_percent,99,6,9,185,81,big,0.2,0.4,0.6,0.098,-1.6,0.2,-1.4,0.1,FALSE
Rob Dillingham,dilliro01,PG,CHI,30,0,644,55,44,1,0,0,guard_percent,99,6,2,175,74,guard,-1.1,0.5,-0.6,-0.044,-5.5,-1.3,-6.8,-0.8,FALSE
Rob Dillingham,dilliro01,PG,MIN,35,0,326,86,14,0,0,0,guard_percent,100,6,2,175,74,guard,-1,0.4,-0.5,-0.079,-7.9,-0.3,-8.2,-0.5,FALSE
Donte DiVincenzo,divindo01,SG,MIN,82,82,2494,44,50,6,0,0,guard_percent,94,6,4,203,76,guard,2.3,2.9,5.2,0.1,0,0.7,0.8,1.7,TRUE
Luka Dončić,doncilu01,PG,LAL,64,64,2289,86,14,0,0,0,guard_percent,100,6,8,230,80,guard,6.6,2.9,9.5,0.199,8,1.3,9.3,6.6,TRUE
Luguentz Dort,dortlu01,SF,OKC,69,69,1849,0,1,41,56,1,wing_big_percent,97,6,4,220,76,wing,0,3,3,0.078,-2.8,0.8,-2,0,FALSE
Ayo Dosunmu,dosunay01,SG,CHI,45,10,1187,18,63,19,1,0,wing_small_percent,82,6,4,200,76,wing,2.4,0.6,3,0.12,1.6,-0.9,0.8,0.8,TRUE
Ayo Dosunmu,dosunay01,SG,MIN,24,9,694,48,51,1,0,0,guard_percent,99,6,4,200,76,guard,1.1,0.8,1.9,0.132,0.7,0.8,1.5,0.6,FALSE
Andre Drummond,drumman01,C,PHI,63,25,1231,0,0,0,1,99,big_percent,100,6,11,279,83,big,1.5,1.9,3.4,0.133,-0.4,-0.2,-0.6,0.4,FALSE
Kris Dunn,dunnkr01,PG,LAC,82,68,2230,85,16,0,0,0,guard_percent,101,6,3,205,75,guard,1.7,2.3,4,0.085,-2.3,1.5,-0.8,0.6,FALSE
Ryan Dunn,dunnry01,SF,PHO,70,16,1355,0,4,43,53,0,wing_big_percent,96,6,7,216,79,wing,0.7,1.9,2.6,0.093,-2.1,1.2,-0.9,0.4,FALSE
Kevin Durant,duranke01,SF,HOU,78,78,2840,0,32,61,8,0,wing_small_percent,93,6,11,240,83,wing,7.5,3.2,10.7,0.18,4.4,0.1,4.5,4.7,TRUE
Jalen Duren,durenja01,C,DET,70,70,1976,0,0,0,0,100,big_percent,100,6,10,250,82,big,7.2,3.8,11,0.266,4.4,0.5,5,3.5,TRUE
Tari Eason,easonta01,PF,HOU,60,34,1549,0,1,58,39,2,wing_big_percent,97,6,8,215,80,wing,0.6,2.3,2.9,0.091,-1.8,0.2,-1.6,0.2,FALSE
Zach Edey,edeyza01,C,MEM,11,11,284,0,0,0,0,100,big_percent,100,7,3,305,87,big,0.4,0.4,0.8,0.134,-0.6,1.1,0.5,0.2,FALSE
VJ Edgecombe,edgecvj01,SG,PHI,75,75,2623,28,72,0,0,0,guard_percent,100,6,4,180,76,guard,1.9,2.5,4.4,0.081,-0.4,-0.1,-0.5,1,FALSE
Anthony Edwards,edwaran01,SG,MIN,61,60,2137,1,64,34,1,0,wing_small_percent,98,6,4,225,76,wing,3.9,2.7,6.5,0.147,4.7,-0.1,4.5,3.5,TRUE
Justin Edwards,edwarju01,SF,PHI,64,12,977,0,5,83,13,0,wing_big_percent,96,6,7,203,79,wing,0.8,0.9,1.7,0.086,-1.8,0.6,-1.3,0.2,FALSE
Keon Ellis,elliske01,SG,CLE,29,6,720,1,66,29,3,0,wing_small_percent,95,6,4,175,76,wing,1,0.8,1.8,0.121,-0.7,1.7,1.1,0.6,FALSE
Keon Ellis,elliske01,SG,SAC,43,5,758,52,46,2,0,0,guard_percent,98,6,4,175,76,guard,0,0.4,0.4,0.025,-2.8,0.9,-1.9,0,FALSE
Joel Embiid,embiijo01,C,PHI,38,38,1201,0,0,0,0,100,big_percent,100,7,0,280,84,big,2.8,1.3,4.1,0.163,5.1,-0.2,4.9,2.1,TRUE
Tristan Enaruna,enarutr01,SF,CLE,9,0,85,7,27,40,27,0,wing_small_percent,67,6,7,220,79,wing,0.2,0.1,0.2,0.137,-0.5,-0.4,-1,0,FALSE
Noa Essengue,essenno01,PF,CHI,2,0,6,0,0,0,74,26,big_percent,100,6,8,200,80,big,-0.1,0,-0.1,-0.417,-20.7,-3,-23.7,0,FALSE
Tyson Etienne,etienty01,PG,BRK,24,2,380,100,0,0,0,0,guard_percent,100,6,0,200,72,guard,0.4,0.1,0.5,0.069,-0.8,-2,-2.8,-0.1,FALSE
Drew Eubanks,eubandr01,C,SAC,42,11,552,0,0,0,1,99,big_percent,100,6,10,245,82,big,0.3,0.3,0.6,0.053,-3,-0.7,-3.7,-0.2,FALSE
Tosan Evbuomwan,evbuoto01,SF,NYK,5,0,8,0,9,91,0,0,wing_small_percent,100,6,8,217,80,wing,0,0,0,-0.025,-8.5,-3,-11.5,0,FALSE
Jeremiah Fears,fearsje01,PG,NOP,82,49,2112,92,8,0,0,0,guard_percent,100,6,3,190,75,guard,-0.8,1.4,0.6,0.015,-1.4,-1.3,-2.7,-0.4,FALSE
Kyle Filipowski,filipky01,C,UTA,77,41,1801,0,0,0,16,84,big_percent,100,6,11,250,83,big,1.8,1.3,3.1,0.082,-0.6,-0.5,-1.1,0.4,FALSE
Dorian Finney-Smith,finnedo01,PF,HOU,37,1,620,0,2,51,47,0,wing_big_percent,98,6,7,220,79,wing,0,0.6,0.5,0.042,-4.3,-0.1,-4.3,-0.4,FALSE
Cooper Flagg,flaggco01,SF,DAL,70,70,2344,0,1,37,60,1,wing_big_percent,97,6,9,205,81,wing,1.3,2.5,3.8,0.078,1,0.4,1.4,2,TRUE
Rasheer Fleming,flemira01,PF,PHO,55,1,673,0,0,3,86,11,big_percent,97,6,9,240,81,big,0,0.8,0.8,0.055,-3,-0.7,-3.8,-0.3,FALSE
Trentyn Flowers,flowetr01,SF,CHI,2,0,6,0,0,100,0,0,wing_small_percent,100,NA,NA,NA,NA,wing,0,0,0,0.023,1.7,-2.7,-1,0,FALSE
Simone Fontecchio,fontesi01,SF,MIA,70,9,1173,0,0,24,73,3,wing_big_percent,97,6,7,209,79,wing,1.4,1.2,2.6,0.106,0.7,-0.2,0.5,0.7,FALSE
De'Aaron Fox,foxde01,PG,SAS,72,72,2231,99,1,0,0,0,guard_percent,100,6,3,185,75,guard,3.4,3,6.4,0.138,1.5,0.6,2.2,2.4,TRUE
Enrique Freeman,freemen01,PF,MIN,4,0,37,0,0,6,94,0,wing_big_percent,100,6,9,220,81,wing,0,0.1,0.1,0.162,-1.5,1.5,0,0,FALSE
Markelle Fultz,fultzma01,PG,TOR,5,0,36,100,0,0,0,0,guard_percent,100,NA,NA,NA,NA,guard,-0.2,0,-0.2,-0.209,-12.3,-4,-16.3,-0.1,FALSE
Johnny Furphy,furphjo01,SG,IND,35,21,643,0,49,46,5,0,wing_small_percent,95,6,8,200,80,wing,0,0.5,0.5,0.036,-3.9,0.2,-3.7,-0.3,FALSE
Daniel Gafford,gaffoda01,C,DAL,55,44,1195,0,0,0,0,100,big_percent,100,6,10,265,82,big,2.5,1.7,4.1,0.167,-0.5,1.2,0.7,0.8,TRUE
Andersson Garcia,garcian01,SF,UTA,5,2,169,0,2,41,40,17,wing_big_percent,81,NA,NA,NA,NA,wing,0,0.1,0.1,0.014,-5.2,-0.5,-5.7,-0.2,FALSE
Myron Gardner,gardnmy01,SF,MIA,45,7,411,0,25,49,26,0,wing_big_percent,75,6,5,220,77,wing,0.8,0.6,1.4,0.163,-1.1,1.9,0.9,0.3,FALSE
Darius Garland,garlada01,PG,CLE,26,26,792,86,14,0,0,0,guard_percent,100,6,1,192,73,guard,0.9,0.5,1.4,0.084,0.9,-2.5,-1.6,0.1,FALSE
Darius Garland,garlada01,PG,LAC,19,17,552,100,0,0,0,0,guard_percent,100,6,1,192,73,guard,0.8,0.4,1.2,0.104,4,-2.2,1.8,0.5,FALSE
Luka Garza,garzalu01,C,BOS,69,6,1118,0,0,0,4,96,big_percent,100,6,10,243,82,big,3.9,1.4,5.3,0.226,2.2,0.2,2.4,1.2,FALSE
Keyonte George,georgke01,PG,UTA,54,54,1786,100,0,0,0,0,guard_percent,100,6,4,185,76,guard,3.1,0.1,3.3,0.088,3,-2.1,0.9,1.3,TRUE
Kyshawn George,georgky01,SF,WAS,48,48,1391,0,1,47,49,3,wing_big_percent,96,6,8,200,80,wing,0.1,0.5,0.6,0.022,-0.5,-0.6,-1.2,0.3,FALSE
Paul George,georgpa01,PF,PHI,37,37,1135,0,0,45,55,0,wing_big_percent,100,6,8,220,80,wing,1.1,1.4,2.5,0.108,1,0.7,1.7,1.1,TRUE
Taj Gibson,gibsota01,C,MEM,10,1,97,0,0,0,0,100,big_percent,100,6,9,232,81,big,0.2,0.1,0.3,0.134,-1.4,-2.1,-3.5,0,FALSE
Josh Giddey,giddejo01,PG,CHI,54,51,1731,49,48,3,0,0,guard_percent,97,6,7,216,79,guard,1.6,1.7,3.2,0.09,2.3,0.4,2.7,2,TRUE
Keshon Gilbert,gilbeke01,SG,ATL,1,0,26,18,63,20,0,0,wing_small_percent,83,6,4,200,76,wing,0.1,0,0.1,0.15,-0.3,-0.6,-0.9,0,FALSE
Keshon Gilbert,gilbeke01,PG,WAS,3,0,48,0,94,6,0,0,wing_small_percent,100,6,4,200,76,wing,-0.1,0,-0.1,-0.089,-6.2,-0.4,-6.6,-0.1,FALSE
Shai Gilgeous-Alexander,gilgesh01,PG,OKC,68,68,2259,100,0,0,0,0,guard_percent,100,6,6,195,78,guard,11.1,4.1,15.2,0.323,8.7,3,11.7,7.8,TRUE
Anthony Gill,gillan01,PF,WAS,55,8,951,0,0,1,36,64,big_percent,100,6,7,230,79,big,1.6,0.1,1.7,0.087,-1.3,-1.3,-2.6,-0.2,FALSE
Collin Gillespie,gilleco01,PG,PHO,80,58,2282,88,12,0,0,0,guard_percent,100,6,1,195,73,guard,3.6,2.5,6.2,0.13,1.9,0.6,2.5,2.6,TRUE
Rudy Gobert,goberru01,C,MIN,76,76,2380,0,0,0,0,100,big_percent,100,7,1,258,85,big,4.8,4,8.7,0.176,0,0.9,1,1.8,FALSE
Vladislav Goldin,goldivl01,C,MIA,9,0,24,0,0,0,0,100,big_percent,100,7,0,250,84,big,0,0,0.1,0.121,-5,4.5,-0.5,0,FALSE
Hugo González,gonzahu01,SF,BOS,74,3,1084,2,21,67,11,0,wing_small_percent,88,6,6,200,78,wing,0.5,1.7,2.2,0.099,-3.1,1.6,-1.5,0.1,FALSE
Jordan Goodwin,goodwjo01,PG,PHO,70,10,1572,40,52,8,0,0,guard_percent,92,6,3,215,75,guard,1.5,2.4,3.9,0.118,0.3,1.5,1.8,1.5,FALSE
Aaron Gordon,gordoaa01,PF,DEN,36,33,1005,0,0,0,79,21,big_percent,100,6,8,235,80,big,2.4,0.7,3.2,0.153,2.9,-1.2,1.7,0.9,FALSE
Eric Gordon,gordoer01,SG,PHI,6,0,74,3,61,36,0,0,wing_small_percent,97,NA,NA,NA,NA,wing,0.1,0.1,0.2,0.116,2.1,0.3,2.4,0.1,FALSE
Jerami Grant,grantje01,PF,POR,57,38,1695,0,0,58,39,3,wing_big_percent,97,6,7,213,79,wing,2.6,1.4,4,0.114,0.9,-0.9,0,0.9,FALSE
Hayden Gray,grayha01,NA,UTA,1,0,25,100,0,0,0,0,guard_percent,100,6,4,190,76,guard,0,0,0,0.044,-4.3,-1.2,-5.5,0,FALSE
A.J. Green,greenaj01,SG,MIL,78,68,2270,17,61,22,0,0,wing_small_percent,83,6,4,190,76,wing,2,0.4,2.4,0.05,-1.5,-1.8,-3.3,-0.8,FALSE
Draymond Green,greendr01,PF,GSW,68,68,1869,0,0,6,52,43,big_percent,95,6,6,230,78,big,-0.4,2.1,1.7,0.044,-2.4,1,-1.4,0.3,FALSE
Javonte Green,greenja02,SG,DET,82,6,1446,8,60,31,2,0,wing_small_percent,91,6,5,205,77,wing,2,2.7,4.7,0.156,-0.3,2.4,2.1,1.5,FALSE
Jalen Green,greenja05,SG,PHO,32,27,828,9,63,27,1,0,wing_small_percent,90,6,4,186,76,wing,-0.6,1,0.3,0.019,-0.2,-0.9,-1.1,0.2,FALSE
Jeff Green,greenje02,PF,HOU,30,0,175,0,0,4,55,41,big_percent,96,6,8,235,80,big,0.1,0.1,0.2,0.054,-3.4,-2.2,-5.6,-0.2,FALSE
Josh Green,greenjo02,SG,CHO,58,0,908,20,66,12,1,0,guard_percent,86,6,6,200,78,guard,1,0.9,1.9,0.099,-1.7,1,-0.7,0.3,FALSE
Quentin Grimes,grimequ01,SG,PHI,75,19,2206,1,55,43,0,0,wing_small_percent,98,6,4,210,76,wing,1.9,1.7,3.6,0.078,-0.9,-0.6,-1.6,0.2,FALSE
Mouhamadou Gueye,gueyemo01,PF,CHI,2,0,45,0,0,0,46,54,big_percent,100,6,9,210,81,big,0,0,0.1,0.086,-2.2,-1.7,-3.9,0,FALSE
Mouhamed Gueye,gueyemo02,PF,ATL,77,8,1179,0,0,0,56,44,big_percent,100,6,11,210,83,big,0.9,1.8,2.7,0.11,-2.6,1.3,-1.3,0.2,FALSE
Rui Hachimura,hachiru01,PF,LAL,68,41,1927,0,0,1,89,10,big_percent,99,6,8,230,80,big,2.1,1.1,3.2,0.08,-0.8,-1.5,-2.2,-0.1,FALSE
PJ Hall,hallpj01,C,CHO,12,2,187,0,0,0,2,98,big_percent,100,6,8,245,80,big,0.2,0.3,0.5,0.121,-2.1,-0.8,-2.9,0,FALSE
PJ Hall,hallpj01,C,MEM,7,0,27,0,0,0,0,100,big_percent,100,6,8,245,80,big,0.1,0,0.1,0.151,1.7,0.1,1.8,0,FALSE
Tim Hardaway Jr.,hardati02,SG,DEN,80,6,2127,4,54,40,2,0,wing_small_percent,94,6,5,205,77,wing,3.5,1,4.4,0.1,1.3,-1.9,-0.7,0.7,TRUE
James Harden,hardeja01,PG,CLE,26,26,879,68,28,5,0,0,guard_percent,96,6,5,220,77,guard,2.1,0.8,2.9,0.158,4.4,-0.4,4,1.3,TRUE
James Harden,hardeja01,PG,LAC,44,44,1559,34,66,1,0,0,guard_percent,100,6,5,220,77,guard,3.5,1.3,4.8,0.148,4.8,-1,3.8,2.3,TRUE
Jaden Hardy,hardyja02,SG,DAL,34,4,428,22,65,13,0,0,guard_percent,87,6,3,198,75,guard,-0.1,0.2,0.1,0.012,-1.9,-1.9,-3.8,-0.2,FALSE
Jaden Hardy,hardyja02,SG,WAS,23,0,470,32,55,13,0,0,guard_percent,87,6,3,198,75,guard,-0.2,-0.1,-0.3,-0.03,-1.2,-4.5,-5.7,-0.4,FALSE
Elijah Harkless,harklej01,SG,UTA,26,9,545,48,52,1,0,0,guard_percent,100,6,3,195,75,guard,-0.1,0.2,0.1,0.005,-4.9,-0.7,-5.6,-0.5,FALSE
Dylan Harper,harpedy01,SG,SAS,69,4,1558,9,60,31,0,0,wing_small_percent,91,6,5,215,77,wing,2,2.2,4.2,0.13,0.3,1.1,1.4,1.3,FALSE
Ron Harper Jr.,harpero02,SF,BOS,29,3,318,0,17,59,24,0,wing_big_percent,83,6,5,233,77,wing,0.4,0.4,0.8,0.119,0.2,0.9,1.1,0.3,FALSE
Gary Harris,harriga01,SG,MIL,48,2,661,8,63,29,0,0,wing_small_percent,92,6,4,210,76,wing,0.4,0.3,0.7,0.054,-3.2,0.7,-2.5,-0.1,FALSE
Tobias Harris,harrito02,PF,DET,63,63,1746,0,0,0,99,1,big_percent,100,6,8,226,80,big,2.6,2.7,5.3,0.145,0.6,0.8,1.4,1.5,FALSE
Isaiah Hartenstein,harteis01,C,OKC,47,46,1137,0,0,0,0,100,big_percent,100,7,0,250,84,big,2.5,2.8,5.3,0.223,1,3.2,4.2,1.8,FALSE
Josh Hart,hartjo01,SF,NYK,66,52,1994,0,41,51,9,0,wing_small_percent,92,6,5,215,77,wing,3.1,3,6.1,0.147,1,2,3,2.5,FALSE
Sam Hauser,hausesa01,PF,BOS,78,49,1934,0,0,20,77,3,wing_big_percent,97,6,7,217,79,wing,2.9,2.1,5,0.124,0.6,0,0.6,1.3,FALSE
Jordan Hawkins,hawkijo01,SG,NOP,51,1,692,2,91,7,1,0,wing_small_percent,98,6,5,190,77,wing,-0.6,0.2,-0.4,-0.029,-3.2,-3,-6.2,-0.7,FALSE
Jaxson Hayes,hayesja02,C,LAL,66,9,1207,0,0,0,0,100,big_percent,100,7,0,220,84,big,3.8,1.2,5,0.199,0.8,0.4,1.2,1,TRUE
Killian Hayes,hayeski01,PG,SAC,23,3,406,85,15,0,0,0,guard_percent,100,6,4,195,76,guard,-0.5,0.2,-0.3,-0.031,-5.1,-0.9,-6,-0.4,FALSE
Nigel Hayes-Davis,hayesni01,SF,PHO,27,0,195,0,22,29,47,2,wing_big_percent,76,NA,NA,NA,NA,wing,-0.3,0.2,-0.1,-0.023,-6.4,-0.8,-7.3,-0.3,FALSE
Scoot Henderson,hendesc01,PG,POR,30,10,748,100,0,0,0,0,guard_percent,100,6,3,207,75,guard,0.3,0.7,1,0.064,-1.7,-0.5,-2.2,0,FALSE
Taylor Hendricks,hendrta01,PF,MEM,26,11,626,0,0,0,8,92,big_percent,100,6,9,215,81,big,0.1,0.7,0.8,0.061,-1.3,-0.2,-1.5,0.1,FALSE
Taylor Hendricks,hendrta01,PF,UTA,33,6,492,0,0,31,53,16,wing_big_percent,84,6,9,215,81,wing,0.3,0.1,0.4,0.034,-1.8,-1.7,-3.5,-0.2,FALSE
Chucky Hepburn,hepbuch01,PG,TOR,2,0,13,100,0,0,0,0,guard_percent,100,6,0,190,72,guard,-0.1,0,-0.1,-0.441,-20.7,-3.1,-23.8,-0.1,FALSE
Tyler Herro,herroty01,SG,MIA,33,28,1033,5,75,20,0,0,wing_small_percent,95,6,5,195,77,wing,1.4,1,2.4,0.112,2.4,-0.4,2,1.1,FALSE
Buddy Hield,hieldbu01,SG,ATL,7,0,51,1,71,28,0,0,wing_small_percent,99,6,4,220,76,wing,0,0.1,0,0.044,1,-2.1,-1.1,0,FALSE
Buddy Hield,hieldbu01,SG,GSW,44,3,768,0,23,65,12,0,wing_small_percent,88,6,4,220,76,wing,0.2,0.8,1,0.061,-1,0,-1,0.2,FALSE
Haywood Highsmith,highsha01,SF,PHO,7,0,91,0,6,52,43,0,wing_big_percent,95,6,5,220,77,wing,0.4,0.1,0.5,0.238,2.7,1.2,3.8,0.1,FALSE
Blake Hinson,hinsobl01,SF,UTA,14,3,285,0,0,3,69,28,big_percent,97,6,8,240,80,big,0.7,0,0.7,0.112,2.5,-3,-0.6,0.1,FALSE
Aaron Holiday,holidaa01,PG,HOU,57,1,781,100,0,0,0,0,guard_percent,100,6,0,185,72,guard,0.7,0.7,1.4,0.088,-2.2,-0.2,-2.4,-0.1,FALSE
Jrue Holiday,holidjr01,PG,POR,53,51,1560,75,25,0,0,0,guard_percent,100,6,4,220,76,guard,2.1,1.5,3.6,0.109,2.4,-0.5,1.9,1.6,TRUE
Ron Holland,hollaro01,SF,DET,78,5,1551,0,0,25,75,0,wing_big_percent,100,6,8,206,80,wing,-0.1,2.9,2.8,0.087,-3.3,1.4,-2,0,FALSE
DaRon Holmes,holmeda01,PF,DEN,25,6,210,0,0,0,29,71,big_percent,100,6,9,225,81,big,0.3,0.1,0.4,0.103,0.7,-1.2,-0.5,0.1,FALSE
Chet Holmgren,holmgch01,PF,OKC,69,69,1997,0,0,1,37,62,big_percent,99,7,1,208,85,big,4.4,4.7,9.1,0.219,2.4,1.9,4.2,3.1,TRUE
Al Horford,horfoal01,C,GSW,45,13,969,0,0,0,6,94,big_percent,100,6,8,240,80,big,0.8,1.3,2.1,0.105,0.3,1.3,1.6,0.9,TRUE
Caleb Houstan,houstca01,SF,ATL,18,0,75,0,8,73,19,0,wing_big_percent,92,NA,NA,NA,NA,wing,0.2,0.1,0.2,0.16,1.6,-1.2,0.3,0,FALSE
Jett Howard,howarje01,SF,ORL,55,0,695,0,22,42,33,3,wing_big_percent,75,6,8,215,80,wing,0.7,0.5,1.3,0.087,-0.8,-1.1,-1.8,0,FALSE
Kevin Huerter,huertke01,SF,CHI,44,11,1037,0,12,75,13,0,wing_big_percent,88,6,6,198,78,wing,0.5,0.8,1.3,0.06,-1.1,0.1,-1,0.3,FALSE
Kevin Huerter,huertke01,SG,DET,25,3,512,1,59,39,2,0,wing_small_percent,98,6,6,198,78,wing,0.4,0.9,1.2,0.114,-1.1,1.4,0.3,0.3,FALSE
Jay Huff,huffja01,C,IND,82,47,1719,0,0,0,0,100,big_percent,100,7,1,240,85,big,1.3,1.9,3.2,0.089,-0.9,1.3,0.4,1.1,FALSE
Ariel Hukporti,hukpoar01,C,NYK,54,5,498,0,0,0,7,93,big_percent,100,7,0,246,84,big,0.4,0.8,1.2,0.115,-3.7,1.4,-2.3,0,FALSE
De'Andre Hunter,huntede01,SF,CLE,43,23,1125,0,5,58,38,0,wing_big_percent,96,6,7,221,79,wing,0.3,1,1.3,0.056,-2.1,-1.3,-3.4,-0.4,FALSE
De'Andre Hunter,huntede01,SF,SAC,2,2,51,0,0,85,15,0,wing_big_percent,100,6,7,221,79,wing,-0.2,0,-0.2,-0.225,-11,-5.5,-16.5,-0.2,FALSE
CJ Huntley,huntlcj01,SF,PHO,4,0,40,0,0,69,31,0,wing_big_percent,100,6,9,190,81,wing,0.1,0,0.1,0.099,-3.9,-0.5,-4.4,0,FALSE
Bones Hyland,hylanbo01,PG,MIN,71,3,1177,92,8,0,0,0,guard_percent,100,6,2,169,74,guard,1.8,1.3,3.1,0.126,1.2,0.5,1.7,1.1,FALSE
Oso Ighodaro,ighodos01,PF,PHO,82,24,1808,0,0,0,3,97,big_percent,100,6,11,235,83,big,2.1,2.6,4.7,0.125,-2.2,2.3,0.1,0.9,FALSE
Joe Ingles,inglejo01,SF,MIN,27,2,153,0,5,53,42,0,wing_big_percent,95,6,8,220,80,wing,0.2,0.2,0.4,0.12,-1.2,1.4,0.2,0.1,FALSE
Brandon Ingram,ingrabr01,SF,TOR,77,77,2604,0,4,76,20,0,wing_big_percent,96,6,8,190,80,wing,1.5,3.1,4.6,0.084,1,-0.5,0.5,1.7,TRUE
Harrison Ingram,ingraha01,SF,SAS,7,0,26,0,48,44,8,0,wing_small_percent,92,6,5,230,77,wing,0.1,0,0.1,0.178,3.6,-1.4,2.3,0,FALSE
Jonathan Isaac,isaacjo01,PF,ORL,52,0,521,0,0,3,77,21,big_percent,98,6,10,230,82,big,0.1,0.8,0.9,0.085,-2.9,1.3,-1.6,0.1,FALSE
Jaden Ivey,iveyja01,SG,CHI,4,3,115,45,32,23,0,0,guard_percent,77,NA,NA,NA,NA,guard,0.1,0.1,0.3,0.11,-0.8,0.7,0,0.1,FALSE
Jaden Ivey,iveyja01,SG,DET,33,2,555,28,68,5,0,0,guard_percent,96,NA,NA,NA,NA,guard,0.4,0.7,1.1,0.093,-0.1,0.1,0.1,0.3,FALSE
Andre Jackson Jr.,jacksan01,SG,MIL,48,1,408,1,35,58,6,0,wing_small_percent,93,6,6,209,78,wing,-0.7,0.3,-0.4,-0.047,-5.7,-1.4,-7.1,-0.5,FALSE
GG Jackson II,jacksgg01,PF,MEM,55,28,1178,0,0,23,33,43,big_percent,76,6,9,210,81,big,0.4,0.9,1.3,0.052,0,-1.2,-1.2,0.2,FALSE
Isaiah Jackson,jacksis01,C,IND,38,14,638,0,0,0,8,92,big_percent,100,6,8,205,80,big,0.7,0.8,1.4,0.107,-3.1,0.4,-2.7,-0.1,FALSE
Isaiah Jackson,jacksis01,C,LAC,17,0,270,0,0,0,2,98,big_percent,100,6,8,205,80,big,0.8,0.4,1.2,0.213,0.7,1.8,2.6,0.3,FALSE
Jaren Jackson Jr.,jacksja02,C,MEM,45,45,1382,0,0,0,55,46,big_percent,101,6,10,242,82,big,0,1.3,1.3,0.046,-1.2,0.4,-0.8,0.4,FALSE
Jaren Jackson Jr.,jacksja02,C,UTA,3,3,72,0,0,0,74,26,big_percent,100,6,10,242,82,big,0.1,0.1,0.1,0.082,2.4,2.2,4.6,0.1,FALSE
Quenton Jackson,jacksqu01,PG,IND,49,19,897,85,15,0,0,0,guard_percent,100,6,4,173,76,guard,0.9,0.5,1.4,0.076,-1.1,-0.8,-1.8,0,FALSE
Trayce Jackson-Davis,jackstr02,C,GSW,36,1,411,0,0,0,0,100,big_percent,100,6,9,245,81,big,0.7,0.5,1.2,0.136,-1,0.6,-0.4,0.2,FALSE
Trayce Jackson-Davis,jackstr02,C,TOR,17,0,85,0,0,0,0,100,big_percent,100,6,9,245,81,big,0.1,0.2,0.3,0.148,0.1,-0.6,-0.5,0,FALSE
Kasparas Jakučionis,jakucka01,PG,MIA,53,12,945,85,15,0,0,0,guard_percent,100,6,5,200,77,guard,1.4,0.9,2.3,0.114,-1,0.6,-0.4,0.4,FALSE
Bronny James,jamesbr02,SG,LAL,42,1,375,59,41,0,0,0,guard_percent,100,6,2,210,74,guard,-0.2,0.3,0.1,0.018,-3.4,-0.9,-4.3,-0.2,FALSE
LeBron James,jamesle01,SF,LAL,60,60,1989,0,22,59,19,0,wing_small_percent,81,6,9,250,81,wing,3.4,2.1,5.4,0.131,3.3,0.2,3.5,2.8,TRUE
Sion James,jamessi01,SG,CHO,82,19,1843,10,64,25,2,0,wing_small_percent,89,6,5,220,77,wing,1.1,1.9,3.1,0.08,-3,1.1,-2,0,FALSE
Jaime Jaquez Jr.,jaqueja01,SF,MIA,75,1,2121,1,12,38,50,0,wing_big_percent,88,6,6,225,78,wing,2.2,2,4.2,0.094,0.3,-0.1,0.1,1.1,FALSE
DeJon Jarreau,jarrede01,SG,MEM,11,0,231,12,67,21,0,0,wing_small_percent,88,NA,NA,NA,NA,wing,-0.4,0.2,-0.2,-0.035,-4.9,-0.3,-5.2,-0.2,FALSE
DaQuan Jeffries,jeffrda01,SG,SAC,3,0,60,0,16,63,22,0,wing_big_percent,85,NA,NA,NA,NA,wing,0.2,0,0.2,0.165,0.9,-1.1,-0.2,0,FALSE
Trey Jemison,jemistr01,C,NYK,13,0,82,0,0,0,22,78,big_percent,100,6,10,270,82,big,-0.1,0.1,0,-0.018,-8.3,-0.3,-8.6,-0.1,FALSE
Daniss Jenkins,jenkida01,PG,DET,72,19,1455,92,8,0,0,0,guard_percent,100,6,4,165,76,guard,0.9,2,2.9,0.095,-0.8,0.1,-0.7,0.5,FALSE
Ty Jerome,jeromty01,SG,MEM,15,15,339,26,64,10,0,0,guard_percent,90,6,5,195,77,guard,1.1,0.2,1.3,0.191,8.2,-0.6,7.7,0.8,FALSE
Isaiah Joe,joeis01,SG,OKC,71,9,1507,55,46,0,0,0,guard_percent,101,6,4,165,76,guard,3.2,2.4,5.5,0.176,2,0.5,2.5,1.7,FALSE
AJ Johnson,johnsaj01,SG,DAL,23,0,240,22,60,18,0,0,guard_percent,82,6,5,160,77,guard,-0.4,0.1,-0.2,-0.049,-5.6,-1.8,-7.4,-0.3,FALSE
AJ Johnson,johnsaj01,SG,WAS,25,0,214,38,61,1,0,0,guard_percent,99,6,5,160,77,guard,-0.6,0,-0.6,-0.137,-7.2,-3.3,-10.5,-0.5,FALSE
Cameron Johnson,johnsca02,SF,DEN,54,54,1647,0,0,36,62,2,wing_big_percent,98,6,8,210,80,wing,2.7,1,3.7,0.108,0.3,-0.9,-0.6,0.6,FALSE
Chaney Johnson,johnsch06,SF,BRK,17,1,348,0,8,42,47,3,wing_big_percent,89,6,7,220,79,wing,0.6,0.3,0.9,0.128,-0.3,0.4,0.1,0.2,FALSE
Jalen Johnson,johnsja05,SF,ATL,72,72,2532,0,0,8,92,0,wing_big_percent,100,6,8,219,80,wing,3.6,3.9,7.5,0.141,2.8,1.4,4.2,4,TRUE
Keldon Johnson,johnske04,SF,SAS,82,0,1911,0,22,62,16,0,wing_small_percent,84,6,6,220,78,wing,3.9,2.6,6.4,0.161,1.2,-0.3,0.9,1.4,FALSE
Keshad Johnson,johnske10,SF,MIA,32,0,280,0,5,39,54,2,wing_big_percent,93,6,6,225,78,wing,0.3,0.4,0.6,0.11,-1.3,0,-1.3,0.1,FALSE
Tre Johnson,johnstr03,SG,WAS,60,42,1443,13,71,16,0,0,wing_small_percent,87,6,5,190,77,wing,-0.6,-0.1,-0.7,-0.024,-2.1,-2.9,-5,-1.1,FALSE
Nikola Jokić,jokicni01,C,DEN,65,65,2265,0,0,0,0,100,big_percent,100,6,11,284,83,big,11.5,3.4,14.9,0.316,10.1,4.1,14.2,9.2,TRUE
Colby Jones,jonesco02,SG,DET,1,0,7,0,0,100,0,0,wing_small_percent,100,NA,NA,NA,NA,wing,0,0,0,0.124,-3.2,5.7,2.4,0,FALSE
Curtis Jones,jonescu01,SG,DEN,10,0,88,15,77,8,0,0,guard_percent,92,6,3,195,75,guard,0.1,0.1,0.1,0.072,-3,-0.5,-3.5,0,FALSE
David Jones García,jonesda06,SF,SAS,11,0,68,6,82,13,0,0,wing_small_percent,95,6,4,210,76,wing,0.1,0.1,0.3,0.205,2.6,3.8,6.4,0.1,FALSE
Derrick Jones Jr.,jonesde02,SF,LAC,50,45,1350,0,29,60,11,0,wing_small_percent,89,6,6,210,78,wing,1.7,1.1,2.8,0.1,-0.6,-0.1,-0.7,0.5,FALSE
Dillon Jones,jonesdi01,SF,NYK,7,0,39,0,19,73,8,0,wing_small_percent,92,6,5,235,77,wing,0,0.1,0.1,0.134,-5.4,2.8,-2.6,0,FALSE
Herbert Jones,joneshe01,SF,NOP,56,56,1588,17,58,23,2,0,wing_small_percent,81,6,7,206,79,wing,-0.4,1.1,0.7,0.022,-3.7,0.6,-3.1,-0.5,FALSE
Isaac Jones,jonesis01,PF,DET,4,0,19,0,0,0,80,20,big_percent,100,6,8,245,80,big,0,0,0,0.021,-5.6,-2.4,-8,0,FALSE
Isaac Jones,jonesis01,PF,SAC,3,1,17,0,0,0,100,0,big_percent,100,6,8,245,80,big,0,0,0,0.058,-6.3,-1.9,-8.2,0,FALSE
Isaac Jones,jonesis01,PF,SAC,3,1,17,0,0,0,100,0,wing_big_percent,100,6,8,245,80,wing,0,0,0,0.058,-6.3,-1.9,-8.2,0,FALSE
Kam Jones,joneska03,SG,IND,37,7,616,17,60,22,1,0,wing_small_percent,82,6,4,200,76,wing,-0.2,0.2,0,0.002,-4.2,-1.9,-6.2,-0.6,FALSE
Spencer Jones,jonessp01,SF,DEN,64,37,1417,0,0,39,58,4,wing_big_percent,97,6,7,225,79,wing,1.5,1.2,2.6,0.089,-2.4,0,-2.4,-0.1,FALSE
Tre Jones,jonestr01,PG,CHI,65,41,1752,98,2,0,0,0,guard_percent,100,6,1,185,73,guard,4.6,1.1,5.7,0.157,1.2,0.1,1.3,1.5,FALSE
Tyus Jones,jonesty01,PG,DAL,8,2,133,100,0,0,0,0,guard_percent,100,6,0,196,72,guard,0,0.1,0.1,0.029,-3,-1.3,-4.3,-0.1,FALSE
Tyus Jones,jonesty01,PG,DEN,11,2,92,100,0,0,0,0,guard_percent,100,6,0,196,72,guard,-0.1,0,-0.1,-0.026,-3.5,-2.2,-5.7,-0.1,FALSE
Tyus Jones,jonesty01,PG,ORL,48,8,754,100,0,0,0,0,guard_percent,100,6,0,196,72,guard,0.3,0.7,1,0.064,-2.8,1.1,-1.7,0.1,FALSE
DeAndre Jordan,jordade01,C,NOP,12,7,199,0,0,0,0,100,big_percent,100,6,11,265,83,big,0.3,0.2,0.6,0.134,-0.4,0.2,-0.2,0.1,FALSE
Nikola Jović,jovicni01,PF,MIA,47,1,808,0,0,0,61,38,big_percent,99,6,10,205,82,big,-0.9,1,0,0.001,-3.5,-0.1,-3.5,-0.3,FALSE
Johnny Juzang,juzanjo01,SG,MIN,21,0,88,0,39,58,3,0,wing_small_percent,97,NA,NA,NA,NA,wing,0,0.1,0.1,0.038,-1.6,-1.7,-3.3,0,FALSE
Ryan Kalkbrenner,kalkbry01,C,CHO,69,31,1479,0,0,0,0,100,big_percent,100,7,1,256,85,big,3.6,2.1,5.7,0.185,0.5,1.3,1.8,1.4,FALSE
Yuki Kawamura,kawamyu01,PG,CHI,18,0,209,100,0,0,0,0,guard_percent,100,5,7,159,67,guard,0.2,0.1,0.3,0.069,-2.7,-1,-3.7,-0.1,FALSE
Trevor Keels,keelstr01,SG,MIA,8,0,15,0,79,19,3,0,wing_small_percent,98,6,3,215,75,wing,-0.1,0,-0.1,-0.197,-9.4,-5.2,-14.5,0,FALSE
Miles Kelly,kellymi02,PG,DAL,14,0,134,8,92,0,0,0,guard_percent,100,NA,NA,NA,NA,guard,-0.1,0.1,0,0.013,-4.6,-0.5,-5.1,-0.1,FALSE
Luke Kennard,kennalu01,SG,ATL,46,0,944,6,51,43,0,0,wing_small_percent,94,6,5,206,77,wing,1.9,0.9,2.7,0.139,0.2,0.3,0.5,0.6,FALSE
Luke Kennard,kennalu01,SG,LAL,32,6,737,15,48,35,3,0,wing_small_percent,83,6,5,206,77,wing,1.3,0.5,1.8,0.118,-0.1,-0.3,-0.4,0.3,FALSE
Jayson Kent,kentja01,SF,POR,5,0,22,0,0,50,50,0,wing_big_percent,100,6,8,215,80,wing,0,0,0.1,0.181,0.6,3.6,4.2,0,FALSE
Walker Kessler,kesslwa01,C,UTA,5,5,154,0,0,0,0,100,big_percent,100,7,2,245,86,big,0.3,0.1,0.5,0.148,1.6,1.7,3.3,0.2,FALSE
Corey Kispert,kispeco01,SF,ATL,39,8,710,0,26,70,4,0,wing_small_percent,96,6,6,224,78,wing,0.7,0.5,1.2,0.082,-0.4,-1.9,-2.3,-0.1,FALSE
Corey Kispert,kispeco01,SF,WAS,19,2,370,0,26,56,18,0,wing_small_percent,82,6,6,224,78,wing,0.7,0,0.6,0.08,1,-2.1,-1.1,0.1,FALSE
Maxi Kleber,klebima01,PF,LAL,43,1,461,0,0,0,21,79,big_percent,100,6,10,240,82,big,0.2,0.4,0.6,0.063,-4.2,0.3,-3.9,-0.2,FALSE
Bobi Klintman,klintbo01,SF,DET,12,0,71,0,0,4,94,2,wing_big_percent,98,NA,NA,NA,NA,wing,-0.2,0.1,-0.1,-0.043,-7.7,-1,-8.7,-0.1,FALSE
Dalton Knecht,knechda01,SF,LAL,54,1,553,0,48,44,7,1,wing_small_percent,92,6,6,215,78,wing,0.1,0.4,0.4,0.038,-2.1,-1.6,-3.6,-0.2,FALSE
Kon Knueppel,knuepko01,SF,CHO,81,80,2551,0,46,49,5,0,wing_small_percent,95,6,6,215,78,wing,5.6,2.5,8,0.151,3.1,-0.4,2.8,3.1,TRUE
Tyler Kolek,kolekty01,PG,NYK,62,1,727,80,20,0,0,0,guard_percent,100,6,2,195,74,guard,0.6,0.8,1.4,0.093,-0.8,0.2,-0.6,0.3,FALSE
Christian Koloko,kolokch01,C,ATL,14,2,156,0,0,0,0,100,big_percent,100,6,11,225,83,big,-0.1,0.2,0.2,0.05,-7.2,0.7,-6.6,-0.2,FALSE
Christian Koloko,kolokch01,C,LAL,2,0,6,0,0,0,0,100,big_percent,100,6,11,225,83,big,0,0,0,0.026,-6.7,-1.6,-8.4,0,FALSE
Christian Koloko,kolokch01,C,MEM,11,2,195,0,0,0,0,100,big_percent,100,6,11,225,83,big,-0.1,0.2,0.1,0.029,-4.8,1.7,-3.1,-0.1,FALSE
Yanic Konan Niederhäuser,konanya01,C,LAC,41,0,424,0,0,0,2,98,big_percent,100,6,11,242,83,big,0.8,0.5,1.3,0.152,-2.6,0.4,-2.2,0,FALSE
John Konchar,konchjo01,SG,MEM,30,1,435,0,6,77,17,0,wing_big_percent,94,6,5,210,77,wing,0.4,0.6,1,0.109,-1.2,3.5,2.3,0.5,FALSE
John Konchar,konchjo01,SG,UTA,26,7,680,6,56,33,5,0,wing_small_percent,89,6,5,210,77,wing,0.8,0.6,1.4,0.1,-1.4,1.4,0,0.3,TRUE
Luke Kornet,kornelu01,C,SAS,68,25,1430,0,0,0,8,92,big_percent,100,7,1,250,85,big,4.6,2.3,6.9,0.231,1.6,2.1,3.6,2,FALSE
Vít Krejčí,krejcvi01,PG,ATL,46,8,1028,68,33,0,0,0,guard_percent,101,6,8,195,80,guard,1.2,1,2.2,0.103,-1.3,0,-1.3,0.2,FALSE
Vít Krejčí,krejcvi01,PG,POR,19,0,364,20,67,12,0,0,guard_percent,87,6,8,195,80,guard,0.3,0.3,0.7,0.086,-2.2,-0.2,-2.4,0,FALSE
Jonathan Kuminga,kuminjo01,PF,ATL,16,1,354,0,0,0,100,0,big_percent,100,6,7,225,79,big,0.3,0.5,0.8,0.11,-0.2,0.4,0.1,0.2,FALSE
Jonathan Kuminga,kuminjo01,PF,ATL,16,1,354,0,0,0,100,0,wing_big_percent,100,6,7,225,79,wing,0.3,0.5,0.8,0.11,-0.2,0.4,0.1,0.2,FALSE
Jonathan Kuminga,kuminjo01,PF,GSW,20,13,476,0,0,1,64,36,big_percent,100,6,7,225,79,big,-0.2,0.4,0.2,0.021,-2.5,-1.1,-3.6,-0.2,FALSE
Kyle Kuzma,kuzmaky01,PF,MIL,69,43,1806,0,5,52,43,0,wing_big_percent,95,6,8,221,80,wing,0.9,1,1.9,0.051,-1,-1.3,-2.3,-0.1,FALSE
Skal Labissière,labissk01,PF,WAS,3,0,38,0,0,0,0,100,big_percent,100,NA,NA,NA,NA,big,0.1,0,0.1,0.12,-0.1,0.4,0.3,0,FALSE
Jock Landale,landajo01,C,ATL,23,2,446,0,0,0,0,100,big_percent,100,6,11,255,83,big,0.8,0.5,1.3,0.141,0.5,-0.4,0.1,0.2,FALSE
Jock Landale,landajo01,C,MEM,45,25,1060,0,0,0,0,100,big_percent,100,6,11,255,83,big,1.9,0.6,2.5,0.114,1,-1.3,-0.2,0.5,FALSE
Chaz Lanier,laniech01,SG,DET,34,0,262,15,74,12,0,0,guard_percent,89,6,3,206,75,guard,0,0.3,0.3,0.046,-3.8,-1.3,-5.1,-0.2,FALSE
Jake LaRavia,laravja01,PF,LAL,82,43,2061,0,5,56,39,1,wing_big_percent,95,6,7,235,79,wing,1.7,2.1,3.8,0.089,-1.6,0.5,-1.2,0.4,FALSE
Pelle Larsson,larsspe01,SG,MIA,70,54,1849,1,28,68,3,0,wing_small_percent,96,6,5,215,77,wing,2.6,1.5,4.1,0.106,-1.2,0,-1.2,0.4,FALSE
Zach LaVine,lavinza01,SG,SAC,39,37,1224,33,37,25,5,0,guard_percent,70,6,5,200,77,guard,1.3,0,1.3,0.051,0.6,-2.2,-1.5,0.2,TRUE
A.J. Lawson,lawsoaj01,SG,TOR,24,0,226,8,68,22,2,0,wing_small_percent,90,6,6,179,78,wing,0.2,0.4,0.6,0.121,-1.3,0.4,-1,0.1,FALSE
Kawhi Leonard,leonaka01,SF,LAC,65,65,2085,0,3,67,30,1,wing_big_percent,97,6,6,225,78,wing,6.5,2.7,9.2,0.212,7.4,0.6,8,5.3,TRUE
Malevy Leons,leonsma01,SF,GSW,25,2,276,0,0,34,63,4,wing_big_percent,97,6,9,210,81,wing,0.2,0.3,0.5,0.087,-3,0.2,-2.8,-0.1,FALSE
Caris LeVert,leverca01,SG,DET,60,0,1154,4,33,56,8,0,wing_small_percent,89,6,7,205,79,wing,-0.2,1.8,1.6,0.066,-1.8,1.5,-0.4,0.5,FALSE
E.J. Liddell,liddeej01,PF,BRK,26,5,349,0,0,2,48,51,big_percent,99,6,6,240,78,big,0.3,0.2,0.5,0.074,-2.2,-1.2,-3.3,-0.1,FALSE
Dereck Lively II,livelde01,C,DAL,7,4,115,0,0,0,0,100,big_percent,100,7,1,230,85,big,0.1,0.2,0.3,0.127,-3,3.6,0.6,0.1,FALSE
Isaiah Livers,liveris01,PF,PHO,36,0,347,0,1,20,79,1,wing_big_percent,99,6,6,232,78,wing,0,0.4,0.4,0.057,-3.7,1.2,-2.5,0,FALSE
Chris Livingston,livinch01,SF,CLE,3,0,17,0,0,100,0,0,wing_small_percent,100,NA,NA,NA,NA,wing,0,0,0.1,0.164,-4.7,2.1,-2.7,0,FALSE
Kevon Looney,looneke01,C,NOP,21,8,308,0,0,0,31,69,big_percent,100,6,9,222,81,big,0.4,0.3,0.7,0.109,-1.2,-0.6,-1.8,0,FALSE
Brook Lopez,lopezbr01,C,LAC,75,40,1635,0,0,0,0,100,big_percent,100,7,1,282,85,big,0.5,1.8,2.3,0.068,-1.3,0.4,-0.9,0.5,FALSE
Caleb Love,loveca01,SG,POR,49,1,1013,86,12,2,0,0,guard_percent,98,6,3,212,75,guard,-0.1,0.8,0.6,0.031,-1.5,-1.6,-3.1,-0.3,FALSE
Kevin Love,loveke01,PF,UTA,37,5,613,0,0,10,64,26,big_percent,90,6,10,251,82,big,0.8,0.3,1.1,0.088,1.1,-0.9,0.2,0.3,FALSE
Lawson Lovering,loverla01,C,MEM,2,1,49,0,0,0,0,100,big_percent,100,NA,NA,NA,NA,big,0.1,0.1,0.1,0.106,-3.7,0.1,-3.6,0,FALSE
Kyle Lowry,lowryky01,PG,PHI,14,0,118,100,0,0,0,0,guard_percent,100,6,0,196,72,guard,-0.2,0.1,-0.2,-0.062,-8.2,-2.2,-10.4,-0.3,FALSE
Khaman Maluach,maluakh01,C,PHO,46,1,411,0,0,0,0,100,big_percent,100,7,1,250,85,big,0.2,0.6,0.8,0.099,-3.7,0,-3.7,-0.2,FALSE
Sandro Mamukelashvili,mamuksa01,C,TOR,80,13,1751,0,0,0,8,93,big_percent,101,6,9,240,81,big,3.6,2.5,6.2,0.169,2.1,0.7,2.8,2.1,FALSE
Terance Mann,mannte01,SG,BRK,63,51,1529,9,61,29,1,0,wing_small_percent,90,6,6,215,78,wing,1.2,0.6,1.8,0.056,-2.7,-0.7,-3.4,-0.6,FALSE
Tre Mann,manntr01,PG,CHO,53,1,669,91,9,0,0,0,guard_percent,100,6,4,178,76,guard,-0.8,0.7,0,-0.003,-4.5,-0.8,-5.3,-0.5,FALSE
Chris Mañon,manonch01,SG,LAL,9,0,46,12,32,49,7,0,wing_small_percent,81,6,4,209,76,wing,0,0.1,0.1,0.115,-4.6,4.7,0.1,0,FALSE
Lauri Markkanen,markkla01,PF,UTA,42,42,1443,0,0,12,68,20,big_percent,88,7,1,240,85,big,3.2,0.3,3.5,0.118,4.6,-2,2.6,1.6,TRUE
Naji Marshall,marshna01,SF,DAL,74,47,2184,0,22,57,20,0,wing_small_percent,79,6,6,220,78,wing,2.5,1.8,4.3,0.095,-0.7,0.1,-0.6,0.8,FALSE
Alijah Martin,martial01,SG,TOR,23,0,146,32,53,12,2,0,guard_percent,85,6,2,210,74,guard,-0.2,0.2,0,0.015,-4.6,0.2,-4.3,-0.1,FALSE
Caleb Martin,martica02,SF,DAL,58,12,856,1,56,36,6,0,wing_small_percent,92,6,5,205,77,wing,-0.1,0.9,0.9,0.048,-4,1.7,-2.2,0,FALSE
Cody Martin,martico01,SF,IND,4,0,55,0,32,64,4,0,wing_small_percent,96,NA,NA,NA,NA,wing,-0.2,0.1,-0.1,-0.103,-10.1,2.1,-8,-0.1,FALSE
Tyrese Martin,martity01,SG,BRK,37,6,696,8,65,27,0,0,wing_small_percent,92,6,6,215,78,wing,-0.2,0.3,0.2,0.013,-1.5,-1.5,-3.1,-0.2,FALSE
Tyrese Martin,martity01,SG,PHI,9,0,81,0,63,33,4,0,wing_small_percent,96,6,6,215,78,wing,-0.2,0.1,-0.1,-0.057,-5.6,-0.1,-5.7,-0.1,FALSE
Jahmai Mashack,mashaja01,SG,MEM,31,7,673,27,26,41,6,0,wing_small_percent,67,6,4,203,76,wing,-1,0.5,-0.5,-0.036,-6.1,-0.9,-7,-0.8,FALSE
Garrison Mathews,mathega01,SG,IND,15,1,196,0,78,22,0,0,wing_small_percent,100,NA,NA,NA,NA,wing,0.3,0.1,0.4,0.097,-1.3,0,-1.3,0,FALSE
Bennedict Mathurin,mathube01,SF,IND,28,24,891,0,35,61,5,0,wing_small_percent,96,6,5,210,77,wing,0.3,0.4,0.7,0.038,-1.1,-1.7,-2.8,-0.2,FALSE
Bennedict Mathurin,mathube01,SF,LAC,26,1,729,4,35,39,21,2,wing_small_percent,74,6,5,210,77,wing,0.7,0.7,1.4,0.092,-1,-1,-2.1,0,FALSE
Karlo Matković,matkoka01,PF,NOP,62,2,912,0,0,1,65,34,big_percent,99,6,10,231,82,big,1.8,0.9,2.7,0.141,0.2,0.4,0.7,0.6,FALSE
Tyrese Maxey,maxeyty01,PG,PHI,70,70,2661,98,3,0,0,0,guard_percent,101,6,2,200,74,guard,5.9,2.8,8.7,0.156,5,0.5,5.4,4.9,TRUE
Bez Mbeng,mbengbe01,SG,UTA,15,5,492,18,66,17,0,0,guard_percent,84,6,4,185,76,guard,0.2,0.2,0.5,0.047,-5,0.1,-4.9,-0.4,FALSE
Miles McBride,mcbrimi01,SG,NYK,41,15,1080,33,67,0,0,0,guard_percent,100,6,2,195,74,guard,1.6,1.1,2.7,0.119,1,0.2,1.2,0.9,FALSE
Jared McCain,mccaija01,SG,OKC,30,2,540,15,54,31,1,0,wing_small_percent,85,6,3,195,75,wing,0.4,0.7,1.1,0.101,0,-1,-0.9,0.1,FALSE
Jared McCain,mccaija01,SG,PHI,37,1,620,13,79,9,0,0,guard_percent,92,6,3,195,75,guard,-0.2,0.5,0.3,0.024,-3,-0.7,-3.7,-0.3,FALSE
Mac McClung,mccluma01,SG,CHI,8,0,101,16,47,35,2,0,wing_small_percent,82,6,2,185,74,wing,-0.1,0.1,0,-0.005,-5.6,-1.3,-6.9,-0.1,FALSE
Mac McClung,mccluma01,SG,IND,3,0,34,20,71,9,0,0,guard_percent,91,6,2,185,74,guard,-0.1,0.1,0,-0.016,-5.6,6.1,0.5,0,FALSE
CJ McCollum,mccolcj01,PG,ATL,41,25,1182,97,3,0,0,0,guard_percent,100,6,3,190,75,guard,0.9,1.2,2,0.082,1.6,-0.7,0.9,0.9,FALSE
CJ McCollum,mccolcj01,SG,WAS,35,35,1082,55,45,0,0,0,guard_percent,100,6,3,190,75,guard,1.1,-0.1,0.9,0.042,1.2,-2.7,-1.5,0.1,FALSE
T.J. McConnell,mccontj01,PG,IND,56,4,963,100,0,0,0,0,guard_percent,100,6,1,190,73,guard,1.8,0.8,2.6,0.132,2.1,0.4,2.5,1.1,TRUE
Kevin McCullar Jr.,mcculke01,SF,NYK,21,0,155,0,17,55,28,0,wing_big_percent,83,6,6,210,78,wing,0,0.2,0.2,0.059,-3.7,1,-2.8,0,FALSE
Jaden McDaniels,mcdanja02,PF,MIN,73,73,2316,0,1,88,9,1,wing_big_percent,97,6,9,185,81,wing,2.5,2.7,5.2,0.109,-0.9,0.6,-0.3,1,FALSE
Doug McDermott,mcderdo01,SF,SAC,29,0,439,0,4,65,31,0,wing_big_percent,96,6,7,225,79,wing,0.2,-0.1,0.2,0.018,-1.4,-3,-4.4,-0.3,FALSE
Bryce McGowens,mcgowbr01,SG,NOP,42,13,880,6,65,29,0,0,wing_small_percent,94,6,6,190,78,wing,1.4,0.3,1.7,0.095,-2,-0.9,-2.8,-0.2,FALSE
Jordan McLaughlin,mclaujo01,PG,SAS,44,0,282,100,0,0,0,0,guard_percent,100,5,11,185,71,guard,0.1,0.5,0.6,0.1,-1.9,2.5,0.6,0.2,FALSE
Liam McNeeley,mcneeli01,SF,CHO,31,0,368,0,1,76,22,0,wing_big_percent,98,6,7,210,79,wing,0.5,0.4,0.9,0.112,-1.3,0,-1.3,0.1,FALSE
De'Anthony Melton,meltode01,PG,GSW,49,24,1125,76,24,0,0,0,guard_percent,100,6,2,200,74,guard,-0.7,1.5,0.7,0.031,-2.6,0.1,-2.5,-0.1,FALSE
Sam Merrill,merrisa01,SG,CLE,52,38,1377,0,36,54,10,0,wing_small_percent,90,6,4,205,76,wing,2.8,0.9,3.7,0.127,1,-1,0.1,0.7,FALSE
Khris Middleton,middlkh01,SF,DAL,29,16,612,0,10,58,32,0,wing_big_percent,90,6,7,222,79,wing,-0.3,0.4,0.1,0.008,-3.2,-1.7,-4.9,-0.4,FALSE
Khris Middleton,middlkh01,SF,WAS,34,34,827,0,0,5,92,3,wing_big_percent,97,6,7,222,79,wing,0,0.1,0.2,0.009,-2.6,-1.4,-4,-0.4,FALSE
Brandon Miller,millebr02,SF,CHO,65,65,1968,0,3,87,10,0,wing_big_percent,97,6,7,200,79,wing,2.1,2.4,4.5,0.109,1.7,-0.1,1.6,1.8,FALSE
Emanuel Miller,milleem01,PF,CHI,5,0,33,0,0,62,38,0,wing_big_percent,100,6,5,215,77,wing,0.1,0,0.1,0.111,1.6,0.9,2.5,0,FALSE
Jordan Miller,millejo02,SF,LAC,60,1,1325,9,41,41,8,1,wing_small_percent,82,6,5,194,77,wing,2.5,1,3.5,0.125,0.6,-0.4,0.2,0.8,FALSE
Leonard Miller,millele01,SF,CHI,27,12,624,0,4,62,33,1,wing_big_percent,95,6,10,220,82,wing,1,0.5,1.5,0.113,0.6,-1.2,-0.6,0.2,FALSE
Leonard Miller,millele01,SF,MIN,19,0,95,0,0,2,87,11,big_percent,98,6,10,220,82,big,0,0.1,0.1,0.049,-5.3,-0.6,-5.8,-0.1,FALSE
Riley Minix,minixri01,SF,CLE,6,0,50,0,20,51,29,0,wing_big_percent,80,6,7,230,79,wing,0.1,0,0.1,0.119,-0.7,-1.3,-2,0,FALSE
Riley Minix,minixri01,SF,SAS,3,0,8,0,0,45,55,0,wing_big_percent,100,6,7,230,79,wing,0.1,0,0.1,0.43,18.1,7.5,25.5,0.1,FALSE
Josh Minott,minotjo01,PF,BOS,33,10,526,0,0,0,57,43,big_percent,100,6,8,205,80,big,1.1,0.8,1.9,0.173,0.9,1.4,2.2,0.6,FALSE
Josh Minott,minotjo01,SF,BRK,16,1,308,0,25,24,33,17,wing_big_percent,57,6,8,205,80,wing,0.2,0.3,0.5,0.08,2.3,0.7,3,0.4,FALSE
Yves Missi,missiyv01,C,NOP,66,14,1297,0,0,0,0,100,big_percent,100,6,11,235,83,big,1.6,1.1,2.7,0.098,-1.4,-0.3,-1.7,0.1,FALSE
Ajay Mitchell,mitchaj01,SG,OKC,57,16,1473,13,40,43,4,0,wing_small_percent,83,6,4,190,76,wing,2.2,2.6,4.8,0.156,0.3,1.6,1.9,1.4,TRUE
Davion Mitchell,mitchda01,PG,MIA,70,70,2000,100,0,0,0,0,guard_percent,100,6,0,202,72,guard,2.6,1.7,4.3,0.104,-1.3,0.4,-0.9,0.6,FALSE
Donovan Mitchell,mitchdo01,SG,CLE,70,70,2342,19,54,25,2,0,wing_small_percent,79,6,2,215,74,wing,5.8,2.4,8.2,0.169,5.2,-0.2,5.1,4.2,TRUE
Evan Mobley,mobleev01,PF,CLE,65,63,2074,0,0,0,35,65,big_percent,100,6,11,215,83,big,3.6,2.9,6.5,0.15,1.8,1.2,3,2.6,TRUE
Jonathan Mogbo,mogbojo01,PF,TOR,40,0,249,0,0,0,52,48,big_percent,100,6,9,225,81,big,0.2,0.4,0.6,0.12,-2.6,1.9,-0.7,0.1,FALSE
Malik Monk,monkma01,SG,SAC,62,3,1364,35,57,8,0,0,guard_percent,92,6,3,200,75,guard,0.8,0.2,1,0.034,0.8,-2.1,-1.3,0.2,FALSE
Moses Moody,moodymo01,SG,GSW,60,49,1540,0,18,61,21,0,wing_big_percent,82,6,5,211,77,wing,1.7,1.4,3.1,0.096,0.2,-0.3,-0.1,0.7,FALSE
Wendell Moore Jr.,moorewe01,SG,DET,6,0,60,1,25,66,8,0,wing_small_percent,91,6,5,215,77,wing,0.1,0.1,0.1,0.116,-3,1.8,-1.3,0,FALSE
Alex Morales,moralal01,PG,ORL,4,0,24,45,55,0,0,0,guard_percent,100,6,6,180,78,guard,-0.1,0,-0.1,-0.104,-12.2,-3.8,-16,-0.1,FALSE
Ja Morant,moranja01,PG,MEM,20,20,569,100,0,0,0,0,guard_percent,100,6,2,174,74,guard,0,0.3,0.3,0.024,0.5,-2,-1.5,0.1,FALSE
Monte Morris,morrimo01,PG,IND,6,0,65,79,22,0,0,0,guard_percent,101,NA,NA,NA,NA,guard,-0.1,0,0,-0.028,-4.5,-1.4,-5.9,-0.1,FALSE
Trey Murphy III,murphtr02,SF,NOP,66,66,2341,0,29,63,8,0,wing_small_percent,92,6,8,206,80,wing,4.5,1.6,6,0.123,3,-0.6,2.4,2.6,TRUE
Collin Murray-Boyles,murraco01,PF,TOR,57,22,1246,0,0,8,82,11,big_percent,93,6,7,245,79,big,2.1,1.9,4,0.154,-0.5,1.5,1,1,FALSE
Dejounte Murray,murrade01,PG,NOP,14,14,389,96,4,0,0,0,guard_percent,100,6,4,180,76,guard,0.2,0.4,0.6,0.072,0.8,0.5,1.4,0.3,TRUE
Jamal Murray,murraja01,PG,DEN,75,75,2652,100,0,0,0,0,guard_percent,100,6,4,215,76,guard,7.8,1.7,9.5,0.173,5.5,-1.4,4.1,4.1,TRUE
Keegan Murray,murrake02,PF,SAC,23,22,793,0,0,24,76,0,wing_big_percent,100,6,8,225,80,wing,-0.2,0.4,0.2,0.011,-2,-1,-3.1,-0.2,FALSE
Kris Murray,murrakr01,SF,POR,57,15,1333,2,46,32,18,2,wing_small_percent,78,6,8,218,80,wing,0.9,1.3,2.2,0.079,-2.3,0.8,-1.5,0.2,FALSE
Svi Mykhailiuk,mykhasv01,SF,UTA,50,41,1156,0,62,35,2,0,wing_small_percent,97,6,7,205,79,wing,1.3,-0.2,1.1,0.048,0.3,-2,-1.7,0.1,FALSE
Larry Nance Jr.,nancela02,PF,CLE,35,3,449,0,0,29,58,13,wing_big_percent,87,6,6,245,78,wing,0,0.5,0.6,0.06,-3.9,0.5,-3.4,-0.2,FALSE
Pete Nance,nancepe01,PF,MIL,47,6,737,0,1,38,44,17,wing_big_percent,82,6,9,225,81,wing,0.8,0.4,1.1,0.072,-1,-1.2,-2.3,-0.1,FALSE
Grant Nelson,nelsogr02,PF,BRK,4,0,35,0,0,0,85,15,big_percent,100,NA,NA,NA,NA,big,0,0.1,0.1,0.098,-2.6,4.8,2.2,0,FALSE
Andrew Nembhard,nembhan01,PG,IND,57,57,1786,77,23,0,0,0,guard_percent,100,6,4,191,76,guard,2.2,0.7,2.8,0.077,1.1,-1.9,-0.8,0.6,FALSE
Ryan Nembhard,nembhry01,PG,DAL,60,27,1171,100,0,0,0,0,guard_percent,100,5,11,180,71,guard,0.1,0.7,0.8,0.031,-2.4,-1.7,-4.1,-0.6,FALSE
Aaron Nesmith,nesmiaa01,SF,IND,45,42,1335,0,37,61,3,0,wing_small_percent,98,6,5,215,77,wing,0.1,0.6,0.7,0.026,-1.7,-1.6,-3.4,-0.5,FALSE
Asa Newell,newelas01,PF,ATL,44,2,500,0,0,1,71,28,big_percent,99,6,10,220,82,big,0.6,0.6,1.2,0.113,-1,-0.5,-1.5,0.1,FALSE
Tristen Newton,newtotr01,SG,HOU,1,0,12,0,53,48,0,0,wing_small_percent,101,6,5,190,77,wing,0.1,0,0.1,0.28,8.5,0,8.4,0,FALSE
N'Faly Dante,nfalyda01,C,ATL,4,0,15,0,0,0,0,100,big_percent,100,NA,NA,NA,NA,big,0,0,0,0.051,-3.7,-0.8,-4.5,0,FALSE
Zeke Nnaji,nnajize01,PF,DEN,52,4,626,0,0,0,29,71,big_percent,100,6,10,240,82,big,0.2,0.7,0.9,0.066,-3.6,0,-3.5,-0.3,FALSE
Jusuf Nurkić,nurkiju01,C,UTA,41,36,1083,0,0,0,0,100,big_percent,100,6,11,290,83,big,0.4,1.1,1.5,0.068,-0.5,1.6,1.1,0.9,FALSE
Josh Oduro,odurojo01,PF,NOP,3,1,82,0,0,14,83,3,wing_big_percent,97,6,9,240,81,wing,0.2,0,0.2,0.109,-3.5,-4.3,-7.7,-0.1,FALSE
Toby Okani,okanito01,SG,MEM,6,4,217,0,2,20,62,16,wing_big_percent,82,NA,NA,NA,NA,wing,-0.3,0,-0.2,-0.052,-6.8,-3.9,-10.7,-0.5,FALSE
Josh Okogie,okogijo01,SG,HOU,78,32,1354,3,74,22,0,0,wing_small_percent,96,6,4,213,76,wing,1.1,1.6,2.7,0.095,-2.3,1.1,-1.2,0.3,FALSE
Onyeka Okongwu,okongon01,C,ATL,74,63,2297,0,0,0,3,97,big_percent,100,6,10,240,82,big,2.6,3.3,6,0.125,-0.1,0.8,0.7,1.6,TRUE
Isaac Okoro,okorois01,SG,CHI,63,62,1695,0,33,61,6,0,wing_small_percent,94,6,4,225,76,wing,1.4,0.7,2.2,0.061,-3,-0.8,-3.8,-0.8,FALSE
Lachlan Olbrich,olbrila01,C,CHI,37,2,344,0,0,0,10,90,big_percent,100,6,8,236,80,big,0.2,0.3,0.5,0.075,-3.3,-0.2,-3.4,-0.1,FALSE
Kelly Olynyk,olynyke01,C,SAS,42,0,360,0,0,0,19,81,big_percent,100,7,0,240,84,big,0.4,0.6,1,0.13,-1.3,1.3,-0.1,0.2,FALSE
Norchad Omier,omierno01,PF,LAC,6,0,24,0,0,0,25,75,big_percent,100,6,5,248,77,big,0.2,0,0.2,0.38,6.2,-0.1,6,0,FALSE
Royce O'Neale,onealro01,SF,PHO,78,67,2213,0,7,69,23,0,wing_big_percent,92,6,6,226,78,wing,1.9,2.7,4.6,0.1,-0.3,1,0.7,1.5,FALSE
Kelly Oubre Jr.,oubreke01,SF,PHI,50,41,1574,0,2,75,23,0,wing_big_percent,98,6,8,203,80,wing,1.1,1.6,2.7,0.083,-1.3,-0.1,-1.4,0.2,FALSE
Chris Paul,paulch01,PG,LAC,16,0,228,100,0,0,0,0,guard_percent,100,NA,NA,NA,NA,guard,-0.1,0.2,0.1,0.017,-4,-0.2,-4.2,-0.1,FALSE
Cameron Payne,payneca01,PG,PHI,22,1,374,95,5,0,0,0,guard_percent,100,NA,NA,NA,NA,guard,0.4,0.5,0.8,0.106,-0.7,1,0.3,0.2,FALSE
Gary Payton II,paytoga02,SG,GSW,73,1,1142,16,62,20,1,0,wing_small_percent,82,6,2,195,74,wing,2,1.5,3.5,0.149,0.7,1.3,1.9,1.1,FALSE
Micah Peavy,peavymi01,SG,NOP,61,4,913,1,31,56,11,0,wing_small_percent,87,6,7,215,79,wing,-0.1,0.5,0.4,0.02,-4.4,-0.8,-5.2,-0.7,FALSE
Sean Pedulla,pedulse01,PG,LAC,7,0,31,100,0,0,0,0,guard_percent,100,6,1,195,73,guard,0,0,0,-0.03,-6.9,-4.9,-11.8,-0.1,FALSE
Noah Penda,pendano01,SF,ORL,59,2,757,0,16,65,19,0,wing_big_percent,84,6,7,215,79,wing,0.1,1,1.1,0.07,-2,0.6,-1.5,0.1,FALSE
Drew Peterson,peterdr01,PF,CHO,6,0,64,0,0,15,85,0,wing_big_percent,100,NA,NA,NA,NA,wing,-0.2,0.1,-0.1,-0.077,-8.3,-1.5,-9.8,-0.1,FALSE
Taelon Peter,peterta01,SG,IND,38,0,492,61,35,4,0,0,guard_percent,96,6,3,185,75,guard,-0.4,0.4,0,-0.001,-4.1,-0.4,-4.6,-0.3,FALSE
Julian Phillips,phillju01,SF,CHI,35,2,334,0,7,51,42,0,wing_big_percent,93,6,6,198,78,wing,0.1,0.2,0.4,0.054,-2.9,0,-2.9,-0.1,FALSE
Julian Phillips,phillju01,SF,MIN,13,0,94,0,15,58,27,0,wing_big_percent,85,6,6,198,78,wing,0,0.1,0.1,0.041,-4.7,-1.3,-6,-0.1,FALSE
Jalen Pickett,pickeja02,SG,DEN,50,18,807,60,40,0,0,0,guard_percent,100,6,2,202,74,guard,0.6,0.4,1,0.059,-1.1,-1.1,-2.3,-0.1,FALSE
Scotty Pippen Jr.,pippesc02,PG,MEM,10,6,212,100,0,0,0,0,guard_percent,100,6,2,170,74,guard,-0.1,0.2,0.1,0.025,-2.5,-0.3,-2.8,0,FALSE
Daeqwon Plowden,plowdda01,SG,SAC,32,7,844,6,38,46,10,0,wing_small_percent,84,6,4,216,76,wing,0.7,0.1,0.8,0.043,-2.1,-2.3,-4.4,-0.5,FALSE
Mason Plumlee,plumlma01,C,CHO,14,2,125,0,0,0,0,100,big_percent,100,7,0,254,84,big,0.2,0.2,0.4,0.142,-1.5,2.7,1.1,0.1,FALSE
Mason Plumlee,plumlma01,C,SAS,6,1,47,0,0,0,0,100,big_percent,100,7,0,254,84,big,0.1,0.1,0.2,0.156,-3.4,2.2,-1.2,0,FALSE
Brandin Podziemski,podzibr01,SG,GSW,82,43,2333,10,49,37,4,0,wing_small_percent,86,6,4,205,76,wing,2.8,2.3,5.1,0.105,0.3,-0.1,0.2,1.3,FALSE
Jakob Poeltl,poeltja01,C,TOR,46,44,1149,0,0,0,0,100,big_percent,100,7,0,253,84,big,2.6,1.8,4.3,0.18,0.2,1.4,1.6,1,FALSE
Jordan Poole,poolejo01,PG,NOP,39,8,933,41,59,1,0,0,guard_percent,100,6,4,194,76,guard,0,0.2,0.2,0.01,-1,-2.6,-3.5,-0.4,FALSE
Craig Porter Jr.,portecr01,PG,CLE,64,3,1148,86,14,0,0,0,guard_percent,100,6,1,180,73,guard,1.3,1.5,2.8,0.116,0,1.9,2,1.2,FALSE
Kevin Porter Jr.,porteke02,PG,MIL,38,36,1261,44,56,0,0,0,guard_percent,100,6,5,203,77,guard,1.5,1.3,2.8,0.106,0.8,1.2,2.1,1.3,TRUE
Michael Porter Jr.,portemi01,SF,BRK,52,52,1689,0,3,76,21,0,wing_big_percent,97,6,10,218,82,wing,1.7,1.3,2.9,0.083,4.2,-1.2,3,2.1,TRUE
Bobby Portis,portibo01,PF,MIL,67,9,1619,0,0,8,68,24,big_percent,92,6,9,250,81,big,1.6,1.2,2.8,0.083,1.5,-1.6,0,0.8,FALSE
Kristaps Porziņģis,porzikr01,C,ATL,17,12,413,0,0,0,0,100,big_percent,100,7,2,240,86,big,1,0.6,1.5,0.179,2.7,1,3.7,0.6,FALSE
Kristaps Porziņģis,porzikr01,C,GSW,15,11,356,0,0,0,0,100,big_percent,100,7,2,240,86,big,0.4,0.4,0.8,0.113,0.3,-0.5,-0.2,0.2,FALSE
Quinten Post,postqu01,PF,GSW,67,35,1159,0,0,0,7,93,big_percent,100,7,0,238,84,big,0.7,1.2,1.9,0.078,-1,-0.1,-1.1,0.3,FALSE
Micah Potter,pottemi01,C,IND,47,7,908,0,0,0,8,92,big_percent,100,6,9,248,81,big,1.8,0.7,2.6,0.135,1.5,-0.8,0.7,0.6,FALSE
John Poulakidas,poulajo01,SG,DAL,13,0,253,4,49,47,0,0,wing_small_percent,96,6,6,205,78,wing,0.3,0.2,0.5,0.095,-1,-1.2,-2.2,0,FALSE
Drake Powell,poweldr01,SG,BRK,63,24,1320,45,43,12,0,0,guard_percent,88,6,5,195,77,guard,-0.5,0.5,-0.1,-0.003,-4.6,-1.3,-6,-1.3,FALSE
Dwight Powell,poweldw01,C,DAL,63,12,904,0,0,0,6,94,big_percent,100,6,10,240,82,big,1.6,1,2.6,0.138,-2.9,1.5,-1.4,0.1,FALSE
Norman Powell,powelno01,SG,MIA,58,52,1717,9,87,4,0,0,guard_percent,96,6,3,215,75,guard,2.3,1.7,4,0.112,1.8,-0.3,1.6,1.5,TRUE
Taurean Prince,princta02,SF,MIL,26,7,611,0,20,69,11,0,wing_small_percent,89,6,6,218,78,wing,0.2,0.3,0.5,0.039,-1.3,-1.8,-3.1,-0.2,FALSE
Payton Pritchard,pritcpa01,PG,BOS,79,50,2556,100,0,0,0,0,guard_percent,100,6,1,195,73,guard,6.1,2.4,8.5,0.16,2.6,-0.3,2.3,2.8,FALSE
Tyrese Proctor,proctty01,PG,CLE,50,1,545,49,49,2,0,0,guard_percent,98,6,4,185,76,guard,0.2,0.5,0.7,0.066,-2.3,-0.5,-2.8,-0.1,FALSE
Olivier-Maxence Prosper,prospol01,PF,MEM,53,24,984,0,2,19,63,16,wing_big_percent,82,6,7,230,79,wing,1.8,0.7,2.4,0.119,1.1,-1.2,-0.1,0.5,FALSE
Zyon Pullin,pullizy01,SG,MIN,5,0,43,89,11,0,0,0,guard_percent,100,6,4,206,76,guard,0.2,0,0.2,0.222,0.2,-1.3,-1.1,0,FALSE
Derik Queen,queende01,C,NOP,81,48,2023,0,0,0,16,84,big_percent,100,6,9,250,81,big,0.4,2.3,2.7,0.063,-1.5,0.7,-0.8,0.6,FALSE
Neemias Queta,quetane01,C,BOS,76,75,1926,0,0,0,0,100,big_percent,100,7,0,248,84,big,5.4,3.6,9,0.224,0.9,2,2.8,2.4,TRUE
Immanuel Quickley,quickim01,PG,TOR,70,70,2231,80,21,0,0,0,guard_percent,101,6,2,190,74,guard,3.9,2.6,6.5,0.14,1.9,0.6,2.4,2.5,TRUE
Julius Randle,randlju01,PF,MIN,79,79,2610,0,0,3,93,5,big_percent,98,6,9,250,81,big,4.3,3.1,7.4,0.135,1.5,0,1.5,2.3,TRUE
Maxime Raynaud,raynama01,C,SAC,74,56,1964,0,0,0,0,100,big_percent,100,7,1,250,85,big,2.6,1,3.6,0.088,-0.9,-1.6,-2.4,-0.2,FALSE
Duop Reath,reathdu01,C,POR,32,0,258,0,0,0,50,51,big_percent,101,NA,NA,NA,NA,big,0.3,0.2,0.6,0.103,-0.9,0,-0.9,0.1,FALSE
Austin Reaves,reaveau01,SG,LAL,51,45,1762,16,50,34,1,0,wing_small_percent,84,6,5,197,77,wing,4.2,1.4,5.6,0.153,3.4,-0.6,2.8,2.1,FALSE
Paul Reed,reedpa01,C,DET,65,11,901,0,0,0,7,93,big_percent,100,6,9,210,81,big,2.4,2.1,4.5,0.239,2.4,2.9,5.3,1.6,FALSE
Julian Reese,reeseju01,PF,WAS,13,10,402,0,0,0,4,96,big_percent,100,6,9,230,81,big,0.1,0.3,0.3,0.041,-2.9,-2.2,-5.1,-0.3,FALSE
Antonio Reeves,reevean01,SG,CHO,10,0,68,12,66,22,0,0,wing_small_percent,88,6,5,205,77,wing,0.1,0,0.2,0.13,1.2,0.1,1.3,0.1,FALSE
Naz Reid,reidna01,C,MIN,77,3,2007,0,0,0,45,55,big_percent,100,6,9,264,81,big,0.9,3.2,4,0.097,-0.1,1,0.9,1.5,FALSE
Jase Richardson,richaja02,SG,ORL,54,0,587,35,60,5,0,0,guard_percent,95,6,1,180,73,guard,0.5,0.5,1,0.082,-1.9,-0.7,-2.5,-0.1,FALSE
Nick Richards,richani01,C,CHI,20,4,447,0,0,0,0,100,big_percent,100,6,11,245,83,big,-0.1,0.4,0.4,0.04,-4.3,-1.5,-5.8,-0.4,FALSE
Nick Richards,richani01,C,PHO,28,2,254,0,0,0,4,96,big_percent,100,6,11,245,83,big,-0.2,0.4,0.2,0.039,-6,-0.8,-6.8,-0.3,FALSE
Will Richard,richawi02,SG,GSW,69,21,1377,19,55,24,2,0,wing_small_percent,79,6,3,206,75,wing,1.2,1.4,2.5,0.089,-2.5,0.9,-1.7,0.1,FALSE
Kadary Richmond,richmka01,SG,WAS,3,0,67,0,1,64,34,0,wing_big_percent,98,NA,NA,NA,NA,wing,0.2,0.1,0.2,0.175,-0.8,4.4,3.6,0.1,FALSE
Will Riley,rileywi01,SF,WAS,74,18,1633,0,0,15,77,8,wing_big_percent,92,6,9,180,81,wing,0.4,0,0.4,0.012,-1.9,-2.6,-4.5,-1,FALSE
Zaccharie Risacher,risacza01,SF,ATL,67,46,1503,0,2,90,8,0,wing_big_percent,98,6,8,200,80,wing,0.5,1.9,2.3,0.074,-2.3,-0.2,-2.5,-0.2,FALSE
Duncan Robinson,robindu01,SF,DET,77,77,2113,0,6,78,16,0,wing_big_percent,94,6,7,215,79,wing,3.8,2.3,6.1,0.139,0.9,-0.1,0.8,1.5,FALSE
Jeremiah Robinson-Earl,robinje02,PF,DAL,5,0,61,0,0,0,96,4,big_percent,100,NA,NA,NA,NA,big,0.1,0.1,0.1,0.097,-3,-1.1,-4.1,0,FALSE
Jeremiah Robinson-Earl,robinje02,PF,IND,17,3,300,0,0,3,94,3,big_percent,97,NA,NA,NA,NA,big,-0.1,0.2,0.1,0.016,-3.6,-1.9,-5.4,-0.3,FALSE
Jeremiah Robinson-Earl,robinje02,PF,IND,17,3,300,0,0,3,94,3,wing_big_percent,97,NA,NA,NA,NA,wing,-0.1,0.2,0.1,0.016,-3.6,-1.9,-5.4,-0.3,FALSE
Mitchell Robinson,robinmi01,C,NYK,60,16,1175,0,0,0,24,76,big_percent,100,7,0,240,84,big,3.3,2.5,5.8,0.236,1.9,1.5,3.5,1.6,FALSE
Orlando Robinson,robinor01,C,ORL,4,1,25,0,0,0,0,100,big_percent,100,NA,NA,NA,NA,big,0.1,0,0.1,0.196,0.8,0.6,1.4,0,FALSE
David Roddy,roddyda01,PF,DEN,5,0,73,0,0,11,89,0,wing_big_percent,100,6,5,255,77,wing,0.2,0.1,0.3,0.185,0.7,-0.7,0,0,FALSE
Ryan Rollins,rolliry01,PG,MIL,74,67,2376,96,4,0,0,0,guard_percent,100,6,3,180,75,guard,1.7,1.8,3.4,0.069,0.7,-0.5,0.2,1.3,FALSE
Rayan Rupert,ruperra01,SG,MEM,16,8,495,0,17,43,38,2,wing_big_percent,81,6,7,205,79,wing,0,0.5,0.4,0.041,-4,-1.1,-5.1,-0.4,FALSE
Rayan Rupert,ruperra01,SG,POR,48,0,577,8,54,33,6,0,wing_small_percent,87,6,7,205,79,wing,-0.5,0.6,0.2,0.014,-5.9,0.8,-5.1,-0.4,FALSE
D'Angelo Russell,russeda01,PG,DAL,26,3,495,77,23,0,0,0,guard_percent,100,6,3,193,75,guard,-0.3,0.3,0,-0.004,-0.7,-1.6,-2.3,0,FALSE
Cormac Ryan,ryanco01,SG,MIL,11,2,271,20,72,8,0,0,guard_percent,92,6,5,195,77,guard,0.5,0.1,0.6,0.114,1,-1.8,-0.8,0.1,FALSE
Domantas Sabonis,sabondo01,C,SAC,19,15,564,0,0,0,18,82,big_percent,100,6,10,240,82,big,0.7,0.4,1.1,0.095,0.7,-0.2,0.6,0.4,TRUE
Tidjane Salaün,salauti01,PF,CHO,37,0,575,0,0,0,84,16,big_percent,100,6,10,207,82,big,0.6,0.8,1.4,0.117,-1.2,0.4,-0.8,0.2,FALSE
Hunter Sallis,sallihu01,SG,PHI,7,0,26,62,36,2,0,0,guard_percent,98,NA,NA,NA,NA,guard,-0.1,0,-0.1,-0.149,-7.7,-2.9,-10.6,-0.1,FALSE
Kobe Sanders,sandeko01,SG,LAC,68,16,1351,17,54,28,2,1,wing_small_percent,82,6,8,207,80,wing,0.4,1,1.4,0.051,-2.7,-0.2,-2.9,-0.3,FALSE
Payton Sandfort,sandfpa01,SF,OKC,4,0,63,0,0,73,27,0,wing_big_percent,100,6,7,215,79,wing,0.1,0.1,0.2,0.125,-2.5,-3.3,-5.8,-0.1,FALSE
Gui Santos,santogu01,PF,GSW,68,30,1395,0,0,19,79,2,wing_big_percent,98,6,7,185,79,wing,1.2,1.5,2.7,0.094,-0.9,0.3,-0.6,0.5,FALSE
Ben Saraf,sarafbe01,SG,BRK,44,11,916,16,48,30,6,0,wing_small_percent,78,6,6,200,78,wing,-1.6,0.5,-1.1,-0.057,-5.6,-1.7,-7.3,-1.2,FALSE
Dario Šarić,saricda01,C,SAC,5,0,41,0,0,0,95,5,big_percent,100,NA,NA,NA,NA,big,-0.1,0,-0.1,-0.081,-6.7,-2.3,-9,-0.1,FALSE
Alex Sarr,sarral01,C,WAS,48,48,1305,0,0,0,1,99,big_percent,100,7,0,205,84,big,0.7,0.9,1.6,0.059,0.8,-0.1,0.7,0.9,TRUE
Olivier Sarr,sarrol01,C,CLE,4,0,39,0,0,0,0,100,big_percent,100,6,10,240,82,big,0.1,0.1,0.2,0.203,-1.7,4.3,2.6,0,FALSE
Marcus Sasser,sassema01,PG,DET,38,5,457,100,0,0,0,0,guard_percent,100,6,1,195,73,guard,0.2,0.6,0.8,0.085,-1.6,-0.2,-1.7,0,FALSE
Baylor Scheierman,scheiba01,SG,BOS,77,20,1429,5,53,41,1,0,wing_small_percent,94,6,6,205,78,wing,2.1,1.8,3.8,0.129,-0.7,1.3,0.6,0.9,FALSE
Dennis Schröder,schrode01,PG,CLE,30,3,641,100,0,0,0,0,guard_percent,100,6,1,175,73,guard,0.3,0.5,0.9,0.066,-2.3,-0.5,-2.8,-0.1,FALSE
Dennis Schröder,schrode01,PG,SAC,40,14,1056,100,0,0,0,0,guard_percent,100,6,1,175,73,guard,0.5,0.2,0.7,0.03,0,-1.8,-1.9,0,FALSE
Tre Scott,scotttr01,PF,BRK,6,4,182,0,0,0,0,100,big_percent,100,NA,NA,NA,NA,big,-0.1,0.1,0.1,0.025,-4.2,-1.1,-5.3,-0.2,FALSE
Mark Sears,searsma01,PG,MIL,7,0,26,100,0,0,0,0,guard_percent,100,NA,NA,NA,NA,guard,0,0,0,0.013,2.4,-4.6,-2.2,0,FALSE
Alperen Şengün,sengual01,C,HOU,72,72,2398,0,0,0,14,86,big_percent,100,6,11,243,83,big,4.4,3.6,8,0.161,2.7,1.5,4.2,3.7,TRUE
Brice Sensabaugh,sensabr01,SF,UTA,75,22,1762,0,24,56,20,1,wing_small_percent,80,6,6,235,78,wing,1,0.1,1.1,0.029,0.4,-3,-2.6,-0.3,FALSE
Collin Sexton,sextoco01,SG,CHI,26,10,676,6,68,25,1,0,wing_small_percent,93,6,3,190,75,wing,0.7,0.5,1.2,0.084,0.3,-0.5,-0.2,0.3,FALSE
Collin Sexton,sextoco01,SG,CHO,42,12,938,55,44,1,0,0,guard_percent,99,6,3,190,75,guard,1.9,0.9,2.8,0.141,1.6,-0.4,1.2,0.7,FALSE
Landry Shamet,shamela01,SG,NYK,51,12,1171,3,85,12,0,0,wing_small_percent,97,6,5,190,77,wing,1.6,1,2.6,0.106,-0.4,0.1,-0.3,0.5,FALSE
Terrence Shannon Jr.,shannte01,SG,MIN,43,2,538,1,29,59,11,0,wing_small_percent,88,6,6,215,78,wing,0.6,0.4,1,0.09,-2.5,-1.1,-3.6,-0.2,FALSE
Day'Ron Sharpe,sharpda01,C,BRK,62,7,1160,0,0,0,0,100,big_percent,100,6,10,265,82,big,2,1.5,3.5,0.144,0.4,1,1.4,1,FALSE
Shaedon Sharpe,sharpsh01,SG,POR,50,42,1471,41,53,6,0,0,guard_percent,94,6,5,210,77,guard,-0.4,1.6,1.3,0.041,-0.4,-0.9,-1.4,0.2,FALSE
Jamal Shead,sheadja01,PG,TOR,82,12,1852,100,0,0,0,0,guard_percent,100,6,1,200,73,guard,0.8,2,2.7,0.07,-2.3,0,-2.3,-0.1,FALSE
Ben Sheppard,sheppbe01,SG,IND,65,20,1390,11,69,20,0,0,wing_small_percent,89,6,6,190,78,wing,0.8,0.7,1.4,0.05,-2.4,-0.6,-3,-0.4,FALSE
Reed Sheppard,sheppre01,SG,HOU,82,21,2147,29,64,8,0,0,guard_percent,93,6,2,185,74,guard,2.7,3.1,5.9,0.131,1.2,1.5,2.7,2.5,FALSE
Max Shulga,shulgma01,SG,BOS,11,1,36,78,22,0,0,0,guard_percent,100,6,4,210,76,guard,-0.1,0,0,-0.038,-10.9,-0.5,-11.5,-0.1,FALSE
Pascal Siakam,siakapa01,PF,IND,62,62,2057,0,0,6,84,11,big_percent,95,6,8,245,80,big,1.1,1.5,2.6,0.062,1.8,-1,0.7,1.4,TRUE
Anfernee Simons,simonan01,SG,BOS,49,0,1202,55,45,0,0,0,guard_percent,100,6,3,200,75,guard,1.9,1.1,2.9,0.117,1.6,-1,0.6,0.8,FALSE
Anfernee Simons,simonan01,SG,CHI,6,5,170,1,74,23,2,0,wing_small_percent,97,6,3,200,75,wing,-0.1,0,-0.1,-0.015,-1.3,-3.7,-5,-0.1,FALSE
KJ Simpson,simpskj01,PG,CHO,14,2,223,100,0,0,0,0,guard_percent,100,6,2,189,74,guard,-0.5,0.3,-0.2,-0.033,-5.6,0.3,-5.3,-0.2,FALSE
KJ Simpson,simpskj01,PG,DEN,6,0,34,87,13,0,0,0,guard_percent,100,6,2,189,74,guard,0,0,0,0.048,-4.1,0.7,-3.4,0,FALSE
Jericho Sims,simsje01,C,MIL,67,19,1318,0,0,0,21,79,big_percent,100,6,10,250,82,big,2.5,0.7,3.2,0.117,-2.1,-0.9,-3.1,-0.4,FALSE
Jalen Slawson,slawsja01,SF,IND,13,6,311,0,5,77,19,0,wing_big_percent,96,6,7,215,79,wing,0,0.4,0.5,0.07,-2.2,1.8,-0.4,0.1,FALSE
Javon Small,smallja01,PG,MEM,41,12,830,95,5,0,0,0,guard_percent,100,6,1,190,73,guard,1.4,0.5,1.9,0.112,1.7,-0.6,1,0.6,FALSE
Marcus Smart,smartma01,SG,LAL,62,54,1769,25,72,3,0,0,guard_percent,97,6,3,220,75,guard,0.4,1.6,2,0.054,-2.9,0.6,-2.2,-0.1,FALSE
Dru Smith,smithdr01,SG,MIA,70,1,1141,72,27,1,0,0,guard_percent,99,6,2,203,74,guard,1.2,1.9,3,0.127,-1.5,3.6,2.2,1.2,FALSE
Jalen Smith,smithja04,C,CHI,53,21,1095,0,0,0,38,62,big_percent,100,6,8,215,80,big,1.5,1.1,2.6,0.114,0.2,-0.9,-0.7,0.4,FALSE
Jabari Smith Jr.,smithja05,PF,HOU,77,77,2705,0,0,8,83,10,big_percent,93,6,11,220,83,big,3.4,3.3,6.6,0.118,-0.5,-0.2,-0.7,0.9,FALSE
Malachi Smith,smithma02,SG,BRK,15,4,359,29,68,3,0,0,guard_percent,97,6,4,205,76,guard,0.5,0.2,0.7,0.094,-0.1,-0.8,-0.8,0.1,FALSE
Nick Smith Jr.,smithni01,SG,LAL,30,1,375,81,19,0,0,0,guard_percent,100,6,2,185,74,guard,-0.1,0.2,0.1,0.013,-2.1,-2.6,-4.7,-0.3,FALSE
Tolu Smith,smithto05,PF,DET,15,0,137,0,0,0,5,95,big_percent,100,6,11,254,83,big,0.3,0.2,0.5,0.185,-0.9,0.9,0,0.1,FALSE
Tyler Smith,smithty02,PF,DAL,12,0,166,0,0,19,75,6,wing_big_percent,94,6,9,224,81,wing,0,0.1,0.1,0.043,-3.3,-1.6,-4.8,-0.1,FALSE
Jeremy Sochan,sochaje01,PF,NYK,16,0,111,0,0,4,63,33,big_percent,96,6,8,230,80,big,0.3,0.2,0.6,0.239,1.7,3.1,4.8,0.2,FALSE
Jeremy Sochan,sochaje01,PF,SAS,28,0,358,0,0,1,58,41,big_percent,99,6,8,230,80,big,0.1,0.5,0.6,0.084,-3.5,0.5,-3,-0.1,FALSE
Cam Spencer,spencca01,SG,MEM,72,20,1714,53,43,4,0,0,guard_percent,96,6,3,205,75,guard,4.7,0.6,5.3,0.149,3,-0.8,2.2,1.8,TRUE
Pat Spencer,spencpa01,PG,GSW,66,14,1229,63,36,1,0,0,guard_percent,99,6,2,205,74,guard,0.5,1,1.4,0.056,-1.7,-0.6,-2.3,-0.1,FALSE
Isaiah Stevens,steveis01,PG,SAC,3,0,43,100,0,0,0,0,guard_percent,100,5,11,185,71,guard,0.1,0,0.1,0.133,-1.2,3.4,2.2,0,FALSE
Isaiah Stewart,stewais01,C,DET,58,13,1317,0,0,0,25,75,big_percent,100,6,8,250,80,big,1.9,2.1,4.1,0.149,-1.1,1.1,0,0.7,FALSE
Julian Strawther,strawju01,SG,DEN,57,14,861,1,36,52,11,0,wing_small_percent,88,6,6,205,78,wing,0.7,0.6,1.3,0.071,-1.2,-1.1,-2.3,-0.1,FALSE
Max Strus,strusma01,SF,CLE,12,5,288,0,1,36,63,0,wing_big_percent,99,6,5,215,77,wing,0.4,0.2,0.7,0.116,0.1,-1.3,-1.2,0.1,FALSE
Jalen Suggs,suggsja01,PG,ORL,57,56,1574,89,11,0,0,0,guard_percent,100,6,5,205,77,guard,0.3,2.4,2.7,0.083,0.7,1.8,2.5,1.8,TRUE
Jae'Sean Tate,tateja01,SF,HOU,46,1,405,1,19,67,14,0,wing_small_percent,86,6,4,230,76,wing,0.4,0.4,0.8,0.095,-3.2,-0.7,-3.9,-0.2,FALSE
Jayson Tatum,tatumja01,PF,BOS,16,16,522,0,0,0,95,5,big_percent,100,6,8,210,80,big,0.6,1,1.6,0.148,2.9,1.8,4.8,0.9,FALSE
Jahmyl Telfort,telfoja01,PF,LAC,8,0,32,0,0,100,0,0,wing_small_percent,100,NA,NA,NA,NA,wing,-0.1,0,-0.1,-0.163,-12.1,-1.7,-13.8,-0.1,FALSE
Garrett Temple,templga01,SG,TOR,22,0,73,41,55,5,0,0,guard_percent,96,6,5,195,77,guard,-0.1,0.1,0,-0.022,-5.9,1,-4.9,-0.1,FALSE
Dalen Terry,terryda01,SG,CHI,34,0,377,0,38,55,7,0,wing_small_percent,93,6,6,195,78,wing,0.1,0.4,0.5,0.058,-2.4,1.1,-1.3,0.1,FALSE
Dalen Terry,terryda01,SG,PHI,14,0,174,20,33,45,3,0,wing_small_percent,78,6,6,195,78,wing,0.1,0.2,0.3,0.074,-2.3,-0.1,-2.4,0,FALSE
Adou Thiero,thierad01,SF,LAL,25,0,149,1,11,45,36,7,wing_big_percent,81,6,7,220,79,wing,0.1,0.2,0.2,0.071,-4.2,-0.2,-4.4,-0.1,FALSE
Cam Thomas,thomaca02,SG,BRK,24,8,582,41,59,0,0,0,guard_percent,100,NA,NA,NA,NA,guard,-0.3,0,-0.3,-0.022,-0.8,-4.2,-5.1,-0.4,FALSE
Cam Thomas,thomaca02,SG,MIL,18,0,299,16,66,18,0,0,wing_small_percent,84,NA,NA,NA,NA,wing,-0.2,0.1,-0.2,-0.028,-1.9,-3.4,-5.3,-0.3,FALSE
Amen Thompson,thompam01,PG,HOU,79,79,2953,83,16,1,0,0,guard_percent,99,6,7,200,79,guard,6.5,3.8,10.3,0.167,1.6,1,2.6,3.4,TRUE
Ausar Thompson,thompau01,SF,DET,73,72,1896,1,65,27,7,0,wing_small_percent,92,6,7,205,79,wing,1.5,4.1,5.7,0.144,-0.6,3.6,3.1,2.4,TRUE
Ethan Thompson,thompet01,SG,IND,32,13,653,12,79,8,0,0,guard_percent,91,6,4,195,76,guard,0,0.3,0.3,0.02,-4.1,-0.8,-4.9,-0.5,FALSE
Klay Thompson,thompkl01,SF,DAL,69,8,1497,5,38,53,5,0,wing_small_percent,91,6,5,220,77,wing,-0.3,0.9,0.5,0.018,0.2,-1.5,-1.4,0.2,FALSE
Matisse Thybulle,thybuma01,SG,POR,30,0,480,12,51,33,4,0,wing_small_percent,84,6,5,202,77,wing,0.2,1,1.3,0.126,-1.7,6.1,4.4,0.8,FALSE
Xavier Tillman Sr.,tillmxa01,C,BOS,14,1,111,0,0,0,7,93,big_percent,100,6,8,245,80,big,0,0.2,0.2,0.081,-2.2,1,-1.2,0,FALSE
Xavier Tillman Sr.,tillmxa01,C,CHO,16,0,72,0,0,0,36,64,big_percent,100,6,8,245,80,big,0,0.1,0.1,0.072,-3.8,1,-2.8,0,FALSE
Drew Timme,timmedr01,PF,LAL,27,1,235,0,0,0,42,58,big_percent,100,6,9,235,81,big,0.3,0.1,0.4,0.092,-0.8,-1.4,-2.2,0,FALSE
Nae'Qwan Tomlin,tomlina01,PF,CLE,64,3,1004,0,0,17,75,8,wing_big_percent,92,6,8,210,80,wing,1.1,1.1,2.2,0.107,-2.2,0.1,-2.1,0,FALSE
John Tonje,tonjejo01,SG,BOS,6,0,42,0,80,20,0,0,wing_small_percent,100,6,4,218,76,wing,0,0.1,0.1,0.101,-6.3,1.2,-5.1,0,FALSE
Nikola Topić,topicni01,PG,OKC,10,2,160,100,0,0,0,0,guard_percent,100,6,6,200,78,guard,-0.3,0.2,0,-0.014,-5.3,-3.2,-8.4,-0.3,FALSE
Jacob Toppin,toppija01,SF,ATL,5,0,17,0,0,92,8,0,wing_big_percent,100,NA,NA,NA,NA,wing,0,0,0,0.13,-0.1,0.6,0.5,0,FALSE
Obi Toppin,toppiob01,PF,IND,24,3,424,0,0,3,94,3,big_percent,97,6,9,220,81,big,0.7,0.3,1.1,0.124,3.4,-0.4,3,0.5,FALSE
Obi Toppin,toppiob01,PF,IND,24,3,424,0,0,3,94,3,wing_big_percent,97,6,9,220,81,wing,0.7,0.3,1.1,0.124,3.4,-0.4,3,0.5,TRUE
Karl-Anthony Towns,townska01,C,NYK,75,75,2322,0,0,0,0,100,big_percent,100,7,0,248,84,big,5.5,4,9.5,0.197,2.7,0.6,3.3,3.1,TRUE
Nolan Traoré,traorno01,PG,BRK,56,31,1243,97,3,0,0,0,guard_percent,100,6,3,185,75,guard,-2.3,0.6,-1.6,-0.063,-4.8,-2,-6.8,-1.5,FALSE
Luke Travers,travelu01,SG,CLE,12,0,103,0,51,49,0,0,wing_small_percent,100,NA,NA,NA,NA,wing,-0.1,0.2,0.1,0.024,-4.2,1,-3.2,0,FALSE
Gary Trent Jr.,trentga02,SG,MIL,65,21,1377,2,36,61,1,0,wing_small_percent,97,6,5,204,77,wing,-0.2,0.2,-0.1,-0.002,-3.2,-2.2,-5.4,-1.2,FALSE
Oscar Tshiebwe,tshieos01,C,UTA,27,6,448,0,0,0,20,80,big_percent,100,6,8,255,80,big,1.1,0.3,1.3,0.141,1,-2.8,-1.8,0,FALSE
Myles Turner,turnemy01,C,MIL,71,71,1912,0,0,0,0,100,big_percent,100,6,11,250,83,big,1.2,1.8,3,0.076,-0.9,0,-0.9,0.5,FALSE
Hunter Tyson,tysonhu01,PF,DEN,21,2,162,0,0,14,81,5,wing_big_percent,95,NA,NA,NA,NA,wing,-0.2,0.1,0,-0.013,-5.2,-1.6,-6.8,-0.2,FALSE
Jaylon Tyson,tysonja01,SG,CLE,66,42,1777,0,23,55,23,0,wing_small_percent,78,6,6,215,78,wing,2.3,1.7,4,0.108,0.6,-0.5,0.1,0.9,FALSE
Stanley Umude,umudest01,SG,SAS,2,0,7,0,67,33,0,0,wing_small_percent,100,NA,NA,NA,NA,wing,0,0,0,0.165,-6.7,7.1,0.4,0,FALSE
Jonas Valančiūnas,valanjo01,C,DEN,65,6,871,0,0,0,5,95,big_percent,100,6,11,265,83,big,1.8,1.1,2.9,0.162,0.5,-0.5,0,0.4,FALSE
Jarred Vanderbilt,vandeja01,PF,LAL,65,3,1128,0,0,31,65,5,wing_big_percent,96,6,8,214,80,wing,0.4,1.5,1.8,0.079,-2.4,0.9,-1.5,0.1,FALSE
Devin Vassell,vassede01,SG,SAS,67,65,2044,16,54,31,0,0,wing_small_percent,85,6,5,200,77,wing,2.3,2.6,4.9,0.115,0.1,0.3,0.5,1.3,FALSE
Gabe Vincent,vincega01,PG,ATL,24,0,320,98,2,0,0,0,guard_percent,100,6,2,200,74,guard,0,0.3,0.3,0.049,-3.6,0.1,-3.4,-0.1,FALSE
Gabe Vincent,vincega01,PG,LAL,29,7,559,100,0,0,0,0,guard_percent,100,6,2,200,74,guard,0.1,0.2,0.3,0.027,-3.9,-0.9,-4.8,-0.4,FALSE
Nikola Vučević,vucevni01,C,BOS,16,1,338,0,0,0,5,95,big_percent,100,6,9,260,81,big,0.3,0.6,0.9,0.124,-0.8,1,0.2,0.2,FALSE
Nikola Vučević,vucevni01,C,CHI,48,48,1480,0,0,0,0,100,big_percent,100,6,9,260,81,big,2.2,1.3,3.5,0.115,1.9,-0.1,1.8,1.4,TRUE
Tristan Vukcevic,vukcetr01,C,WAS,49,12,671,0,0,0,0,100,big_percent,100,7,0,220,84,big,0.4,0.4,0.8,0.054,0.8,-0.8,0,0.3,FALSE
Dean Wade,wadede01,PF,CLE,59,38,1318,0,0,14,73,14,big_percent,87,6,9,228,81,big,1.7,1.4,3.1,0.114,-0.8,1,0.2,0.7,FALSE
Dean Wade,wadede01,PF,CLE,59,38,1318,0,0,14,73,14,wing_big_percent,87,6,9,228,81,wing,1.7,1.4,3.1,0.114,-0.8,1,0.2,0.7,FALSE
Franz Wagner,wagnefr01,SF,ORL,34,32,1019,0,0,49,50,1,wing_big_percent,99,6,10,220,82,wing,1.8,1.1,2.8,0.134,2.6,-0.2,2.5,1.2,FALSE
Moritz Wagner,wagnemo01,C,ORL,36,0,427,0,0,0,2,98,big_percent,100,6,11,245,83,big,0.4,0.6,0.9,0.104,-1.4,-0.8,-2.2,0,FALSE
Jabari Walker,walkeja01,PF,PHI,64,6,762,0,0,20,75,4,wing_big_percent,95,6,7,237,79,wing,0.9,0.8,1.7,0.106,-2.1,-0.6,-2.7,-0.1,FALSE
Jarace Walker,walkeja02,PF,IND,76,41,1953,0,2,58,40,0,wing_big_percent,98,6,7,235,79,wing,-1,1.5,0.5,0.013,-1.8,-0.7,-2.4,-0.2,FALSE
Cason Wallace,wallaca01,SG,OKC,77,58,2046,19,67,13,0,0,guard_percent,86,6,3,195,75,guard,1,4.2,5.2,0.122,-2.1,3.3,1.2,1.7,FALSE
Keaton Wallace,wallake01,PG,ATL,53,3,536,96,4,0,0,0,guard_percent,100,6,3,185,75,guard,0.1,0.6,0.7,0.066,-3,0.3,-2.7,-0.1,FALSE
Jordan Walsh,walshjo01,PF,BOS,68,25,1212,0,3,31,64,2,wing_big_percent,95,6,6,205,78,wing,1.9,1.9,3.8,0.15,-1.4,1.6,0.2,0.7,FALSE
Ja'Kobe Walter,walteja01,SG,TOR,72,19,1474,12,81,8,0,0,guard_percent,93,6,4,180,76,guard,1.9,1.9,3.7,0.121,-1.3,1,-0.3,0.6,FALSE
Kel'el Ware,wareke01,C,MIA,77,34,1704,0,0,0,0,100,big_percent,100,7,0,230,84,big,3.2,3,6.2,0.175,2.1,0.1,2.1,1.8,FALSE
P.J. Washington,washipj01,PF,DAL,56,53,1736,0,0,2,85,14,big_percent,99,6,7,230,79,big,-0.3,2,1.7,0.046,-1.7,0.1,-1.6,0.2,FALSE
TyTy Washington Jr.,washity02,PG,LAC,16,0,88,81,19,0,0,0,guard_percent,100,6,3,195,75,guard,0.1,0.1,0.2,0.121,-0.8,2.6,1.9,0.1,FALSE
Lindy Waters III,waterli01,SG,SAS,40,0,285,13,75,12,0,0,guard_percent,88,6,5,210,77,guard,0.1,0.3,0.4,0.063,-2.9,-0.3,-3.2,-0.1,FALSE
Trendon Watford,watfotr01,PF,PHI,53,7,864,0,0,8,83,9,big_percent,92,6,8,237,80,big,0.6,0.8,1.4,0.078,-2.2,0.2,-1.9,0,FALSE
Jamir Watkins,watkija01,SG,WAS,50,7,1032,8,44,40,8,0,wing_small_percent,84,6,6,210,78,wing,0.5,0.5,1.1,0.049,-2.9,-0.5,-3.3,-0.3,FALSE
Peyton Watson,watsope01,SF,DEN,54,40,1598,0,16,52,32,0,wing_big_percent,84,6,8,200,80,wing,1,1.6,2.6,0.078,-0.8,-0.5,-1.2,0.3,FALSE
Jaylen Wells,wellsja01,SG,MEM,69,69,1821,0,9,77,13,1,wing_big_percent,90,6,7,206,79,wing,0.9,0.7,1.6,0.042,-1.8,-1.4,-3.1,-0.5,FALSE
Victor Wembanyama,wembavi01,C,SAS,64,55,1866,0,0,0,0,100,big_percent,100,7,4,235,88,big,5,5,10,0.257,6.5,4.2,10.7,6,TRUE
Blake Wesley,weslebl01,SG,POR,31,0,361,47,36,17,0,0,guard_percent,83,6,4,190,76,guard,-0.1,0.4,0.3,0.038,-3.7,0.1,-3.6,-0.1,FALSE
Russell Westbrook,westbru01,SF,SAC,64,58,1853,8,48,38,7,0,wing_small_percent,86,6,4,200,76,wing,-0.6,0.9,0.4,0.009,0.6,-1,-0.4,0.7,FALSE
Coby White,whiteco01,SG,CHI,29,26,843,34,54,12,0,0,guard_percent,88,6,4,195,76,guard,0.3,0.4,0.7,0.038,-1,-2.3,-3.3,-0.3,FALSE
Coby White,whiteco01,SG,CHO,21,0,406,75,25,0,0,0,guard_percent,100,6,4,195,76,guard,1,0.3,1.3,0.154,4,-1.1,2.9,0.5,FALSE
Dariq Whitehead,whiteda01,SF,MEM,6,2,183,0,1,4,25,70,big_percent,95,NA,NA,NA,NA,big,-0.2,0.1,-0.2,-0.047,-3.6,-4.4,-8,-0.3,FALSE
Derrick White,whitede01,SG,BOS,77,77,2625,22,75,4,0,0,guard_percent,97,6,4,190,76,guard,3.5,3.5,7,0.129,2.2,1,3.2,3.5,TRUE
Cam Whitmore,whitmca01,SF,WAS,21,0,354,0,6,57,37,0,wing_big_percent,94,6,6,230,78,wing,-0.1,0.1,0,-0.002,-1.1,-2.1,-3.3,-0.1,FALSE
Aaron Wiggins,wiggiaa01,SG,OKC,65,21,1414,2,31,48,18,0,wing_small_percent,79,6,5,190,77,wing,-0.4,2.5,2.1,0.072,-1.7,0.7,-0.9,0.4,FALSE
Andrew Wiggins,wiggian01,SF,MIA,68,68,2063,1,16,49,35,0,wing_big_percent,84,6,6,197,78,wing,2.2,2.3,4.6,0.106,0.7,0.5,1.2,1.7,TRUE
Alondes Williams,willial06,SG,WAS,4,0,101,0,53,43,4,0,wing_small_percent,96,NA,NA,NA,NA,wing,0.3,0,0.3,0.155,1.5,-0.5,1.1,0.1,FALSE
Amari Williams,william01,PF,BOS,22,2,146,0,0,2,8,90,big_percent,98,6,11,250,83,big,0,0.3,0.2,0.077,-5,2.9,-2.1,0,FALSE
Brandon Williams,willibr03,PG,DAL,66,15,1463,99,1,0,0,0,guard_percent,100,6,1,190,73,guard,1.2,1.3,2.5,0.083,0.1,0.3,0.4,0.9,TRUE
Cody Williams,willico04,SG,UTA,67,41,1631,3,46,43,9,0,wing_small_percent,89,6,8,190,80,wing,0,0.1,0.1,0.004,-3.6,-1.9,-5.5,-1.5,FALSE
Grant Williams,willigr01,PF,CHO,36,3,711,0,0,0,88,12,big_percent,100,6,7,236,79,big,1.1,0.8,1.9,0.131,0.6,1,1.6,0.7,FALSE
Jalen Williams,willija06,SG,OKC,33,33,936,0,18,51,31,0,wing_big_percent,82,6,5,211,77,wing,1.3,1.7,3,0.156,1.1,1,2.1,1,FALSE
Jaylin Williams,willija07,PF,OKC,65,11,1277,0,0,4,35,61,big_percent,96,6,9,240,81,big,1.3,2.8,4.1,0.155,0,2.8,2.7,1.5,FALSE
Nate Williams,willije02,SG,GSW,14,2,239,0,9,62,29,0,wing_big_percent,91,6,5,205,77,wing,0.2,0.1,0.3,0.052,-2.1,-2.9,-5,-0.2,FALSE
Kenrich Williams,willike04,PF,OKC,56,2,855,0,2,10,70,18,big_percent,88,6,7,210,79,big,0.8,1.5,2.3,0.13,-0.1,0.3,0.2,0.5,FALSE
Lucas Williamson,willilu01,SG,MEM,7,2,224,16,77,7,0,0,guard_percent,93,NA,NA,NA,NA,guard,-0.1,0.2,0,0.005,-5.4,-2.1,-7.6,-0.3,FALSE
Mark Williams,willima07,C,PHO,60,55,1416,0,0,0,0,100,big_percent,100,7,1,240,85,big,4,2.3,6.3,0.215,1.5,0.5,2,1.4,TRUE
Patrick Williams,willipa01,PF,CHI,72,6,1474,0,1,30,65,6,wing_big_percent,95,6,6,215,78,wing,-1.1,1,-0.1,-0.005,-3.4,-1.1,-4.5,-0.9,FALSE
Robert Williams,williro04,C,POR,59,1,1008,0,0,0,5,95,big_percent,100,6,9,249,81,big,2.4,2,4.5,0.213,2,2.4,4.5,1.7,FALSE
Vince Williams Jr.,willivi01,PG,MEM,34,12,736,94,6,0,0,0,guard_percent,100,NA,NA,NA,NA,guard,-0.4,0.5,0.2,0.01,-1.5,0.6,-0.9,0.2,FALSE
Vince Williams Jr.,willivi01,SG,UTA,6,0,84,82,18,0,0,0,guard_percent,100,NA,NA,NA,NA,guard,0,0,0,-0.013,-1.8,-0.2,-2,0,FALSE
Zion Williamson,willizi01,PF,NOP,62,55,1841,0,0,7,83,10,big_percent,93,6,6,284,78,big,5,1,6.1,0.159,3.5,-0.6,2.9,2.3,TRUE
Ziaire Williams,willizi02,SF,BRK,56,13,1281,1,22,63,12,3,wing_small_percent,85,6,9,185,81,wing,0.5,1.1,1.6,0.059,-2,0.4,-1.7,0.1,FALSE
Jalen Wilson,wilsoja03,PF,BRK,54,2,859,0,1,28,62,9,wing_big_percent,90,6,6,220,78,wing,-0.2,0.4,0.2,0.012,-3.6,-2.1,-5.6,-0.8,FALSE
James Wiseman,wisemja01,C,IND,4,1,58,0,0,0,10,90,big_percent,100,NA,NA,NA,NA,big,0,0,0,-0.028,-8,-1,-9,-0.1,FALSE
Danny Wolf,wolfda01,PF,BRK,57,15,1187,0,0,0,78,22,big_percent,100,6,11,250,83,big,-0.2,1,0.8,0.032,-2.2,-0.3,-2.5,-0.2,FALSE
Guerschon Yabusele,yabusgu01,C,CHI,26,19,641,0,0,0,13,87,big_percent,100,6,7,265,79,big,0.5,0.5,1,0.074,-0.8,-0.5,-1.3,0.1,FALSE
Guerschon Yabusele,yabusgu01,C,NYK,41,0,366,0,0,0,68,32,big_percent,100,6,7,265,79,big,0,0.4,0.4,0.056,-3.2,-0.5,-3.7,-0.2,FALSE
Yang Hansen,yangha01,C,POR,43,1,300,0,0,0,0,100,big_percent,100,7,1,270,85,big,-0.8,0.3,-0.5,-0.075,-8.9,-0.6,-9.5,-0.6,FALSE
Chris Youngblood,youngch01,SG,OKC,32,0,174,15,36,38,11,0,wing_small_percent,74,6,4,221,76,wing,0.1,0.3,0.4,0.109,-2.6,-0.3,-2.8,0,FALSE
Chris Youngblood,youngch01,SG,POR,2,0,11,0,46,54,0,0,wing_small_percent,100,6,4,221,76,wing,0.1,0,0.1,0.243,4,1.6,5.6,0,FALSE
Jahmir Young,youngja05,PG,MIA,14,0,58,100,0,0,0,0,guard_percent,100,6,0,185,72,guard,0,0,0,0.016,-4.8,-1.9,-6.7,-0.1,FALSE
Trae Young,youngtr01,PG,ATL,10,10,280,100,0,0,0,0,guard_percent,100,6,2,164,74,guard,0.7,0.2,1,0.163,3.5,-1.7,1.8,0.3,FALSE
Trae Young,youngtr01,PG,WAS,5,5,104,100,0,0,0,0,guard_percent,100,6,2,164,74,guard,0.4,0,0.4,0.202,6.3,-0.7,5.6,0.2,TRUE
Omer Yurtseven,yurtsom01,C,GSW,9,0,104,0,0,0,0,100,big_percent,100,NA,NA,NA,NA,big,0,0.1,0.1,0.024,-5.6,-2,-7.6,-0.1,FALSE
Rocco Zikarsky,zikarro01,C,MIN,5,0,36,0,0,0,0,100,big_percent,100,7,3,227,87,big,0.1,0.1,0.2,0.237,0.7,1.7,2.4,0,FALSE
Ivica Zubac,zubaciv01,C,IND,5,5,118,0,0,0,3,97,big_percent,100,7,0,240,84,big,0.1,0.1,0.2,0.064,-1.8,-2.7,-4.5,-0.1,FALSE
Ivica Zubac,zubaciv01,C,LAC,43,42,1328,0,0,0,2,98,big_percent,100,7,0,240,84,big,2.6,1.5,4,0.146,0.9,-0.7,0.1,0.7,FALSE
