player,pos,age,experience,ts_percent,usg_percent,vorp,ts_rank,usg_rank,vorp_rank,empty_stats
A.J. Green,SG,25,3,0.621,12.6,-0.1,0.06521739130434782,0.09782608695652174,0.6630434782608695,0.826086956521739
Aaron Gordon,PF,29,11,0.65,19,1.2,0.015384615384615385,0.5846153846153846,0.26153846153846155,0.8615384615384616
Aaron Holiday,PG,28,7,0.594,16.8,0.3,0.2,0.25,0.5666666666666667,1.0166666666666666
Aaron Nesmith,SF,25,5,0.653,17.4,0.4,0,0.41379310344827586,0.39655172413793105,0.8103448275862069
Aaron Wiggins,SG,26,4,0.596,20.3,1.4,0.2391304347826087,0.6630434782608695,0.21739130434782608,1.1195652173913044
Adem Bona,C,21,1,0.714,14.3,-0.2,0.04918032786885246,0.26229508196721313,0.9180327868852459,1.2295081967213115
Al Horford,C,38,18,0.563,13.8,1.3,0.819672131147541,0.22950819672131148,0.3770491803278688,1.4262295081967213
Alec Burks,SG,33,14,0.608,16.5,0.5,0.14130434782608695,0.41304347826086957,0.3804347826086957,0.9347826086956522
Alex Caruso,SG,30,8,0.568,15.2,1.6,0.5108695652173914,0.2608695652173913,0.16304347826086957,0.9347826086956523
Alex Len,C,31,12,0.525,10.3,-0.1,0.9672131147540983,0.03278688524590164,0.9016393442622951,1.901639344262295
Alex Sarr,C,19,1,0.482,23.5,-0.6,1,0.8852459016393442,1,2.8852459016393444
Alperen Şengün,C,22,4,0.545,26.2,3.9,0.8852459016393442,0.9344262295081968,0.03278688524590164,1.8524590163934427
Amen Thompson,SF,22,2,0.602,17.5,3.4,0.25862068965517243,0.43103448275862066,0.017241379310344827,0.706896551724138
Amir Coffey,SG,27,6,0.614,15.3,0.1,0.11956521739130435,0.2826086956521739,0.532608695652174,0.9347826086956522
Andre Jackson Jr.,SG,23,2,0.554,11.9,-0.3,0.6630434782608695,0.05434782608695652,0.8369565217391305,1.5543478260869565
Andrew Nembhard,SG,25,3,0.545,16.3,-0.1,0.75,0.40217391304347827,0.6630434782608695,1.8152173913043477
Andrew Wiggins,SF,29,11,0.566,24.5,1.4,0.5862068965517241,0.896551724137931,0.10344827586206896,1.5862068965517242
Anfernee Simons,SG,25,7,0.557,24.6,1.1,0.6304347826086957,0.8478260869565217,0.29347826086956524,1.7717391304347825
Anthony Black,PG,21,2,0.521,19.6,0,0.8166666666666667,0.48333333333333334,0.7333333333333333,2.033333333333333
Anthony Davis,PF,31,13,0.588,30.4,3.2,0.4307692307692308,0.9538461538461539,0.046153846153846156,1.4307692307692308
Anthony Edwards,SG,23,5,0.595,31.4,4.6,0.25,1,0,1.25
Anthony Gill,PF,32,5,0.586,12.7,-0.3,0.47692307692307695,0.1076923076923077,0.8769230769230769,1.4615384615384617
Antonio Reeves,SG,24,1,0.579,18.8,-0.2,0.41304347826086957,0.5978260869565217,0.7934782608695652,1.8043478260869565
Ausar Thompson,SF,22,2,0.568,19.1,1.2,0.5689655172413793,0.5862068965517241,0.15517241379310345,1.3103448275862069
Austin Reaves,SG,26,4,0.616,23.7,2.6,0.08695652173913043,0.8152173913043478,0.07608695652173914,0.9782608695652174
Ayo Dosunmu,SG,25,4,0.585,16.6,0.1,0.358695652173913,0.42391304347826086,0.532608695652174,1.3152173913043477
Bam Adebayo,C,27,8,0.561,23.5,2.7,0.8360655737704918,0.8852459016393442,0.11475409836065574,1.8360655737704916
Ben Sheppard,SG,23,2,0.555,11.3,0,0.6521739130434783,0.021739130434782608,0.5869565217391305,1.2608695652173914
Ben Simmons,PG,28,7,0.539,13.2,0.4,0.6,0.05,0.5333333333333333,1.1833333333333333
Bennedict Mathurin,SF,22,3,0.579,22.8,-0.5,0.46551724137931033,0.8103448275862069,0.8793103448275862,2.155172413793103
Bilal Coulibaly,SF,20,2,0.515,17.9,-0.8,0.896551724137931,0.4827586206896552,1,2.3793103448275863
Blake Wesley,SG,21,3,0.51,16.7,-0.4,0.9130434782608695,0.43478260869565216,0.8804347826086957,2.2282608695652173
Bobby Portis,PF,29,10,0.542,24.1,0.7,0.7538461538461538,0.8461538461538461,0.4307692307692308,2.0307692307692307
Bogdan Bogdanović,SG,32,8,0.559,18.7,0,0.5978260869565217,0.5869565217391305,0.5869565217391305,1.7717391304347827
Bradley Beal,SG,31,13,0.598,22.1,0.4,0.22826086956521738,0.7391304347826086,0.44565217391304346,1.4130434782608696
Brandin Podziemski,SG,21,2,0.557,18.3,1.2,0.6304347826086957,0.5760869565217391,0.2391304347826087,1.4456521739130435
Brandon Boston Jr.,SG,23,4,0.535,20,-0.1,0.8260869565217391,0.6521739130434783,0.6630434782608695,2.141304347826087
Brandon Clarke,PF,28,6,0.638,15.3,0.9,0.07692307692307693,0.27692307692307694,0.36923076923076925,0.7230769230769232
Brice Sensabaugh,SF,21,2,0.612,21.5,0.3,0.13793103448275862,0.7586206896551724,0.46551724137931033,1.3620689655172413
Brook Lopez,C,36,17,0.624,15.8,1.8,0.36065573770491804,0.36065573770491804,0.2459016393442623,0.9672131147540983
Bruce Brown,PG,28,7,0.504,17.2,-0.4,0.8666666666666667,0.2833333333333333,0.8833333333333333,2.033333333333333
Bub Carrington,PG,19,1,0.514,15.8,-1.6,0.85,0.16666666666666666,0.9833333333333333,2
Buddy Hield,SG,32,9,0.56,20.5,0.5,0.5760869565217391,0.6739130434782609,0.3804347826086957,1.6304347826086958
CJ McCollum,PG,33,12,0.55,27.2,0.3,0.5166666666666667,0.7833333333333333,0.5666666666666667,1.8666666666666667
Cade Cunningham,PG,23,4,0.565,33.2,3.7,0.4166666666666667,0.95,0.08333333333333333,1.45
Caleb Houstan,SF,22,3,0.605,11.7,0,0.1896551724137931,0.017241379310344827,0.6551724137931034,0.8620689655172413
Caleb Martin,SF,29,6,0.513,14.4,-0.4,0.9137931034482759,0.15517241379310345,0.8620689655172413,1.9310344827586208
Cam Whitmore,SF,20,2,0.549,23.9,0.5,0.7931034482758621,0.8793103448275862,0.3448275862068966,2.017241379310345
Cameron Johnson,PF,28,6,0.632,22.9,2.3,0.12307692307692308,0.7538461538461538,0.09230769230769231,0.9692307692307692
Cameron Payne,PG,30,10,0.532,20.8,0.5,0.6666666666666666,0.55,0.5,1.7166666666666668
Caris LeVert,SG,30,9,0.582,19.4,1.2,0.391304347826087,0.6195652173913043,0.2391304347826087,1.25
Cason Wallace,SG,21,2,0.562,12.8,1.5,0.5652173913043478,0.11956521739130435,0.20652173913043478,0.8913043478260869
Chris Boucher,PF,32,8,0.615,21.2,0.9,0.2153846153846154,0.7384615384615385,0.36923076923076925,1.3230769230769233
Chris Paul,PG,39,20,0.58,14,1.6,0.31666666666666665,0.11666666666666667,0.2833333333333333,0.7166666666666667
Christian Braun,SG,23,3,0.665,15.8,1.6,0,0.33695652173913043,0.16304347826086957,0.5
Clint Capela,C,30,11,0.564,16.7,0.3,0.8032786885245902,0.45901639344262296,0.7049180327868853,1.9672131147540983
Coby White,SG,24,6,0.601,24.4,0.7,0.18478260869565216,0.8369565217391305,0.33695652173913043,1.358695652173913
Cody Martin,SF,29,6,0.509,14.7,0.1,0.9310344827586207,0.1724137931034483,0.5517241379310345,1.6551724137931034
Cody Williams,SG,20,1,0.419,12.5,-1.4,1,0.07608695652173914,1,2.0760869565217392
Cole Anthony,PG,24,5,0.531,24.6,0.7,0.7,0.75,0.4666666666666667,1.9166666666666665
Collin Sexton,SG,26,7,0.593,27,0.6,0.2826086956521739,0.9130434782608695,0.358695652173913,1.5543478260869565
Corey Kispert,SF,25,4,0.584,17.5,-0.7,0.41379310344827586,0.43103448275862066,0.9310344827586207,1.7758620689655173
Cory Joseph,PG,33,14,0.547,12.8,0.2,0.5333333333333333,0.016666666666666666,0.6666666666666666,1.2166666666666668
Craig Porter Jr.,PG,24,2,0.61,15.9,0.4,0.11666666666666667,0.21666666666666667,0.5333333333333333,0.8666666666666667
D'Angelo Russell,PG,28,10,0.522,24,0.6,0.7833333333333333,0.6833333333333333,0.48333333333333334,1.9500000000000002
DaQuan Jeffries,SG,27,5,0.518,13.5,-0.7,0.8913043478260869,0.15217391304347827,0.9347826086956522,1.9782608695652173
Dalano Banton,PG,25,4,0.497,24.1,0.3,0.9166666666666666,0.7166666666666667,0.5666666666666667,2.2
Dalen Terry,SG,22,3,0.546,14.9,-0.5,0.7282608695652174,0.25,0.8913043478260869,1.8695652173913042
Dalton Knecht,SF,23,1,0.594,18.5,0.1,0.3275862068965517,0.5344827586206896,0.5517241379310345,1.4137931034482758
Damian Lillard,PG,34,13,0.621,27.8,3.2,0.05,0.8166666666666667,0.1,0.9666666666666667
Daniel Gafford,C,26,6,0.716,19.5,1.8,0.03278688524590164,0.6885245901639344,0.2459016393442623,0.9672131147540983
Darius Garland,PG,25,6,0.6,27.2,3,0.15,0.7833333333333333,0.15,1.0833333333333333
Davion Mitchell,PG,26,4,0.573,13.6,-0.3,0.3333333333333333,0.1,0.8333333333333334,1.2666666666666666
Day'Ron Sharpe,C,23,4,0.568,19.9,0.7,0.7868852459016393,0.7377049180327869,0.4918032786885246,2.016393442622951
De'Aaron Fox,PG,27,8,0.56,28.3,1.3,0.48333333333333334,0.8333333333333334,0.3333333333333333,1.65
De'Andre Hunter,SF,27,6,0.623,22.8,1,0.05172413793103448,0.8103448275862069,0.27586206896551724,1.1379310344827585
DeAndre Jordan,C,36,17,0.621,12.8,0.2,0.4098360655737705,0.11475409836065574,0.819672131147541,1.3442622950819674
DeMar DeRozan,SF,35,16,0.569,25,1.3,0.5517241379310345,0.9137931034482759,0.1206896551724138,1.5862068965517242
Dean Wade,PF,28,6,0.563,10.4,0.7,0.6,0.015384615384615385,0.4307692307692308,1.0461538461538462
Deni Avdija,SF,24,5,0.605,23.2,2.2,0.1896551724137931,0.8448275862068966,0.06896551724137931,1.103448275862069
Dennis Schröder,PG,31,12,0.531,21.6,-0.1,0.7,0.5666666666666667,0.7833333333333333,2.05
Derrick Jones Jr.,SF,27,9,0.609,16.5,0.8,0.15517241379310345,0.3275862068965517,0.3103448275862069,0.7931034482758621
Derrick White,SG,30,8,0.606,19.8,3.6,0.15217391304347827,0.6413043478260869,0.010869565217391304,0.8043478260869565
Desmond Bane,SG,26,5,0.6,23.3,2.9,0.21739130434782608,0.782608695652174,0.06521739130434782,1.065217391304348
Devin Booker,SG,28,10,0.589,29.3,1.7,0.33695652173913043,0.9782608695652174,0.14130434782608695,1.4565217391304348
Devin Vassell,SG,24,5,0.553,22.1,0.4,0.6739130434782609,0.7391304347826086,0.44565217391304346,1.858695652173913
Dillon Brooks,SF,29,8,0.555,17.7,0.4,0.7068965517241379,0.46551724137931033,0.39655172413793105,1.5689655172413792
Dillon Jones,SF,23,1,0.464,13.3,-0.3,1,0.06896551724137931,0.7586206896551724,1.8275862068965516
Domantas Sabonis,C,28,9,0.655,21.6,4.4,0.19672131147540983,0.8360655737704918,0.01639344262295082,1.0491803278688525
Donovan Clingan,C,20,1,0.574,14.2,0.6,0.7213114754098361,0.2459016393442623,0.5737704918032787,1.540983606557377
Donovan Mitchell,SG,28,8,0.575,30.9,3.2,0.44565217391304346,0.9891304347826086,0.05434782608695652,1.4891304347826086
Donte DiVincenzo,SG,28,7,0.582,19.4,1.6,0.391304347826087,0.6195652173913043,0.16304347826086957,1.173913043478261
Dorian Finney-Smith,PF,31,9,0.604,12.3,0.5,0.27692307692307694,0.09230769230769231,0.5692307692307692,0.9384615384615385
Doug McDermott,SF,33,11,0.617,15.7,-0.1,0.06896551724137931,0.27586206896551724,0.6724137931034483,1.0172413793103448
Draymond Green,PF,34,13,0.534,15.9,1.3,0.8307692307692308,0.35384615384615387,0.24615384615384617,1.4307692307692308
Drew Eubanks,C,27,7,0.622,15.1,0.3,0.39344262295081966,0.32786885245901637,0.7049180327868853,1.4262295081967213
Duncan Robinson,SF,30,7,0.595,19.2,0.1,0.3103448275862069,0.603448275862069,0.5517241379310345,1.4655172413793103
Duop Reath,C,28,2,0.552,17,0.2,0.8688524590163934,0.5081967213114754,0.819672131147541,2.19672131147541
Dwight Powell,C,33,11,0.713,7.6,0.3,0.06557377049180328,0,0.7049180327868853,0.7704918032786885
Dyson Daniels,SG,21,3,0.545,18.2,2.3,0.75,0.5543478260869565,0.09782608695652174,1.4021739130434783
Evan Mobley,PF,23,4,0.633,23.2,3.6,0.09230769230769231,0.7692307692307693,0.03076923076923077,0.8923076923076924
Franz Wagner,SF,23,4,0.558,31,2.6,0.6379310344827587,1,0.05172413793103448,1.6896551724137931
Fred VanVleet,PG,30,9,0.515,17.7,1.5,0.8333333333333334,0.3,0.3,1.4333333333333333
Gabe Vincent,PG,28,6,0.536,13.5,-0.8,0.6333333333333333,0.08333333333333333,0.9333333333333333,1.65
Garrison Mathews,SG,28,6,0.606,15.9,0.1,0.15217391304347827,0.34782608695652173,0.532608695652174,1.0326086956521738
Gary Harris,SG,30,11,0.524,9.5,-0.1,0.8586956521739131,0.010869565217391304,0.6630434782608695,1.5326086956521738
Gary Payton II,SG,32,9,0.635,16.1,0.8,0.03260869565217391,0.391304347826087,0.30434782608695654,0.7282608695652174
Gary Trent Jr.,SG,26,7,0.591,17.1,0.2,0.30434782608695654,0.4673913043478261,0.5108695652173914,1.282608695652174
Georges Niang,PF,31,9,0.607,17.9,-0.1,0.24615384615384617,0.5384615384615384,0.8153846153846154,1.6
Giannis Antetokounmpo,PF,30,12,0.625,35.2,6.6,0.16923076923076924,1,0,1.1692307692307693
Goga Bitadze,C,25,6,0.631,14.3,1.6,0.32786885245901637,0.26229508196721313,0.3442622950819672,0.9344262295081966
Gradey Dick,SG,21,2,0.543,21,-0.5,0.8043478260869565,0.6956521739130435,0.8913043478260869,2.391304347826087
Grayson Allen,SG,29,7,0.631,17.6,0.7,0.043478260869565216,0.5217391304347826,0.33695652173913043,0.9021739130434783
Guerschon Yabusele,C,29,3,0.616,16.3,0.5,0.4426229508196721,0.4098360655737705,0.6065573770491803,1.459016393442623
Gui Santos,PF,22,2,0.575,13.2,0.1,0.5076923076923077,0.12307692307692308,0.7230769230769231,1.353846153846154
Harrison Barnes,PF,32,13,0.656,15.7,1.2,0,0.3230769230769231,0.26153846153846155,0.5846153846153846
Haywood Highsmith,SF,28,5,0.583,11.3,0.1,0.4482758620689655,0,0.5517241379310345,1
Hunter Tyson,PF,24,2,0.506,15.5,-0.3,0.9384615384615385,0.3076923076923077,0.8769230769230769,2.123076923076923
Isaac Okoro,SG,24,5,0.587,12.5,0.4,0.34782608695652173,0.07608695652173914,0.44565217391304346,0.8695652173913043
Isaiah Collier,PG,20,1,0.494,18.9,-1.6,0.95,0.4166666666666667,0.9833333333333333,2.35
Isaiah Hartenstein,C,26,7,0.599,16.7,2.1,0.5901639344262295,0.45901639344262296,0.19672131147540983,1.2459016393442623
Isaiah Joe,SG,25,5,0.617,17.2,1.4,0.07608695652173914,0.4782608695652174,0.21739130434782608,0.7717391304347826
Isaiah Stewart,C,23,5,0.616,12.4,0.9,0.4426229508196721,0.08196721311475409,0.45901639344262296,0.9836065573770492
Ivica Zubac,C,27,9,0.641,19.5,3.4,0.2459016393442623,0.6885245901639344,0.08196721311475409,1.0163934426229508
Ja Morant,PG,25,6,0.563,32.2,1.7,0.45,0.9333333333333333,0.21666666666666667,1.6
Ja'Kobe Walter,SG,20,1,0.523,18.2,-0.3,0.8695652173913043,0.5543478260869565,0.8369565217391305,2.260869565217391
Jabari Smith Jr.,PF,21,3,0.562,16.4,0.6,0.6307692307692307,0.4461538461538462,0.5384615384615384,1.6153846153846154
Jabari Walker,SF,22,3,0.601,16.3,0.2,0.27586206896551724,0.3103448275862069,0.5,1.0862068965517242
Jaden Hardy,SG,22,3,0.549,25.3,-0.6,0.6956521739130435,0.8804347826086957,0.9130434782608695,2.489130434782609
Jaden McDaniels,PF,24,5,0.562,16.3,1.4,0.6307692307692307,0.4153846153846154,0.2153846153846154,1.2615384615384615
Jaden Springer,SG,22,4,0.511,14.3,-0.1,0.9021739130434783,0.16304347826086957,0.6630434782608695,1.7282608695652173
Jae'Sean Tate,SF,29,5,0.557,13.3,0.2,0.6724137931034483,0.06896551724137931,0.5,1.2413793103448276
Jaime Jaquez Jr.,SF,23,2,0.543,20.2,0.4,0.8448275862068966,0.6724137931034483,0.39655172413793105,1.9137931034482758
Jake LaRavia,PF,23,3,0.591,14.4,0.8,0.36923076923076925,0.16923076923076924,0.4153846153846154,0.953846153846154
Jakob Poeltl,C,29,9,0.641,18.7,1.7,0.2459016393442623,0.6557377049180327,0.29508196721311475,1.1967213114754096
Jalen Brunson,PG,28,7,0.605,29.5,3.1,0.13333333333333333,0.85,0.13333333333333333,1.1166666666666667
Jalen Duren,C,21,3,0.703,16.4,2.7,0.08196721311475409,0.4262295081967213,0.11475409836065574,0.6229508196721312
Jalen Green,SG,22,4,0.544,27.3,1.7,0.782608695652174,0.9239130434782609,0.14130434782608695,1.8478260869565217
Jalen Pickett,SG,25,2,0.545,13.2,0.1,0.75,0.14130434782608695,0.532608695652174,1.4239130434782608
Jalen Smith,C,24,5,0.586,21,0.7,0.6885245901639344,0.7868852459016393,0.4918032786885246,1.9672131147540983
Jalen Williams,SG,23,3,0.573,27.5,3.4,0.4782608695652174,0.9456521739130435,0.043478260869565216,1.467391304347826
Jalen Wilson,PF,24,2,0.541,16.6,-1,0.7692307692307693,0.46153846153846156,0.9692307692307692,2.2
Jamal Murray,PG,27,8,0.584,24,1.7,0.26666666666666666,0.6833333333333333,0.21666666666666667,1.1666666666666665
Jamal Shead,PG,22,1,0.499,18.6,-0.8,0.9,0.38333333333333336,0.9333333333333333,2.216666666666667
James Harden,PG,35,16,0.582,29.6,4.4,0.2833333333333333,0.8666666666666667,0.05,1.2
Jamison Battle,SF,23,1,0.59,15.3,-0.1,0.3448275862068966,0.22413793103448276,0.6724137931034483,1.2413793103448276
Jarace Walker,PF,21,2,0.59,17.1,0.3,0.4,0.49230769230769234,0.676923076923077,1.5692307692307694
Jared Butler,SG,24,4,0.549,23.6,0.3,0.6956521739130435,0.7934782608695652,0.4891304347826087,1.9782608695652173
Jaren Jackson Jr.,C,25,7,0.591,28.1,2.4,0.639344262295082,0.9672131147540983,0.16393442622950818,1.7704918032786885
Jarrett Allen,C,26,8,0.724,15.9,3.6,0,0.3770491803278688,0.04918032786885246,0.4262295081967213
Javonte Green,SG,31,6,0.541,11.8,-0.1,0.8152173913043478,0.03260869565217391,0.6630434782608695,1.5108695652173911
Jaxson Hayes,C,24,6,0.72,12.4,0.5,0.01639344262295082,0.08196721311475409,0.6065573770491803,0.7049180327868853
Jay Huff,C,26,4,0.666,19.6,1.1,0.14754098360655737,0.7213114754098361,0.4098360655737705,1.278688524590164
Jaylen Brown,SF,28,9,0.555,28.9,1.1,0.7068965517241379,0.9655172413793104,0.2413793103448276,1.913793103448276
Jaylen Wells,SG,21,1,0.56,15.9,-0.1,0.5760869565217391,0.34782608695652173,0.6630434782608695,1.5869565217391304
Jaylin Williams,PF,22,3,0.594,14.6,1.2,0.3384615384615385,0.2153846153846154,0.26153846153846155,0.8153846153846154
Jaylon Tyson,SG,22,1,0.523,17.4,-0.1,0.8695652173913043,0.4891304347826087,0.6630434782608695,2.0217391304347827
Jayson Tatum,PF,26,8,0.582,31.2,4.8,0.49230769230769234,0.9692307692307692,0.015384615384615385,1.476923076923077
Jeff Dowtin,PG,27,4,0.57,18.6,0.3,0.36666666666666664,0.38333333333333336,0.5666666666666667,1.3166666666666667
Jerami Grant,PF,30,11,0.523,19.4,0.1,0.8461538461538461,0.6307692307692307,0.7230769230769231,2.2
Jeremiah Robinson-Earl,PF,24,4,0.563,14.4,-0.2,0.6,0.16923076923076924,0.8307692307692308,1.6
Jeremy Sochan,PF,21,3,0.589,19,0.3,0.4153846153846154,0.5846153846153846,0.676923076923077,1.676923076923077
Jericho Sims,C,26,4,0.639,7.6,-0.2,0.2786885245901639,0,0.9180327868852459,1.1967213114754098
Jett Howard,SF,21,2,0.491,19.2,-0.6,0.9655172413793104,0.603448275862069,0.9137931034482759,2.4827586206896552
Jimmy Butler,SF,35,14,0.626,20.8,3,0.034482758620689655,0.7241379310344828,0.034482758620689655,0.793103448275862
Jock Landale,C,29,4,0.59,15.7,0.3,0.6557377049180327,0.3442622950819672,0.7049180327868853,1.7049180327868854
John Konchar,SG,28,6,0.592,8,0.5,0.29347826086956524,0,0.3804347826086957,0.673913043478261
Johnny Furphy,SG,20,1,0.506,13,0,0.9239130434782609,0.13043478260869565,0.5869565217391305,1.641304347826087
Johnny Juzang,SG,23,3,0.573,17.6,-0.1,0.4782608695652174,0.5217391304347826,0.6630434782608695,1.6630434782608696
Jonas Valančiūnas,C,32,13,0.602,22.8,1,0.5737704918032787,0.8688524590163934,0.4426229508196721,1.8852459016393441
Jonathan Isaac,PF,27,6,0.512,16.2,0.7,0.9076923076923077,0.4,0.4307692307692308,1.7384615384615385
Jonathan Kuminga,PF,22,4,0.535,27.4,0.4,0.8153846153846154,0.9076923076923077,0.6307692307692307,2.353846153846154
Jonathan Mogbo,PF,23,1,0.496,15,0,0.9538461538461539,0.23076923076923078,0.7692307692307693,1.953846153846154
Jordan Hawkins,SG,22,2,0.504,21,-1.2,0.9347826086956522,0.6956521739130435,0.9782608695652174,2.608695652173913
Jordan McLaughlin,PG,28,6,0.6,13.3,0,0.15,0.06666666666666667,0.7333333333333333,0.95
Jordan Poole,SG,25,6,0.591,29,1.2,0.30434782608695654,0.967391304347826,0.2391304347826087,1.5108695652173914
Jordan Walsh,PF,20,2,0.464,11.5,-0.2,0.9846153846153847,0.046153846153846156,0.8307692307692308,1.8615384615384616
Jose Alvarado,PG,26,4,0.523,19.8,0.2,0.7666666666666667,0.5,0.6666666666666666,1.9333333333333331
Josh Giddey,PG,22,4,0.57,21.7,2.7,0.36666666666666664,0.6,0.16666666666666666,1.1333333333333333
Josh Green,SG,24,5,0.559,11.8,-1.1,0.5978260869565217,0.03260869565217391,0.967391304347826,1.5978260869565217
Josh Hart,SG,29,8,0.611,15.3,3.6,0.13043478260869565,0.2826086956521739,0.010869565217391304,0.4239130434782608
Josh Minott,SF,22,3,0.605,17.2,0.3,0.1896551724137931,0.3793103448275862,0.46551724137931033,1.0344827586206895
Jrue Holiday,PG,34,16,0.565,15.8,1.3,0.4166666666666667,0.16666666666666666,0.3333333333333333,0.9166666666666667
Julian Champagnie,SF,23,3,0.577,17.2,0.4,0.4827586206896552,0.3793103448275862,0.39655172413793105,1.2586206896551724
Julian Phillips,SF,21,2,0.571,12.9,-0.3,0.5172413793103449,0.05172413793103448,0.7586206896551724,1.3275862068965516
Julian Strawther,SG,22,2,0.559,17.8,-0.9,0.5978260869565217,0.5434782608695652,0.9456521739130435,2.0869565217391304
Julius Randle,PF,30,11,0.593,25,1.8,0.35384615384615387,0.8769230769230769,0.2,1.4307692307692308
Justin Champagnie,SF,23,4,0.614,15.6,0.5,0.10344827586206896,0.25862068965517243,0.3448275862068966,0.7068965517241379
Justin Edwards,SF,21,1,0.559,16.9,-0.5,0.6206896551724138,0.3620689655172414,0.8793103448275862,1.8620689655172415
Jusuf Nurkić,C,30,11,0.555,20.6,0.2,0.8524590163934426,0.7540983606557377,0.819672131147541,2.4262295081967213
KJ Martin,PF,24,5,0.618,11.5,-0.4,0.2,0.046153846153846156,0.9230769230769231,1.1692307692307693
Karl-Anthony Towns,C,29,10,0.63,27.4,3.5,0.3442622950819672,0.9508196721311475,0.06557377049180328,1.360655737704918
Karlo Matković,PF,23,1,0.639,15.9,0,0.06153846153846154,0.35384615384615387,0.7692307692307693,1.1846153846153846
Keegan Murray,PF,24,3,0.553,15,0.2,0.6923076923076923,0.23076923076923078,0.7076923076923077,1.6307692307692307
Kel'el Ware,C,20,1,0.603,17.2,0.7,0.5573770491803278,0.5573770491803278,0.4918032786885246,1.6065573770491803
Keldon Johnson,SF,25,6,0.572,21.6,0.2,0.5,0.7758620689655172,0.5,1.7758620689655173
Kelly Olynyk,C,33,12,0.609,18.5,0.3,0.5245901639344263,0.6229508196721312,0.7049180327868853,1.8524590163934427
Kelly Oubre Jr.,SF,29,10,0.551,18.9,-0.1,0.7586206896551724,0.5689655172413793,0.6724137931034483,2
Kenrich Williams,PF,30,7,0.587,15.4,0.7,0.46153846153846156,0.2923076923076923,0.4307692307692308,1.1846153846153846
Kentavious Caldwell-Pope,SG,31,12,0.574,12.4,0.3,0.4673913043478261,0.06521739130434782,0.4891304347826087,1.0217391304347827
Keon Ellis,SG,25,3,0.664,12.7,1.9,0.010869565217391304,0.10869565217391304,0.11956521739130435,0.2391304347826087
Keon Johnson,SG,22,4,0.499,21.7,-0.6,0.9782608695652174,0.7282608695652174,0.9130434782608695,2.619565217391304
Kevin Durant,PF,36,17,0.642,28.7,3,0.03076923076923077,0.9384615384615385,0.06153846153846154,1.0307692307692307
Kevin Huerter,SG,26,7,0.544,17.5,0,0.782608695652174,0.5108695652173914,0.5869565217391305,1.8804347826086958
Kevin Porter Jr.,SG,24,5,0.531,25.4,0.5,0.8478260869565217,0.8913043478260869,0.3804347826086957,2.119565217391304
Kevon Looney,C,28,10,0.535,13.3,0.7,0.9344262295081968,0.14754098360655737,0.4918032786885246,1.5737704918032787
Keyonte George,PG,21,2,0.539,24.3,-0.3,0.6,0.7333333333333333,0.8333333333333334,2.1666666666666665
Klay Thompson,SF,34,12,0.552,21.8,0.5,0.7413793103448276,0.7931034482758621,0.3448275862068966,1.8793103448275863
Kris Dunn,PG,30,9,0.531,12.7,1.2,0.7,0,0.36666666666666664,1.0666666666666667
Kris Murray,SF,24,2,0.472,13.9,-0.3,0.9827586206896551,0.1206896551724138,0.7586206896551724,1.8620689655172413
Kristaps Porziņģis,C,29,9,0.618,25.9,2.1,0.4262295081967213,0.9180327868852459,0.19672131147540983,1.540983606557377
Kyle Anderson,PF,31,11,0.538,15.9,0.9,0.8,0.35384615384615387,0.36923076923076925,1.5230769230769232
Kyle Filipowski,C,21,1,0.594,18.7,0.4,0.6065573770491803,0.6557377049180327,0.6885245901639344,1.9508196721311473
Kyle Kuzma,PF,29,8,0.514,24,-1.4,0.8923076923076924,0.8153846153846154,1,2.707692307692308
Kyrie Irving,SG,32,14,0.594,27.4,2.5,0.2717391304347826,0.9347826086956522,0.08695652173913043,1.2934782608695652
Kyshawn George,SG,21,1,0.503,15.9,-0.9,0.9565217391304348,0.34782608695652173,0.9456521739130435,2.25
LaMelo Ball,PG,23,5,0.536,35.9,2,0.6333333333333333,1,0.18333333333333332,1.8166666666666667
Landry Shamet,SG,27,7,0.601,14.8,-0.1,0.18478260869565216,0.22826086956521738,0.6630434782608695,1.076086956521739
Lauri Markkanen,PF,27,8,0.571,24,0.7,0.5538461538461539,0.8153846153846154,0.4307692307692308,1.8
LeBron James,SF,40,22,0.604,30.1,4.7,0.2413793103448276,0.9827586206896551,0,1.2241379310344827
Lindy Waters III,SG,27,4,0.504,14.8,-0.2,0.9347826086956522,0.22826086956521738,0.7934782608695652,1.9565217391304348
Luguentz Dort,SF,25,6,0.586,13.6,1.2,0.3620689655172414,0.10344827586206896,0.15517241379310345,0.6206896551724138
Luka Dončić,PG,25,7,0.587,33.9,3.9,0.23333333333333334,0.9666666666666667,0.06666666666666667,1.2666666666666666
Luke Kennard,SG,28,8,0.631,14.5,1.2,0.043478260869565216,0.1956521739130435,0.2391304347826087,0.4782608695652174
Luke Kornet,C,29,8,0.683,11.4,1.8,0.11475409836065574,0.06557377049180328,0.2459016393442623,0.42622950819672134
Malaki Branham,SG,21,3,0.575,23.8,-0.1,0.44565217391304346,0.8260869565217391,0.6630434782608695,1.9347826086956523
Malik Beasley,SG,28,9,0.59,22.5,1.6,0.32608695652173914,0.7608695652173914,0.16304347826086957,1.25
Malik Monk,SG,26,8,0.549,24.6,0.6,0.6956521739130435,0.8478260869565217,0.358695652173913,1.9021739130434783
Marcus Sasser,PG,24,2,0.589,19.4,0.3,0.21666666666666667,0.4666666666666667,0.5666666666666667,1.25
Mark Williams,C,23,3,0.647,21.4,1.6,0.21311475409836064,0.8032786885245902,0.3442622950819672,1.360655737704918
Mason Plumlee,C,34,12,0.645,10.8,0.5,0.22950819672131148,0.04918032786885246,0.6065573770491803,0.8852459016393442
Matas Buzelis,SF,20,1,0.571,18.7,-0.2,0.5172413793103449,0.5517241379310345,0.7413793103448276,1.810344827586207
Max Christie,SG,21,3,0.57,15.2,-0.3,0.5,0.2608695652173913,0.8369565217391305,1.597826086956522
Max Strus,SF,28,6,0.607,14.7,1.1,0.1724137931034483,0.1724137931034483,0.2413793103448276,0.5862068965517242
Michael Porter Jr.,SF,26,6,0.617,20.2,1.2,0.06896551724137931,0.6724137931034483,0.15517241379310345,0.896551724137931
Mikal Bridges,SF,28,7,0.585,19.6,1.2,0.3793103448275862,0.6379310344827587,0.15517241379310345,1.1724137931034482
Mike Conley,PG,37,18,0.573,14.4,1.4,0.3333333333333333,0.15,0.31666666666666665,0.7999999999999999
Miles Bridges,PF,26,6,0.541,28,2,0.7692307692307693,0.9230769230769231,0.15384615384615385,1.8461538461538463
Miles McBride,PG,24,4,0.531,16.8,0.8,0.7,0.25,0.4166666666666667,1.3666666666666667
Monte Morris,PG,29,8,0.546,18.1,0,0.5666666666666667,0.35,0.7333333333333333,1.65
Moses Moody,SG,22,4,0.578,17.4,0.5,0.43478260869565216,0.4891304347826087,0.3804347826086957,1.3043478260869565
Moussa Diabaté,C,23,3,0.609,13.4,0,0.5245901639344263,0.16393442622950818,0.8688524590163934,1.5573770491803278
Myles Turner,C,28,10,0.612,20.7,1.3,0.4918032786885246,0.7704918032786885,0.3770491803278688,1.6393442622950818
Naji Marshall,SF,27,5,0.584,20,0.6,0.41379310344827586,0.6551724137931034,0.3275862068965517,1.396551724137931
Naz Reid,C,25,6,0.577,21.5,2,0.7049180327868853,0.819672131147541,0.22950819672131148,1.7540983606557379
Neemias Queta,C,25,4,0.674,13.7,0.3,0.13114754098360656,0.19672131147540983,0.7049180327868853,1.0327868852459017
Nic Claxton,C,25,6,0.569,16.8,1.1,0.7704918032786885,0.4918032786885246,0.4098360655737705,1.6721311475409835
Nick Richards,C,27,5,0.634,17.3,-0.4,0.29508196721311475,0.5737704918032787,0.9672131147540983,1.8360655737704916
Nick Smith Jr.,SG,20,2,0.502,20.8,-1.3,0.967391304347826,0.6847826086956522,0.9891304347826086,2.641304347826087
Nickeil Alexander-Walker,SG,26,6,0.579,16,0.8,0.41304347826086957,0.3804347826086957,0.30434782608695654,1.0978260869565217
Nicolas Batum,PF,36,17,0.633,9,1,0.09230769230769231,0,0.35384615384615387,0.4461538461538462
Nikola Jokić,C,29,10,0.663,29.5,9.8,0.16393442622950818,0.9836065573770492,0,1.1475409836065573
Nikola Jović,PF,21,3,0.595,18.3,0.7,0.3076923076923077,0.5538461538461539,0.4307692307692308,1.2923076923076924
Nikola Vučević,C,34,14,0.611,22.4,2.7,0.5081967213114754,0.8524590163934426,0.11475409836065574,1.4754098360655736
Noah Clowney,PF,20,2,0.516,19,-0.5,0.8769230769230769,0.5846153846153846,0.9384615384615385,2.4000000000000004
Norman Powell,SG,31,10,0.615,26.1,1.8,0.10869565217391304,0.9021739130434783,0.13043478260869565,1.141304347826087
OG Anunoby,PF,27,8,0.591,19.7,1.9,0.36923076923076925,0.676923076923077,0.18461538461538463,1.2307692307692308
Obi Toppin,PF,26,5,0.642,20.1,1.4,0.03076923076923077,0.6923076923076923,0.2153846153846154,0.9384615384615385
Ochai Agbaji,SG,24,3,0.601,14.6,0.5,0.18478260869565216,0.20652173913043478,0.3804347826086957,0.7717391304347826
Olivier-Maxence Prosper,PF,22,2,0.484,16.3,0,0.9692307692307692,0.4153846153846154,0.7692307692307693,2.1538461538461537
Onyeka Okongwu,C,24,5,0.634,17.3,1.7,0.29508196721311475,0.5737704918032787,0.29508196721311475,1.1639344262295082
Orlando Robinson,C,24,3,0.519,18.5,-0.3,0.9836065573770492,0.6229508196721312,0.9508196721311475,2.557377049180328
Oso Ighodaro,PF,22,1,0.61,10.5,-0.2,0.23076923076923078,0.03076923076923077,0.8307692307692308,1.0923076923076924
P.J. Washington,PF,26,6,0.556,20.4,0.5,0.676923076923077,0.7076923076923077,0.5692307692307692,1.9538461538461538
Paolo Banchero,PF,22,3,0.551,33.6,2.2,0.7076923076923077,0.9846153846153847,0.12307692307692308,1.8153846153846156
Pascal Siakam,PF,30,9,0.599,24.2,2.4,0.2923076923076923,0.8615384615384616,0.07692307692307693,1.2307692307692308
Pat Connaughton,SG,32,10,0.567,15.6,0,0.5217391304347826,0.31521739130434784,0.5869565217391305,1.4239130434782608
Patrick Williams,PF,23,5,0.512,16.9,-0.7,0.9076923076923077,0.47692307692307695,0.9538461538461539,2.3384615384615386
Paul George,PF,34,15,0.543,23.5,0.5,0.7384615384615385,0.8,0.5692307692307692,2.1076923076923078
Paul Reed,C,25,5,0.573,18,0.5,0.7377049180327869,0.6065573770491803,0.6065573770491803,1.9508196721311477
Payton Pritchard,PG,27,5,0.633,19,3.2,0.03333333333333333,0.43333333333333335,0.1,0.5666666666666667
Pelle Larsson,SG,23,1,0.546,14.4,-0.2,0.7282608695652174,0.18478260869565216,0.7934782608695652,1.7065217391304348
Peyton Watson,SF,22,3,0.564,13.9,0.1,0.603448275862069,0.1206896551724138,0.5517241379310345,1.2758620689655173
Precious Achiuwa,C,25,5,0.53,14.9,0,0.9508196721311475,0.3114754098360656,0.8688524590163934,2.1311475409836063
Quentin Grimes,SG,24,4,0.595,22.8,1.2,0.25,0.7717391304347826,0.2391304347826087,1.2608695652173914
Quinten Post,PF,24,1,0.595,19.6,0.4,0.3076923076923077,0.6615384615384615,0.6307692307692307,1.6
RJ Barrett,SF,24,6,0.547,28.7,1.2,0.8103448275862069,0.9482758620689655,0.15517241379310345,1.9137931034482758
Rayan Rupert,SG,20,2,0.499,16.8,-0.3,0.9782608695652174,0.45652173913043476,0.8369565217391305,2.2717391304347827
Reed Sheppard,PG,20,1,0.465,17.8,0.1,0.9666666666666667,0.31666666666666665,0.7166666666666667,2
Ricky Council IV,SF,23,2,0.502,20.3,-0.7,0.9482758620689655,0.7068965517241379,0.9310344827586207,2.586206896551724
Rob Dillingham,PG,20,1,0.503,22.7,-0.3,0.8833333333333333,0.6333333333333333,0.8333333333333334,2.35
Ron Holland,SF,19,1,0.556,18.1,-0.3,0.6896551724137931,0.5,0.7586206896551724,1.9482758620689655
Royce O'Neale,SF,31,8,0.585,15.5,1,0.3793103448275862,0.2413793103448276,0.27586206896551724,0.896551724137931
Rudy Gobert,C,32,12,0.687,13,2.4,0.09836065573770492,0.13114754098360656,0.16393442622950818,0.39344262295081966
Rui Hachimura,PF,26,6,0.619,15.8,0.6,0.18461538461538463,0.3384615384615385,0.5384615384615384,1.0615384615384615
Russell Westbrook,PG,36,17,0.532,23.8,0.5,0.6666666666666666,0.6666666666666666,0.5,1.8333333333333333
Ryan Dunn,SF,22,1,0.517,16.7,-0.7,0.8793103448275862,0.3448275862068966,0.9310344827586207,2.155172413793103
Ryan Rollins,PG,22,3,0.6,18.4,0.3,0.15,0.36666666666666664,0.5666666666666667,1.0833333333333333
Sam Hauser,PF,27,4,0.632,14.3,1.1,0.12307692307692308,0.13846153846153847,0.3384615384615385,0.6000000000000001
Sam Merrill,SG,28,5,0.583,14.3,0.8,0.3804347826086957,0.16304347826086957,0.30434782608695654,0.8478260869565217
Sandro Mamukelashvili,PF,25,4,0.628,20.8,0.7,0.15384615384615385,0.7230769230769231,0.4307692307692308,1.3076923076923077
Santi Aldama,PF,24,4,0.588,18.5,2.2,0.4307692307692308,0.5692307692307692,0.12307692307692308,1.123076923076923
Scoot Henderson,PG,20,2,0.54,22.5,-0.1,0.5833333333333334,0.6166666666666667,0.7833333333333333,1.9833333333333334
Scottie Barnes,PF,23,4,0.523,27,2.3,0.8461538461538461,0.8923076923076924,0.09230769230769231,1.830769230769231
Scotty Pippen Jr.,PG,24,3,0.582,19.3,1.7,0.2833333333333333,0.45,0.21666666666666667,0.9500000000000001
Seth Curry,SG,34,11,0.616,15.7,0.1,0.08695652173913043,0.32608695652173914,0.532608695652174,0.9456521739130435
Shaedon Sharpe,SG,21,3,0.551,25.1,0.4,0.6847826086956522,0.8695652173913043,0.44565217391304346,2
Shai Gilgeous-Alexander,PG,26,7,0.637,34.8,8.9,0.016666666666666666,0.9833333333333333,0,1
Shake Milton,SG,28,7,0.563,16.7,0,0.5543478260869565,0.43478260869565216,0.5869565217391305,1.5760869565217392
Simone Fontecchio,SF,29,3,0.544,15.8,-0.3,0.8275862068965517,0.29310344827586204,0.7586206896551724,1.879310344827586
Spencer Dinwiddie,PG,31,11,0.553,17.9,0.2,0.5,0.3333333333333333,0.6666666666666666,1.5
Stephen Curry,PG,36,16,0.618,29.8,4.8,0.06666666666666667,0.9,0.03333333333333333,1
Stephon Castle,PG,20,1,0.522,26,-0.6,0.7833333333333333,0.7666666666666667,0.9,2.45
Steven Adams,C,31,11,0.541,13.6,0.5,0.9180327868852459,0.18032786885245902,0.6065573770491803,1.7049180327868854
T.J. McConnell,PG,32,10,0.547,23.4,1.2,0.5333333333333333,0.65,0.36666666666666664,1.55
Talen Horton-Tucker,SG,24,6,0.567,21.6,-0.1,0.5217391304347826,0.717391304347826,0.6630434782608695,1.902173913043478
Tari Eason,PF,23,3,0.567,19.4,2,0.5846153846153846,0.6307692307692307,0.15384615384615385,1.3692307692307693
Taurean Prince,SF,30,9,0.613,12.5,0.1,0.1206896551724138,0.034482758620689655,0.5517241379310345,0.7068965517241379
Terance Mann,SG,28,6,0.584,14.7,0.2,0.3695652173913043,0.21739130434782608,0.5108695652173914,1.0978260869565217
Terry Rozier,PG,30,10,0.497,20.4,-0.7,0.9166666666666666,0.5333333333333333,0.9166666666666666,2.3666666666666667
Thomas Bryant,C,27,8,0.614,17.1,0.6,0.47540983606557374,0.5245901639344263,0.5737704918032787,1.5737704918032787
Tidjane Salaün,PF,19,1,0.457,15.2,-1,1,0.26153846153846155,0.9692307692307692,2.230769230769231
Tim Hardaway Jr.,SG,32,12,0.567,15.5,0,0.5217391304347826,0.30434782608695654,0.5869565217391305,1.4130434782608696
Tobias Harris,PF,32,14,0.571,17.6,1.2,0.5538461538461539,0.5230769230769231,0.26153846153846155,1.3384615384615386
Toumani Camara,PF,24,2,0.572,14.4,1.2,0.5384615384615384,0.16923076923076924,0.26153846153846155,0.9692307692307691
Trae Young,PG,26,7,0.567,29.6,1.7,0.4,0.8666666666666667,0.21666666666666667,1.4833333333333334
Trayce Jackson-Davis,C,24,2,0.587,17.1,0.8,0.6721311475409836,0.5245901639344263,0.47540983606557374,1.6721311475409837
Tre Jones,PG,25,5,0.617,14.1,0.8,0.08333333333333333,0.13333333333333333,0.4166666666666667,0.6333333333333333
Trendon Watford,PF,24,4,0.557,23.3,-0.3,0.6615384615384615,0.7846153846153846,0.8769230769230769,2.323076923076923
Trey Lyles,PF,29,10,0.551,14.3,0.4,0.7076923076923077,0.13846153846153847,0.6307692307692307,1.476923076923077
Trey Murphy III,SF,24,4,0.598,23.7,1.3,0.29310344827586204,0.8620689655172413,0.1206896551724138,1.2758620689655171
Tristan Da Silva,SF,23,1,0.522,15.2,-0.3,0.8620689655172413,0.20689655172413793,0.7586206896551724,1.8275862068965516
Ty Jerome,SG,27,6,0.643,23.6,2.2,0.021739130434782608,0.7934782608695652,0.10869565217391304,0.9239130434782609
Tyler Herro,SG,25,6,0.605,28,3.5,0.17391304347826086,0.9565217391304348,0.03260869565217391,1.1630434782608696
Tyler Kolek,PG,23,1,0.453,15.8,-0.1,1,0.16666666666666666,0.7833333333333333,1.9500000000000002
Tyrese Haliburton,PG,24,5,0.616,21.6,4.9,0.1,0.5666666666666667,0.016666666666666666,0.6833333333333333
Tyrese Martin,SG,25,2,0.533,18.8,-0.2,0.8369565217391305,0.5978260869565217,0.7934782608695652,2.2282608695652177
Tyrese Maxey,PG,24,5,0.562,29.8,2,0.4666666666666667,0.9,0.18333333333333332,1.55
Tyus Jones,PG,28,10,0.585,16.2,1.1,0.25,0.23333333333333334,0.4,0.8833333333333333
Vasilije Micić,PG,31,2,0.462,19.9,-1,0.9833333333333333,0.5166666666666667,0.9666666666666667,2.466666666666667
Victor Wembanyama,C,21,2,0.594,30.4,3.3,0.6065573770491803,1,0.09836065573770492,1.7049180327868854
Vit Krejci,PG,24,4,0.661,12.9,0.8,0,0.03333333333333333,0.4166666666666667,0.45
Walker Kessler,C,23,3,0.66,13.7,1.7,0.18032786885245902,0.19672131147540983,0.29508196721311475,0.6721311475409836
Wendell Carter Jr.,C,25,7,0.544,16,0.3,0.9016393442622951,0.39344262295081966,0.7049180327868853,2
Yves Missi,C,20,1,0.572,14.3,-0.5,0.7540983606557377,0.26229508196721313,0.9836065573770492,2
Zaccharie Risacher,SF,19,1,0.558,20.9,-0.7,0.6379310344827587,0.7413793103448276,0.9310344827586207,2.310344827586207
Zach Collins,PF,27,7,0.605,17.1,0.5,0.26153846153846155,0.49230769230769234,0.5692307692307692,1.323076923076923
Zach Edey,C,22,1,0.624,16.4,0.7,0.36065573770491804,0.4262295081967213,0.4918032786885246,1.278688524590164
Zach LaVine,SF,29,11,0.639,25.3,1.8,0.017241379310344827,0.9310344827586207,0.08620689655172414,1.0344827586206897
Zeke Nnaji,PF,24,5,0.574,12.2,0.1,0.5230769230769231,0.07692307692307693,0.7230769230769231,1.3230769230769233
Ziaire Williams,SF,23,4,0.55,18.2,-0.1,0.7758620689655172,0.5172413793103449,0.6724137931034483,1.9655172413793105
