PLAYER_ID,PLAYER_NAME,PLAYER_LAST_TEAM_ID,PLAYER_LAST_TEAM_ABBREVIATION,AGE,GP,G,FGA_FREQUENCY,FGM,FGA,FG_PCT,EFG_PCT,FGA_FREQUENCY_percentile,FGA_percentile,EFG_PCT_percentile,sum_percentiles
201935,James Harden,1610612746,LAC,35,79,73,0.154,68,199,0.342,0.42,0.9325842696629213,1,0.5224719101123596,2.455056179775281
1630162,Anthony Edwards,1610612750,MIN,23,79,68,0.096,48,155,0.31,0.377,0.5468164794007491,0.99812734082397,0.3838951310861423,1.9288389513108615
1628369,Jayson Tatum,1610612738,BOS,27,70,64,0.109,51,152,0.336,0.398,0.6853932584269663,0.9962546816479401,0.4419475655430712,2.1235955056179776
1628389,Bam Adebayo,1610612748,MIA,27,77,61,0.13,57,143,0.399,0.448,0.8220973782771536,0.9943820224719101,0.5955056179775281,2.411985018726592
1630224,Jalen Green,1610612745,HOU,23,81,60,0.096,37,137,0.27,0.336,0.5468164794007491,0.9925093632958801,0.26217228464419473,1.801498127340824
2544,LeBron James,1610612747,LAL,40,69,58,0.109,61,136,0.449,0.504,0.6853932584269663,0.9887640449438202,0.797752808988764,2.4719101123595504
1630532,Franz Wagner,1610612753,ORL,23,59,55,0.119,41,136,0.301,0.349,0.7528089887640449,0.9887640449438202,0.29213483146067415,2.033707865168539
203999,Nikola Jokić,1610612743,DEN,30,70,56,0.099,52,135,0.385,0.43,0.5861423220973783,0.9868913857677902,0.548689138576779,2.1217228464419473
1629639,Tyler Herro,1610612748,MIA,25,76,64,0.099,56,134,0.418,0.5,0.5861423220973783,0.9850187265917603,0.7322097378277154,2.303370786516854
1628404,Josh Hart,1610612752,NYK,30,76,54,0.174,56,133,0.421,0.481,0.9625468164794008,0.9812734082397003,0.704119850187266,2.647940074906367
1628983,Shai Gilgeous-Alexander,1610612760,OKC,26,75,63,0.082,48,133,0.361,0.421,0.3838951310861423,0.9812734082397003,0.5262172284644194,1.8913857677902621
1629014,Anfernee Simons,1610612757,POR,25,70,56,0.116,38,131,0.29,0.324,0.7322097378277154,0.9794007490636704,0.2209737827715356,1.9325842696629214
201942,DeMar DeRozan,1610612758,SAC,35,76,62,0.1,36,129,0.279,0.333,0.602996254681648,0.9775280898876404,0.2397003745318352,1.8202247191011234
1628973,Jalen Brunson,1610612752,NYK,28,64,55,0.107,54,126,0.429,0.488,0.6685393258426966,0.9756554307116105,0.7209737827715356,2.365168539325843
1628969,Mikal Bridges,1610612752,NYK,28,81,61,0.107,49,125,0.392,0.452,0.6685393258426966,0.9719101123595506,0.6067415730337079,2.247191011235955
1630595,Cade Cunningham,1610612765,DET,23,69,58,0.087,40,125,0.32,0.348,0.43820224719101125,0.9719101123595506,0.2902621722846442,1.700374531835206
1630202,Payton Pritchard,1610612738,BOS,27,78,59,0.145,43,122,0.352,0.426,0.9082397003745318,0.9700374531835206,0.5374531835205992,2.4157303370786516
1627832,Fred VanVleet,1610612745,HOU,31,60,48,0.158,38,120,0.317,0.396,0.9419475655430711,0.9662921348314607,0.4288389513108614,2.337078651685393
1629027,Trae Young,1610612737,ATL,26,75,55,0.089,31,120,0.258,0.3,0.45880149812734083,0.9662921348314607,0.1704119850187266,1.5955056179775282
1630578,Alperen Sengun,1610612745,HOU,22,75,55,0.105,49,119,0.412,0.416,0.653558052434457,0.9644194756554307,0.5,2.1179775280898876
1626164,Devin Booker,1610612756,PHX,28,75,59,0.083,47,118,0.398,0.436,0.40074906367041196,0.9606741573033708,0.5692883895131086,1.9307116104868913
1641718,Keyonte George,1610612762,UTA,21,66,53,0.13,43,118,0.364,0.449,0.8220973782771536,0.9606741573033708,0.5973782771535581,2.380149812734082
1630178,Tyrese Maxey,1610612755,PHI,24,52,44,0.105,37,115,0.322,0.343,0.653558052434457,0.9588014981273408,0.27715355805243447,1.8895131086142323
1629632,Coby White,1610612741,CHI,25,73,58,0.101,46,112,0.411,0.487,0.6273408239700374,0.9569288389513109,0.7191011235955056,2.303370786516854
1630567,Scottie Barnes,1610612761,TOR,23,64,49,0.106,36,111,0.324,0.342,0.6647940074906367,0.9531835205992509,0.27340823970037453,1.8913857677902621
203471,Dennis Schröder,1610612765,DET,31,73,54,0.137,31,111,0.279,0.329,0.8707865168539326,0.9531835205992509,0.2340823970037453,2.0580524344569286
1630553,Keon Johnson,1610612751,BKN,23,78,58,0.142,39,110,0.355,0.423,0.8913857677902621,0.949438202247191,0.5299625468164794,2.3707865168539324
1630559,Austin Reaves,1610612747,LAL,26,72,57,0.107,32,110,0.291,0.364,0.6685393258426966,0.949438202247191,0.33146067415730335,1.949438202247191
1628384,OG Anunoby,1610612752,NYK,27,73,53,0.104,44,105,0.419,0.467,0.6441947565543071,0.947565543071161,0.6647940074906367,2.256554307116105
1627750,Jamal Murray,1610612743,DEN,28,67,49,0.093,35,103,0.34,0.388,0.5149812734082397,0.9456928838951311,0.41198501872659177,1.8726591760299627
1630169,Tyrese Haliburton,1610612754,IND,25,73,57,0.1,36,101,0.356,0.421,0.602996254681648,0.9419475655430711,0.5262172284644194,2.0711610486891385
1628378,Donovan Mitchell,1610612739,CLE,28,71,51,0.077,32,101,0.317,0.396,0.32771535580524347,0.9419475655430711,0.4288389513108614,1.698501872659176
1641764,Brandin Podziemski,1610612744,GSW,22,64,50,0.157,30,99,0.303,0.343,0.9400749063670412,0.9400749063670412,0.27715355805243447,2.157303370786517
201142,Kevin Durant,1610612756,PHX,36,62,46,0.087,49,98,0.5,0.566,0.43820224719101125,0.9382022471910112,0.8726591760299626,2.249063670411985
203897,Zach LaVine,1610612758,SAC,30,74,60,0.079,34,97,0.351,0.418,0.36142322097378277,0.9344569288389513,0.5131086142322098,1.808988764044944
203915,Spencer Dinwiddie,1610612742,DAL,32,79,53,0.142,31,97,0.32,0.376,0.8913857677902621,0.9344569288389513,0.38202247191011235,2.2078651685393256
1627783,Pascal Siakam,1610612754,IND,31,77,56,0.083,36,96,0.375,0.438,0.40074906367041196,0.9307116104868914,0.5711610486891385,1.902621722846442
203076,Anthony Davis,1610612742,DAL,32,51,45,0.105,31,96,0.323,0.333,0.653558052434457,0.9307116104868914,0.2397003745318352,1.8239700374531835
1629012,Collin Sexton,1610612762,UTA,26,62,48,0.109,46,93,0.495,0.581,0.6853932584269663,0.9288389513108615,0.8932584269662921,2.50749063670412
1630230,Naji Marshall,1610612742,DAL,27,69,48,0.129,37,92,0.402,0.457,0.8146067415730337,0.9269662921348315,0.6292134831460674,2.370786516853933
1642264,Stephon Castle,1610612759,SAS,20,81,55,0.092,32,91,0.352,0.412,0.5037453183520599,0.9213483146067416,0.4887640449438202,1.9138576779026217
1631094,Paolo Banchero,1610612753,ORL,22,45,41,0.102,29,91,0.319,0.379,0.6310861423220974,0.9213483146067416,0.3913857677902622,1.9438202247191012
1627759,Jaylen Brown,1610612738,BOS,28,61,42,0.085,28,91,0.308,0.335,0.41760299625468167,0.9213483146067416,0.25842696629213485,1.597378277153558
203078,Bradley Beal,1610612756,PHX,31,53,42,0.13,39,90,0.433,0.494,0.8220973782771536,0.9194756554307116,0.7303370786516854,2.4719101123595504
1628368,De'Aaron Fox,1610612759,SAS,27,61,44,0.076,32,88,0.364,0.42,0.31273408239700373,0.9157303370786517,0.5224719101123596,1.750936329588015
1630170,Devin Vassell,1610612759,SAS,24,64,50,0.099,25,88,0.284,0.335,0.5861423220973783,0.9157303370786517,0.25842696629213485,1.7602996254681647
1626157,Karl-Anthony Towns,1610612752,NYK,29,71,52,0.072,39,87,0.448,0.471,0.26591760299625467,0.9119850187265918,0.6779026217228464,1.855805243445693
203944,Julius Randle,1610612750,MIN,30,69,52,0.093,34,87,0.391,0.443,0.5149812734082397,0.9119850187265918,0.5823970037453183,2.00936329588015
1627736,Malik Beasley,1610612765,DET,28,81,54,0.082,29,86,0.337,0.459,0.3838951310861423,0.9101123595505618,0.6423220973782772,1.9363295880149813
1629630,Ja Morant,1610612763,MEM,25,49,41,0.098,31,85,0.365,0.412,0.5655430711610487,0.9063670411985019,0.4887640449438202,1.9606741573033708
1631097,Bennedict Mathurin,1610612754,IND,22,71,49,0.102,27,85,0.318,0.353,0.6310861423220974,0.9063670411985019,0.3052434456928839,1.8426966292134832
1628415,Dillon Brooks,1610612745,HOU,29,74,51,0.095,24,84,0.286,0.333,0.5355805243445693,0.9026217228464419,0.2397003745318352,1.6779026217228463
1628970,Miles Bridges,1610612766,CHA,27,63,41,0.079,22,84,0.262,0.321,0.36142322097378277,0.9026217228464419,0.21348314606741572,1.4775280898876406
1630540,Miles McBride,1610612752,NYK,24,63,46,0.155,22,83,0.265,0.337,0.9382022471910112,0.900749063670412,0.2640449438202247,2.102996254681648
1629661,Cameron Johnson,1610612751,BKN,29,57,39,0.11,28,82,0.341,0.396,0.6985018726591761,0.898876404494382,0.4288389513108614,2.0262172284644193
1626145,Tyus Jones,1610612756,PHX,28,81,50,0.117,34,80,0.425,0.5,0.7378277153558053,0.8913857677902621,0.7322097378277154,2.3614232209737827
1630592,Jalen Wilson,1610612751,BKN,24,78,46,0.13,31,80,0.388,0.469,0.8220973782771536,0.8913857677902621,0.6722846441947565,2.385767790262172
1628401,Derrick White,1610612738,BOS,30,74,45,0.086,29,80,0.363,0.481,0.4288389513108614,0.8913857677902621,0.704119850187266,2.0243445692883895
1626220,Royce O'Neale,1610612756,PHX,31,75,46,0.14,23,80,0.288,0.388,0.8801498127340824,0.8913857677902621,0.41198501872659177,2.1835205992509366
1629645,Kevin Porter Jr.,1610612749,MIL,24,73,48,0.126,18,79,0.228,0.253,0.797752808988764,0.8895131086142322,0.13670411985018727,1.8239700374531835
203468,CJ McCollum,1610612740,NOP,33,55,43,0.079,30,78,0.385,0.449,0.36142322097378277,0.8857677902621723,0.5973782771535581,1.8445692883895133
1641710,Anthony Black,1610612753,ORL,21,77,48,0.127,27,78,0.346,0.385,0.8033707865168539,0.8857677902621723,0.40636704119850187,2.095505617977528
1629029,Luka Dončić,1610612747,LAL,26,49,39,0.077,29,77,0.377,0.468,0.32771535580524347,0.8820224719101124,0.6685393258426966,1.8782771535580525
1629640,Keldon Johnson,1610612759,SAS,25,77,45,0.1,23,77,0.299,0.357,0.602996254681648,0.8820224719101124,0.31835205992509363,1.803370786516854
203081,Damian Lillard,1610612749,MIL,34,57,43,0.077,25,75,0.333,0.407,0.32771535580524347,0.8782771535580525,0.47191011235955055,1.6779026217228465
1628370,Malik Monk,1610612758,SAC,27,64,44,0.081,23,75,0.307,0.38,0.37640449438202245,0.8782771535580525,0.39325842696629215,1.647940074906367
202685,Jonas Valančiūnas,1610612758,SAC,32,81,49,0.118,40,74,0.541,0.547,0.7434456928838952,0.8707865168539326,0.848314606741573,2.462546816479401
1626162,Kelly Oubre Jr.,1610612755,PHI,29,60,42,0.1,28,74,0.378,0.399,0.602996254681648,0.8707865168539326,0.4438202247191011,1.917602996254682
202699,Tobias Harris,1610612765,DET,32,72,45,0.093,23,74,0.311,0.351,0.5149812734082397,0.8707865168539326,0.30337078651685395,1.6891385767790263
1641741,Ricky Council IV,1610612755,PHI,23,73,45,0.16,21,74,0.284,0.358,0.9438202247191011,0.8707865168539326,0.3258426966292135,2.140449438202247
1630183,Jaden McDaniels,1610612750,MIN,24,82,43,0.088,26,73,0.356,0.411,0.44756554307116103,0.8651685393258427,0.4850187265917603,1.797752808988764
1628374,Lauri Markkanen,1610612762,UTA,27,46,33,0.107,24,73,0.329,0.404,0.6685393258426966,0.8651685393258427,0.4606741573033708,1.99438202247191
1630530,Trey Murphy III,1610612740,NOP,24,52,37,0.088,21,73,0.288,0.356,0.44756554307116103,0.8651685393258427,0.3146067415730337,1.6273408239700373
1630541,Moses Moody,1610612744,GSW,22,72,47,0.132,34,72,0.472,0.563,0.8426966292134831,0.8576779026217228,0.8670411985018727,2.5674157303370784
1641708,Amen Thompson,1610612745,HOU,22,68,42,0.105,33,72,0.458,0.486,0.653558052434457,0.8576779026217228,0.7172284644194756,2.2284644194756553
203952,Andrew Wiggins,1610612748,MIA,30,58,32,0.09,30,72,0.417,0.514,0.4794007490636704,0.8576779026217228,0.8033707865168539,2.140449438202247
1631101,Shaedon Sharpe,1610612757,POR,21,72,45,0.065,29,72,0.403,0.479,0.19288389513108614,0.8576779026217228,0.6947565543071161,1.7453183520599251
1629651,Nic Claxton,1610612751,BKN,25,69,42,0.126,30,71,0.423,0.423,0.797752808988764,0.8520599250936329,0.5299625468164794,2.1797752808988764
1627824,Guerschon Yabusele,1610612755,PHI,29,70,39,0.126,28,71,0.394,0.43,0.797752808988764,0.8520599250936329,0.548689138576779,2.198501872659176
1626181,Norman Powell,1610612746,LAC,31,60,42,0.075,22,71,0.31,0.366,0.2958801498127341,0.8520599250936329,0.34831460674157305,1.49625468164794
203507,Giannis Antetokounmpo,1610612749,MIL,30,66,43,0.054,31,70,0.443,0.443,0.08801498127340825,0.8445692883895131,0.5823970037453183,1.5149812734082397
201572,Brook Lopez,1610612749,MIL,37,79,44,0.091,29,70,0.414,0.457,0.4868913857677903,0.8445692883895131,0.6292134831460674,1.9606741573033708
201939,Stephen Curry,1610612744,GSW,37,68,43,0.057,24,70,0.343,0.479,0.11610486891385768,0.8445692883895131,0.6947565543071161,1.655430711610487
1630558,Davion Mitchell,1610612748,MIA,26,73,39,0.149,23,70,0.329,0.4,0.9194756554307116,0.8445692883895131,0.44569288389513106,2.209737827715356
202681,Kyrie Irving,1610612742,DAL,33,50,35,0.072,28,68,0.412,0.485,0.26591760299625467,0.8408239700374532,0.7153558052434457,1.8220973782771537
1629628,RJ Barrett,1610612761,TOR,24,57,39,0.071,25,68,0.368,0.419,0.25280898876404495,0.8408239700374532,0.5149812734082397,1.6086142322097379
202710,Jimmy Butler III,1610612744,GSW,35,54,35,0.116,19,67,0.284,0.313,0.7322097378277154,0.8389513108614233,0.19101123595505617,1.7621722846441947
1631114,Jalen Williams,1610612760,OKC,24,68,48,0.057,28,66,0.424,0.47,0.11610486891385768,0.8333333333333334,0.6760299625468165,1.6254681647940075
1642346,Ryan Dunn,1610612756,PHX,22,74,40,0.139,23,66,0.348,0.409,0.8764044943820225,0.8333333333333334,0.4737827715355805,2.1835205992509366
1627741,Buddy Hield,1610612744,GSW,32,80,42,0.086,19,66,0.288,0.364,0.4288389513108614,0.8333333333333334,0.33146067415730335,1.5936329588014981
1628960,Grayson Allen,1610612756,PHX,29,64,35,0.133,32,65,0.492,0.669,0.8520599250936329,0.8295880149812734,0.9438202247191011,2.6254681647940075
1642267,Bub Carrington,1610612764,WAS,19,81,45,0.088,21,65,0.323,0.438,0.44756554307116103,0.8295880149812734,0.5711610486891385,1.848314606741573
203084,Harrison Barnes,1610612759,SAS,32,82,41,0.094,29,64,0.453,0.586,0.5299625468164794,0.8183520599250936,0.897003745318352,2.245318352059925
1630596,Evan Mobley,1610612739,CLE,23,71,44,0.071,28,64,0.438,0.461,0.25280898876404495,0.8183520599250936,0.6479400749063671,1.7191011235955056
1629675,Naz Reid,1610612750,MIN,25,80,45,0.069,24,64,0.375,0.438,0.2303370786516854,0.8183520599250936,0.5711610486891385,1.6198501872659175
1631108,Max Christie,1610612742,DAL,22,78,47,0.109,23,64,0.359,0.453,0.6853932584269663,0.8183520599250936,0.6123595505617978,2.1161048689138577
1630631,Jose Alvarado,1610612740,NOP,27,55,38,0.127,22,64,0.344,0.445,0.8033707865168539,0.8183520599250936,0.5917602996254682,2.2134831460674156
1630175,Cole Anthony,1610612753,ORL,24,66,36,0.121,20,64,0.313,0.391,0.7621722846441947,0.8183520599250936,0.42134831460674155,2.00187265917603
1631099,Keegan Murray,1610612758,SAC,24,75,43,0.078,25,63,0.397,0.468,0.350187265917603,0.8089887640449438,0.6685393258426966,1.8277153558052435
1630700,Dyson Daniels,1610612737,ATL,22,75,43,0.069,21,63,0.333,0.357,0.2303370786516854,0.8089887640449438,0.31835205992509363,1.357677902621723
1628398,Kyle Kuzma,1610612749,MIL,29,64,39,0.075,17,63,0.27,0.349,0.2958801498127341,0.8089887640449438,0.29213483146067415,1.3970037453183521
1628991,Jaren Jackson Jr.,1610612763,MEM,25,73,41,0.053,15,63,0.238,0.278,0.0749063670411985,0.8089887640449438,0.15168539325842698,1.0355805243445693
1629638,Nickeil Alexander-Walker,1610612750,MIN,26,82,46,0.102,15,63,0.238,0.278,0.6310861423220974,0.8089887640449438,0.15168539325842698,1.591760299625468
204456,T.J. McConnell,1610612754,IND,33,78,45,0.099,25,62,0.403,0.419,0.5861423220973783,0.8033707865168539,0.5149812734082397,1.904494382022472
1629008,Michael Porter Jr.,1610612743,DEN,26,77,41,0.06,25,62,0.403,0.46,0.14794007490636704,0.8033707865168539,0.6460674157303371,1.597378277153558
1630625,Dalano Banton,1610612757,POR,25,67,36,0.122,21,62,0.339,0.411,0.7677902621722846,0.8033707865168539,0.4850187265917603,2.056179775280899
1627734,Domantas Sabonis,1610612758,SAC,28,69,41,0.069,29,61,0.475,0.525,0.2303370786516854,0.7940074906367042,0.8127340823970037,1.8370786516853932
202695,Kawhi Leonard,1610612746,LAC,33,37,27,0.098,27,61,0.443,0.541,0.5655430711610487,0.7940074906367042,0.8370786516853933,2.196629213483146
203484,Kentavious Caldwell-Pope,1610612753,ORL,32,76,40,0.114,24,61,0.393,0.475,0.7247191011235955,0.7940074906367042,0.6872659176029963,2.2059925093632957
1642261,Dalton Knecht,1610612747,LAL,23,77,37,0.111,22,61,0.361,0.443,0.7078651685393258,0.7940074906367042,0.5823970037453183,2.084269662921348
1630703,Scoot Henderson,1610612757,POR,21,66,45,0.089,13,61,0.213,0.262,0.45880149812734083,0.7940074906367042,0.1404494382022472,1.3932584269662922
1631110,Jeremy Sochan,1610612759,SAS,21,54,35,0.128,26,60,0.433,0.483,0.8108614232209738,0.7790262172284644,0.7097378277153558,2.299625468164794
1630217,Desmond Bane,1610612763,MEM,26,68,41,0.06,25,60,0.417,0.492,0.14794007490636704,0.7790262172284644,0.7284644194756554,1.655430711610487
1629636,Darius Garland,1610612739,CLE,25,75,40,0.051,22,60,0.367,0.433,0.07116104868913857,0.7790262172284644,0.5580524344569289,1.4082397003745317
1631165,Keon Ellis,1610612758,SAC,25,79,39,0.13,22,60,0.367,0.45,0.8220973782771536,0.7790262172284644,0.602996254681648,2.204119850187266
1641705,Victor Wembanyama,1610612759,SAS,21,46,36,0.07,19,60,0.317,0.358,0.24157303370786518,0.7790262172284644,0.3258426966292135,1.346441947565543
1630166,Deni Avdija,1610612757,POR,24,72,42,0.071,19,60,0.317,0.392,0.25280898876404495,0.7790262172284644,0.4232209737827715,1.4550561797752808
1631213,Tyrese Martin,1610612751,BKN,26,59,39,0.13,16,60,0.267,0.317,0.8220973782771536,0.7790262172284644,0.20786516853932585,1.8089887640449438
203903,Jordan Clarkson,1610612762,UTA,32,37,30,0.122,15,60,0.25,0.317,0.7677902621722846,0.7790262172284644,0.20786516853932585,1.7546816479400749
1641733,Nick Smith Jr.,1610612766,CHA,20,59,33,0.107,22,59,0.373,0.432,0.6685393258426966,0.7734082397003745,0.5543071161048689,1.99625468164794
1630163,LaMelo Ball,1610612766,CHA,23,47,32,0.059,20,59,0.339,0.415,0.13295880149812733,0.7734082397003745,0.49812734082397003,1.404494382022472
1642268,Isaiah Collier,1610612762,UTA,20,70,40,0.108,15,59,0.254,0.28,0.6779026217228464,0.7734082397003745,0.15543071161048688,1.606741573033708
1627826,Ivica Zubac,1610612746,LAC,28,80,35,0.062,36,58,0.621,0.621,0.16666666666666666,0.7621722846441947,0.9119850187265918,1.8408239700374531
1629631,De'Andre Hunter,1610612739,CLE,27,64,39,0.076,24,58,0.414,0.466,0.31273408239700373,0.7621722846441947,0.6629213483146067,1.737827715355805
1629656,Quentin Grimes,1610612755,PHI,24,75,36,0.07,22,58,0.379,0.491,0.24157303370786518,0.7621722846441947,0.7247191011235955,1.7284644194756553
202696,Nikola Vučević,1610612741,CHI,34,73,42,0.056,20,58,0.345,0.397,0.10299625468164794,0.7621722846441947,0.4363295880149813,1.301498127340824
1630228,Jonathan Kuminga,1610612744,GSW,22,47,35,0.102,17,58,0.293,0.31,0.6310861423220974,0.7621722846441947,0.1853932584269663,1.5786516853932584
1626179,Terry Rozier,1610612748,MIA,31,63,36,0.093,13,58,0.224,0.276,0.5149812734082397,0.7621722846441947,0.14794007490636704,1.4250936329588015
1630168,Onyeka Okongwu,1610612737,ATL,24,73,42,0.085,26,57,0.456,0.491,0.41760299625468167,0.7509363295880149,0.7247191011235955,1.893258426966292
1626167,Myles Turner,1610612754,IND,29,71,32,0.071,25,57,0.439,0.5,0.25280898876404495,0.7509363295880149,0.7322097378277154,1.7359550561797752
1630560,Cam Thomas,1610612751,BKN,23,24,21,0.131,22,57,0.386,0.474,0.8389513108614233,0.7509363295880149,0.6816479400749064,2.2715355805243447
1626171,Bobby Portis,1610612749,MIL,30,49,34,0.096,20,57,0.351,0.377,0.5468164794007491,0.7509363295880149,0.3838951310861423,1.6816479400749063
1630167,Obi Toppin,1610612754,IND,27,78,38,0.096,18,57,0.316,0.377,0.5468164794007491,0.7509363295880149,0.3838951310861423,1.6816479400749063
1630591,Jalen Suggs,1610612753,ORL,23,35,30,0.119,14,57,0.246,0.289,0.7528089887640449,0.7509363295880149,0.16104868913857678,1.6647940074906364
1627747,Caris LeVert,1610612737,ATL,30,63,37,0.096,28,56,0.5,0.58,0.5468164794007491,0.7453183520599251,0.8913857677902621,2.1835205992509366
1628978,Donte DiVincenzo,1610612750,MIN,28,62,37,0.094,22,56,0.393,0.5,0.5299625468164794,0.7453183520599251,0.7322097378277154,2.00749063670412
1641739,Toumani Camara,1610612757,POR,24,78,35,0.078,18,56,0.321,0.384,0.350187265917603,0.7453183520599251,0.4044943820224719,1.5
1629660,Ty Jerome,1610612739,CLE,27,70,39,0.089,24,55,0.436,0.5,0.45880149812734083,0.7378277153558053,0.7322097378277154,1.9288389513108615
1626156,D'Angelo Russell,1610612751,BKN,29,57,37,0.089,17,55,0.309,0.427,0.45880149812734083,0.7378277153558053,0.5449438202247191,1.7415730337078652
201144,Mike Conley,1610612750,MIN,37,71,38,0.118,15,55,0.273,0.373,0.7434456928838952,0.7378277153558053,0.3651685393258427,1.8464419475655434
1629673,Jordan Poole,1610612764,WAS,25,67,41,0.053,15,55,0.273,0.382,0.0749063670411985,0.7378277153558053,0.40074906367041196,1.2134831460674156
1629611,Terance Mann,1610612737,ATL,28,65,39,0.137,20,54,0.37,0.435,0.8707865168539326,0.7303370786516854,0.5636704119850188,2.1647940074906367
1630581,Josh Giddey,1610612741,CHI,22,69,38,0.07,19,54,0.352,0.435,0.24157303370786518,0.7303370786516854,0.5636704119850188,1.5355805243445695
1629614,Andrew Nembhard,1610612754,IND,25,64,37,0.102,19,54,0.352,0.426,0.6310861423220974,0.7303370786516854,0.5374531835205992,1.898876404494382
1627749,Dejounte Murray,1610612740,NOP,28,31,27,0.11,15,54,0.278,0.324,0.6985018726591761,0.7303370786516854,0.2209737827715356,1.6498127340823971
1629216,Gabe Vincent,1610612747,LAL,28,71,39,0.127,17,53,0.321,0.434,0.8033707865168539,0.7265917602996255,0.5617977528089888,2.0917602996254683
1631170,Jaime Jaquez Jr.,1610612748,MIA,24,65,34,0.115,15,53,0.283,0.321,0.7265917602996255,0.7265917602996255,0.21348314606741572,1.6666666666666667
1631128,Christian Braun,1610612743,DEN,23,79,36,0.064,20,52,0.385,0.442,0.1853932584269663,0.7191011235955056,0.5786516853932584,1.4831460674157304
101108,Chris Paul,1610612759,SAS,39,82,37,0.089,19,52,0.365,0.481,0.45880149812734083,0.7191011235955056,0.704119850187266,1.8820224719101124
1630598,Aaron Wiggins,1610612760,OKC,26,75,33,0.072,16,52,0.308,0.356,0.26591760299625467,0.7191011235955056,0.3146067415730337,1.2996254681647939
1641731,Bilal Coulibaly,1610612764,WAS,20,58,33,0.085,14,52,0.269,0.308,0.41760299625468167,0.7191011235955056,0.1797752808988764,1.3164794007490637
1631093,Jaden Ivey,1610612765,DET,23,30,25,0.121,24,50,0.48,0.59,0.7621722846441947,0.7134831460674157,0.898876404494382,2.3745318352059925
1631106,Tari Eason,1610612745,HOU,23,56,34,0.091,17,50,0.34,0.37,0.4868913857677903,0.7134831460674157,0.36142322097378277,1.5617977528089888
201566,Russell Westbrook,1610612743,DEN,36,75,34,0.061,15,50,0.3,0.34,0.15917602996254682,0.7134831460674157,0.2696629213483146,1.142322097378277
1629599,Amir Coffey,1610612746,LAC,27,71,36,0.099,21,49,0.429,0.541,0.5861423220973783,0.7059925093632958,0.8370786516853933,2.129213483146067
203937,Kyle Anderson,1610612748,MIA,31,61,29,0.163,14,49,0.286,0.296,0.951310861423221,0.7059925093632958,0.16666666666666666,1.8239700374531835
1630215,Jared Butler,1610612755,PHI,24,60,30,0.108,14,49,0.286,0.316,0.6779026217228464,0.7059925093632958,0.20599250936329588,1.5898876404494382
1629130,Duncan Robinson,1610612748,MIA,30,73,36,0.076,13,49,0.265,0.367,0.31273408239700373,0.7059925093632958,0.350187265917603,1.3689138576779025
1642271,Kyle Filipowski,1610612762,UTA,21,71,31,0.093,28,48,0.583,0.698,0.5149812734082397,0.700374531835206,0.9456928838951311,2.161048689138577
1628998,Cody Martin,1610612756,PHX,29,53,33,0.148,16,48,0.333,0.385,0.9138576779026217,0.700374531835206,0.40636704119850187,2.0205992509363297
1627742,Brandon Ingram,1610612761,TOR,27,18,18,0.144,15,48,0.313,0.354,0.9044943820224719,0.700374531835206,0.3089887640449438,1.9138576779026217
1629312,Haywood Highsmith,1610612748,MIA,28,73,33,0.122,19,47,0.404,0.489,0.7677902621722846,0.6928838951310862,0.7228464419475655,2.1835205992509366
1627884,Derrick Jones Jr.,1610612746,LAC,28,76,33,0.083,17,47,0.362,0.426,0.40074906367041196,0.6928838951310862,0.5374531835205992,1.6310861423220975
1629018,Gary Trent Jr.,1610612749,MIL,26,74,32,0.072,11,47,0.234,0.33,0.26591760299625467,0.6928838951310862,0.23782771535580524,1.196629213483146
1630533,Ziaire Williams,1610612751,BKN,23,62,33,0.092,9,47,0.191,0.234,0.5037453183520599,0.6928838951310862,0.1104868913857678,1.3071161048689137
203552,Seth Curry,1610612766,CHA,34,68,31,0.134,20,46,0.435,0.511,0.8614232209737828,0.6853932584269663,0.799625468164794,2.346441947565543
1627752,Taurean Prince,1610612749,MIL,31,79,33,0.091,19,46,0.413,0.5,0.4868913857677903,0.6853932584269663,0.7322097378277154,1.904494382022472
1630527,Brandon Boston,1610612740,NOP,23,42,27,0.121,15,46,0.326,0.38,0.7621722846441947,0.6853932584269663,0.39325842696629215,1.8408239700374531
1641730,Noah Clowney,1610612751,BKN,20,45,28,0.125,12,46,0.261,0.315,0.7940074906367042,0.6853932584269663,0.20037453183520598,1.6797752808988764
1641824,Matas Buzelis,1610612741,CHI,20,79,33,0.082,17,45,0.378,0.456,0.3838951310861423,0.6760299625468165,0.6273408239700374,1.6872659176029963
201950,Jrue Holiday,1610612738,BOS,34,61,29,0.081,15,45,0.333,0.378,0.37640449438202245,0.6760299625468165,0.3895131086142322,1.4419475655430711
1642347,Jamal Shead,1610612761,TOR,22,74,29,0.092,15,45,0.333,0.4,0.5037453183520599,0.6760299625468165,0.44569288389513106,1.6254681647940075
1630590,Scotty Pippen Jr.,1610612763,MEM,24,78,34,0.076,14,45,0.311,0.344,0.31273408239700373,0.6760299625468165,0.2808988764044944,1.2696629213483146
1641706,Brandon Miller,1610612766,CHA,22,27,24,0.092,11,45,0.244,0.311,0.5037453183520599,0.6760299625468165,0.1891385767790262,1.3689138576779025
1630549,Day'Ron Sharpe,1610612751,BKN,23,49,29,0.14,22,44,0.5,0.523,0.8801498127340824,0.6666666666666666,0.8089887640449438,2.355805243445693
1642274,Yves Missi,1610612740,NOP,20,72,36,0.091,21,44,0.477,0.477,0.4868913857677903,0.6666666666666666,0.6891385767790262,1.8426966292134832
1630583,Santi Aldama,1610612763,MEM,24,64,33,0.069,15,44,0.341,0.409,0.2303370786516854,0.6666666666666666,0.4737827715355805,1.3707865168539326
1628989,Kevin Huerter,1610612741,CHI,26,67,26,0.075,15,44,0.341,0.409,0.2958801498127341,0.6666666666666666,0.4737827715355805,1.4363295880149811
1630552,Jalen Johnson,1610612737,ATL,23,36,28,0.082,15,44,0.341,0.364,0.3838951310861423,0.6666666666666666,0.33146067415730335,1.3820224719101124
1628449,Chris Boucher,1610612761,TOR,32,50,30,0.117,21,43,0.488,0.57,0.7378277153558053,0.653558052434457,0.8764044943820225,2.2677902621722845
1629060,Rui Hachimura,1610612747,LAL,27,59,27,0.075,19,43,0.442,0.547,0.2958801498127341,0.653558052434457,0.848314606741573,1.797752808988764
202331,Paul George,1610612755,PHI,34,41,24,0.075,16,43,0.372,0.465,0.2958801498127341,0.653558052434457,0.6610486891385767,1.6104868913857677
1630198,Isaiah Joe,1610612760,OKC,25,74,39,0.073,16,43,0.372,0.477,0.28277153558052437,0.653558052434457,0.6891385767790262,1.6254681647940075
1642377,Jaylen Wells,1610612763,MEM,21,78,34,0.064,15,43,0.349,0.43,0.1853932584269663,0.653558052434457,0.548689138576779,1.3876404494382024
1630172,Patrick Williams,1610612741,CHI,23,63,32,0.083,14,43,0.326,0.442,0.40074906367041196,0.653558052434457,0.5786516853932584,1.6329588014981273
1630548,Johnny Juzang,1610612762,UTA,24,64,33,0.091,12,43,0.279,0.349,0.4868913857677903,0.653558052434457,0.29213483146067415,1.4325842696629214
1641783,Tristan da Silva,1610612753,ORL,23,73,29,0.088,17,42,0.405,0.548,0.44756554307116103,0.6385767790262172,0.8520599250936329,1.9382022471910112
1627827,Dorian Finney-Smith,1610612747,LAL,31,62,30,0.098,15,42,0.357,0.405,0.5655430711610487,0.6385767790262172,0.46441947565543074,1.6685393258426966
1630570,Trendon Watford,1610612751,BKN,24,43,23,0.124,13,42,0.31,0.345,0.7902621722846442,0.6385767790262172,0.28277153558052437,1.7116104868913857
1641722,Jordan Hawkins,1610612740,NOP,22,55,32,0.077,13,42,0.31,0.393,0.32771535580524347,0.6385767790262172,0.4250936329588015,1.3913857677902621
1631260,AJ Green,1610612749,MIL,25,72,31,0.1,12,42,0.286,0.405,0.602996254681648,0.6385767790262172,0.46441947565543074,1.705992509363296
1630193,Immanuel Quickley,1610612761,TOR,25,33,23,0.096,11,42,0.262,0.298,0.5468164794007491,0.6385767790262172,0.16853932584269662,1.353932584269663
203501,Tim Hardaway Jr.,1610612765,DET,33,76,31,0.063,10,42,0.238,0.321,0.17415730337078653,0.6385767790262172,0.21348314606741572,1.0262172284644195
1641729,Brice Sensabaugh,1610612762,UTA,21,71,28,0.07,8,42,0.19,0.226,0.24157303370786518,0.6385767790262172,0.10674157303370786,0.9868913857677903
1627751,Jakob Poeltl,1610612761,TOR,29,56,31,0.072,19,41,0.463,0.463,0.26591760299625467,0.6348314606741573,0.6554307116104869,1.5561797752808988
1641842,Ronald Holland II,1610612765,DET,19,80,30,0.1,12,41,0.293,0.341,0.602996254681648,0.6348314606741573,0.27153558052434457,1.5093632958801497
1628997,Caleb Martin,1610612742,DAL,29,45,25,0.132,15,40,0.375,0.413,0.8426966292134831,0.6310861423220974,0.49625468164794007,1.9700374531835205
203110,Draymond Green,1610612744,GSW,35,67,26,0.08,12,40,0.3,0.338,0.37265917602996257,0.6310861423220974,0.26591760299625467,1.2696629213483146
1629003,Shake Milton,1610612747,LAL,28,57,27,0.154,18,39,0.462,0.513,0.9325842696629213,0.6198501872659176,0.8014981273408239,2.353932584269663
1627739,Kris Dunn,1610612746,LAC,31,74,29,0.089,16,39,0.41,0.474,0.45880149812734083,0.6198501872659176,0.6816479400749064,1.7602996254681647
203924,Jerami Grant,1610612757,POR,31,47,27,0.068,15,39,0.385,0.449,0.2209737827715356,0.6198501872659176,0.5973782771535581,1.4382022471910112
1629023,P.J. Washington,1610612742,DAL,26,57,30,0.059,14,39,0.359,0.462,0.13295880149812733,0.6198501872659176,0.649812734082397,1.402621722846442
202691,Klay Thompson,1610612742,DAL,35,72,30,0.044,14,39,0.359,0.462,0.05056179775280899,0.6198501872659176,0.649812734082397,1.3202247191011236
1630577,Julian Champagnie,1610612759,SAS,23,82,31,0.059,12,39,0.308,0.397,0.13295880149812733,0.6198501872659176,0.4363295880149813,1.1891385767790261
1629048,Goga Bitadze,1610612753,ORL,25,69,26,0.112,22,38,0.579,0.579,0.7228464419475655,0.6104868913857678,0.8857677902621723,2.2191011235955056
1642276,Kel'el Ware,1610612748,MIA,20,63,29,0.083,16,38,0.421,0.447,0.40074906367041196,0.6104868913857678,0.5936329588014981,1.604868913857678
1628976,Wendell Carter Jr.,1610612753,ORL,25,67,29,0.079,12,38,0.316,0.355,0.36142322097378277,0.6104868913857678,0.31273408239700373,1.2846441947565543
1626172,Kevon Looney,1610612744,GSW,29,74,28,0.14,12,38,0.316,0.329,0.8801498127340824,0.6104868913857678,0.2340823970037453,1.7247191011235956
1630557,Corey Kispert,1610612764,WAS,26,60,25,0.068,9,38,0.237,0.276,0.2209737827715356,0.6104868913857678,0.14794007490636704,0.9794007490636705
1631222,Jake LaRavia,1610612758,SAC,23,66,25,0.11,18,37,0.486,0.622,0.6985018726591761,0.5917602996254682,0.9138576779026217,2.204119850187266
1641709,Ausar Thompson,1610612765,DET,22,58,26,0.081,15,37,0.405,0.419,0.37640449438202245,0.5917602996254682,0.5149812734082397,1.4831460674157304
1631095,Jabari Smith Jr.,1610612745,HOU,21,56,28,0.066,15,37,0.405,0.459,0.20037453183520598,0.5917602996254682,0.6423220973782772,1.4344569288389515
1631107,Nikola Jović,1610612748,MIA,21,46,27,0.098,15,37,0.405,0.541,0.5655430711610487,0.5917602996254682,0.8370786516853933,1.99438202247191
1642275,Tidjane Salaün,1610612766,CHA,19,59,27,0.11,14,37,0.378,0.5,0.6985018726591761,0.5917602996254682,0.7322097378277154,2.0224719101123596
1628418,Thomas Bryant,1610612754,IND,27,65,26,0.118,13,37,0.351,0.419,0.7434456928838952,0.5917602996254682,0.5149812734082397,1.850187265917603
202709,Cory Joseph,1610612753,ORL,33,50,22,0.24,11,37,0.297,0.365,0.9850187265917603,0.5917602996254682,0.3445692883895131,1.9213483146067416
1641711,Gradey Dick,1610612761,TOR,21,54,27,0.057,11,37,0.297,0.338,0.11610486891385768,0.5917602996254682,0.26591760299625467,0.9737827715355805
1642354,KJ Simpson,1610612766,CHA,22,36,23,0.123,10,37,0.27,0.324,0.7827715355805244,0.5917602996254682,0.2209737827715356,1.5955056179775282
1642259,Alex Sarr,1610612764,WAS,19,66,27,0.046,7,37,0.189,0.23,0.056179775280898875,0.5917602996254682,0.10861423220973783,0.7565543071161049
1641716,Jarace Walker,1610612754,IND,21,74,27,0.1,15,36,0.417,0.528,0.602996254681648,0.5786516853932584,0.8164794007490637,1.99812734082397
1627777,Georges Niang,1610612737,ATL,31,78,30,0.059,15,36,0.417,0.528,0.13295880149812733,0.5786516853932584,0.8164794007490637,1.5280898876404494
1630173,Precious Achiuwa,1610612752,NYK,25,56,25,0.111,14,36,0.389,0.389,0.7078651685393258,0.5786516853932584,0.4157303370786517,1.702247191011236
1629652,Luguentz Dort,1610612760,OKC,25,70,24,0.061,12,36,0.333,0.458,0.15917602996254682,0.5786516853932584,0.6348314606741573,1.3726591760299627
203995,Vasilije Micić,1610612756,PHX,31,41,23,0.132,11,36,0.306,0.347,0.8426966292134831,0.5786516853932584,0.28651685393258425,1.7078651685393258
1630702,Jaden Hardy,1610612742,DAL,22,57,23,0.087,11,36,0.306,0.389,0.43820224719101125,0.5786516853932584,0.4157303370786517,1.4325842696629212
1642273,Kyshawn George,1610612764,WAS,21,67,30,0.067,9,36,0.25,0.347,0.20786516853932585,0.5786516853932584,0.28651685393258425,1.0730337078651684
1642266,Ja'Kobe Walter,1610612761,TOR,20,52,23,0.089,17,35,0.486,0.614,0.45880149812734083,0.5711610486891385,0.9082397003745318,1.9382022471910112
1628371,Jonathan Isaac,1610612753,ORL,27,70,28,0.109,12,35,0.343,0.371,0.6853932584269663,0.5711610486891385,0.36329588014981273,1.6198501872659177
1642367,Jonathan Mogbo,1610612761,TOR,23,63,27,0.098,10,35,0.286,0.3,0.5655430711610487,0.5711610486891385,0.1704119850187266,1.307116104868914
203994,Jusuf Nurkić,1610612766,CHA,30,51,24,0.099,10,35,0.286,0.314,0.5861423220973783,0.5711610486891385,0.19850187265917604,1.3558052434456929
1642348,Justin Edwards,1610612755,PHI,21,44,21,0.09,13,34,0.382,0.426,0.4794007490636704,0.5674157303370787,0.5374531835205992,1.5842696629213484
1631323,Simone Fontecchio,1610612765,DET,29,74,29,0.091,10,34,0.294,0.368,0.4868913857677903,0.5674157303370787,0.35580524344569286,1.4101123595505618
1630208,Nick Richards,1610612756,PHX,27,57,24,0.095,20,33,0.606,0.606,0.5355805243445693,0.5561797752808989,0.9063670411985019,1.9981273408239701
1630573,Sam Hauser,1610612738,BOS,27,69,24,0.072,14,33,0.424,0.591,0.26591760299625467,0.5561797752808989,0.900749063670412,1.7228464419475655
1628379,Luke Kennard,1610612763,MEM,28,64,27,0.078,12,33,0.364,0.455,0.350187265917603,0.5561797752808989,0.6142322097378277,1.5205992509363295
203992,Bogdan Bogdanović,1610612746,LAC,32,54,22,0.067,11,33,0.333,0.394,0.20786516853932585,0.5561797752808989,0.42696629213483145,1.1910112359550562
1626168,Trey Lyles,1610612758,SAC,29,68,24,0.089,11,33,0.333,0.409,0.45880149812734083,0.5561797752808989,0.4737827715355805,1.4887640449438202
201587,Nicolas Batum,1610612746,LAC,36,78,25,0.139,11,33,0.333,0.5,0.8764044943820225,0.5561797752808989,0.7322097378277154,2.1647940074906367
1631117,Walker Kessler,1610612762,UTA,23,57,23,0.078,17,32,0.531,0.531,0.350187265917603,0.552434456928839,0.8202247191011236,1.7228464419475655
204001,Kristaps Porziņģis,1610612738,BOS,29,42,23,0.058,14,32,0.438,0.469,0.1254681647940075,0.552434456928839,0.6722846441947565,1.350187265917603
203482,Kelly Olynyk,1610612740,NOP,33,43,24,0.118,16,31,0.516,0.532,0.7434456928838952,0.5430711610486891,0.8220973782771536,2.108614232209738
1630182,Josh Green,1610612766,CHA,24,67,22,0.075,13,31,0.419,0.516,0.2958801498127341,0.5430711610486891,0.8052434456928839,1.6441947565543071
1628971,Bruce Brown,1610612740,NOP,28,41,21,0.1,13,31,0.419,0.452,0.602996254681648,0.5430711610486891,0.6067415730337079,1.7528089887640452
203932,Aaron Gordon,1610612743,DEN,29,51,23,0.062,12,31,0.387,0.387,0.16666666666666666,0.5430711610486891,0.4101123595505618,1.1198501872659175
203954,Joel Embiid,1610612755,PHI,31,19,13,0.098,7,31,0.226,0.242,0.5655430711610487,0.5430711610486891,0.11610486891385768,1.2247191011235956
1629627,Zion Williamson,1610612740,NOP,24,29,22,0.061,17,30,0.567,0.567,0.15917602996254682,0.5299625468164794,0.8745318352059925,1.5636704119850187
1631218,Trayce Jackson-Davis,1610612744,GSW,25,60,22,0.101,13,30,0.433,0.433,0.6273408239700374,0.5299625468164794,0.5580524344569289,1.7153558052434457
1631124,Julian Strawther,1610612743,DEN,22,65,24,0.064,10,30,0.333,0.383,0.1853932584269663,0.5299625468164794,0.40262172284644193,1.1179775280898876
1641724,Jett Howard,1610612753,ORL,21,60,22,0.115,8,30,0.267,0.367,0.7265917602996255,0.5299625468164794,0.350187265917603,1.606741573033708
1630288,Jeff Dowtin Jr.,1610612755,PHI,27,41,15,0.13,8,30,0.267,0.317,0.8220973782771536,0.5299625468164794,0.20786516853932585,1.5599250936329587
202704,Reggie Jackson,1610612755,PHI,34,31,16,0.226,7,30,0.233,0.267,0.9831460674157303,0.5299625468164794,0.14232209737827714,1.6554307116104867
1631157,Ryan Rollins,1610612749,MIL,22,56,22,0.111,6,30,0.2,0.25,0.7078651685393258,0.5299625468164794,0.11797752808988764,1.3558052434456926
1629634,Brandon Clarke,1610612763,MEM,28,63,23,0.077,14,29,0.483,0.483,0.32771535580524347,0.5205992509363296,0.7097378277153558,1.5580524344569289
1631204,Marcus Sasser,1610612765,DET,24,57,23,0.098,12,29,0.414,0.483,0.5655430711610487,0.5205992509363296,0.7097378277153558,1.7958801498127341
201143,Al Horford,1610612738,BOS,38,59,21,0.065,10,29,0.345,0.397,0.19288389513108614,0.5205992509363296,0.4363295880149813,1.1498127340823971
203486,Mason Plumlee,1610612756,PHX,35,74,22,0.144,10,29,0.345,0.345,0.9044943820224719,0.5205992509363296,0.28277153558052437,1.707865168539326
1629618,Jalen Pickett,1610612743,DEN,25,49,21,0.161,8,29,0.276,0.328,0.947565543071161,0.5205992509363296,0.23220973782771537,1.7003745318352061
1642258,Zaccharie Risacher,1610612737,ATL,20,74,23,0.036,14,28,0.5,0.536,0.020599250936329586,0.5131086142322098,0.8239700374531835,1.357677902621723
1631217,Moussa Diabaté,1610612766,CHA,23,70,22,0.104,12,28,0.429,0.429,0.6441947565543071,0.5131086142322098,0.5468164794007491,1.7041198501872659
1631133,Jabari Walker,1610612757,POR,22,60,21,0.122,12,28,0.429,0.464,0.7677902621722846,0.5131086142322098,0.6573033707865169,1.9382022471910112
1641717,Cason Wallace,1610612760,OKC,21,67,23,0.058,12,28,0.429,0.518,0.1254681647940075,0.5131086142322098,0.8071161048689138,1.445692883895131
1629655,Daniel Gafford,1610612742,DAL,26,57,22,0.067,18,27,0.667,0.667,0.20786516853932585,0.49812734082397003,0.9288389513108615,1.6348314606741574
1630200,Tre Jones,1610612741,CHI,25,45,20,0.119,14,27,0.519,0.537,0.7528089887640449,0.49812734082397003,0.8258426966292135,2.0767790262172285
1629006,Josh Okogie,1610612766,CHA,26,40,17,0.127,13,27,0.481,0.556,0.8033707865168539,0.49812734082397003,0.8595505617977528,2.1610486891385765
1630526,Jeremiah Robinson-Earl,1610612740,NOP,24,65,24,0.079,13,27,0.481,0.537,0.36142322097378277,0.49812734082397003,0.8258426966292135,1.6853932584269664
1641767,Ben Sheppard,1610612754,IND,23,62,20,0.096,12,27,0.444,0.574,0.5468164794007491,0.49812734082397003,0.8820224719101124,1.9269662921348316
1630245,Ayo Dosunmu,1610612741,CHI,25,46,20,0.06,8,27,0.296,0.315,0.14794007490636704,0.49812734082397003,0.20037453183520598,0.8464419475655431
203114,Khris Middleton,1610612764,WAS,33,36,19,0.082,7,27,0.259,0.333,0.3838951310861423,0.49812734082397003,0.2397003745318352,1.1217228464419475
1628988,Aaron Holiday,1610612745,HOU,28,61,19,0.106,7,27,0.259,0.315,0.6647940074906367,0.49812734082397003,0.20037453183520598,1.3632958801498127
1628386,Jarrett Allen,1610612739,CLE,26,82,21,0.041,14,26,0.538,0.538,0.0299625468164794,0.4887640449438202,0.8295880149812734,1.348314606741573
1629028,Deandre Ayton,1610612757,POR,26,40,17,0.056,10,26,0.385,0.404,0.10299625468164794,0.4887640449438202,0.4606741573033708,1.052434456928839
1628420,Monté Morris,1610612756,PHX,29,45,21,0.133,10,26,0.385,0.462,0.8520599250936329,0.4887640449438202,0.649812734082397,1.9906367041198503
1626192,Pat Connaughton,1610612749,MIL,32,41,16,0.147,10,26,0.385,0.423,0.9101123595505618,0.4887640449438202,0.5299625468164794,1.9288389513108615
1630174,Aaron Nesmith,1610612754,IND,25,44,16,0.071,9,26,0.346,0.365,0.25280898876404495,0.4887640449438202,0.3445692883895131,1.0861423220973783
1628436,Luke Kornet,1610612738,BOS,29,71,22,0.091,12,25,0.48,0.48,0.4868913857677903,0.4737827715355805,0.6985018726591761,1.6591760299625469
203497,Rudy Gobert,1610612750,MIN,32,72,24,0.049,12,25,0.48,0.48,0.06179775280898876,0.4737827715355805,0.6985018726591761,1.2340823970037453
1631255,Karlo Matković,1610612740,NOP,24,41,18,0.109,11,25,0.44,0.48,0.6853932584269663,0.4737827715355805,0.6985018726591761,1.857677902621723
1641715,Cam Whitmore,1610612745,HOU,20,50,23,0.063,11,25,0.44,0.54,0.17415730337078653,0.4737827715355805,0.8352059925093633,1.4831460674157304
1628467,Maxi Kleber,1610612747,LAL,33,34,18,0.26,9,25,0.36,0.4,0.9868913857677902,0.4737827715355805,0.44569288389513106,1.9063670411985019
1631216,Caleb Houstan,1610612753,ORL,22,57,20,0.134,7,25,0.28,0.38,0.8614232209737828,0.4737827715355805,0.39325842696629215,1.7284644194756555
1642358,AJ Johnson,1610612764,WAS,20,29,15,0.117,6,25,0.24,0.26,0.7378277153558053,0.4737827715355805,0.13857677902621723,1.350187265917603
1642262,Cody Williams,1610612762,UTA,20,50,20,0.097,5,25,0.2,0.22,0.5599250936329588,0.4737827715355805,0.09737827715355805,1.1310861423220975
1628381,John Collins,1610612762,UTA,27,39,17,0.046,16,24,0.667,0.75,0.056179775280898875,0.4550561797752809,0.9550561797752809,1.4662921348314608
1641748,Andre Jackson Jr.,1610612749,MIL,23,67,21,0.122,12,24,0.5,0.604,0.7677902621722846,0.4550561797752809,0.9044943820224719,2.1273408239700373
1630544,Tre Mann,1610612766,CHA,24,13,13,0.149,11,24,0.458,0.542,0.9194756554307116,0.4550561797752809,0.8426966292134831,2.2172284644194757
1642272,Jared McCain,1610612755,PHI,21,23,14,0.088,9,24,0.375,0.458,0.44756554307116103,0.4550561797752809,0.6348314606741573,1.5374531835205993
1641787,Tosan Evbuomwan,1610612751,BKN,24,28,17,0.109,9,24,0.375,0.417,0.6853932584269663,0.4550561797752809,0.50187265917603,1.642322097378277
1630551,Justin Champagnie,1610612764,WAS,23,61,17,0.058,8,24,0.333,0.396,0.1254681647940075,0.4550561797752809,0.4288389513108614,1.0093632958801497
1628380,Zach Collins,1610612741,CHI,27,63,17,0.082,7,24,0.292,0.313,0.3838951310861423,0.4550561797752809,0.19101123595505617,1.0299625468164795
1631221,Collin Gillespie,1610612756,PHX,25,33,16,0.152,7,24,0.292,0.354,0.9288389513108615,0.4550561797752809,0.3089887640449438,1.692883895131086
1642269,Devin Carter,1610612758,SAC,23,35,16,0.194,6,24,0.25,0.292,0.9700374531835206,0.4550561797752809,0.16292134831460675,1.5880149812734083
1630241,Sam Merrill,1610612739,CLE,28,71,19,0.057,5,24,0.208,0.292,0.11610486891385768,0.4550561797752809,0.16292134831460675,0.7340823970037453
1631212,Peyton Watson,1610612743,DEN,22,68,21,0.055,11,23,0.478,0.565,0.09925093632958802,0.43820224719101125,0.8707865168539326,1.4082397003745317
203935,Marcus Smart,1610612764,WAS,31,33,16,0.092,9,23,0.391,0.457,0.5037453183520599,0.43820224719101125,0.6292134831460674,1.5711610486891385
1642419,Jamison Battle,1610612761,TOR,23,58,18,0.068,9,23,0.391,0.5,0.2209737827715356,0.43820224719101125,0.7322097378277154,1.3913857677902621
1629026,Kenrich Williams,1610612760,OKC,30,68,21,0.066,8,23,0.348,0.435,0.20037453183520598,0.43820224719101125,0.5636704119850188,1.202247191011236
202692,Alec Burks,1610612748,MIA,33,49,19,0.085,8,23,0.348,0.5,0.41760299625468167,0.43820224719101125,0.7322097378277154,1.5880149812734081
1631200,Kris Murray,1610612757,POR,24,69,22,0.082,7,23,0.304,0.326,0.3838951310861423,0.43820224719101125,0.22846441947565543,1.050561797752809
200768,Kyle Lowry,1610612755,PHI,39,35,17,0.197,6,23,0.261,0.326,0.9737827715355806,0.43820224719101125,0.22846441947565543,1.6404494382022472
203083,Andre Drummond,1610612755,PHI,31,40,18,0.098,5,23,0.217,0.239,0.5655430711610487,0.43820224719101125,0.11423220973782772,1.1179775280898876
1631104,Blake Wesley,1610612759,SAS,22,58,21,0.124,3,23,0.13,0.13,0.7902621722846442,0.43820224719101125,0.0749063670411985,1.303370786516854
1631105,Jalen Duren,1610612765,DET,21,77,19,0.041,16,22,0.727,0.727,0.0299625468164794,0.41947565543071164,0.9531835205992509,1.402621722846442
1631109,Mark Williams,1610612766,CHA,23,44,15,0.049,14,22,0.636,0.636,0.06179775280898876,0.41947565543071164,0.9213483146067416,1.402621722846442
1627732,Ben Simmons,1610612746,LAC,28,51,15,0.099,10,22,0.455,0.455,0.5861423220973783,0.41947565543071164,0.6142322097378277,1.6198501872659177
1629750,Javonte Green,1610612739,CLE,31,68,18,0.076,9,22,0.409,0.477,0.31273408239700373,0.41947565543071164,0.6891385767790262,1.4213483146067416
1626166,Cameron Payne,1610612752,NYK,30,71,22,0.05,8,22,0.364,0.432,0.06741573033707865,0.41947565543071164,0.5543071161048689,1.0411985018726593
201569,Eric Gordon,1610612755,PHI,36,39,17,0.108,8,22,0.364,0.455,0.6779026217228464,0.41947565543071164,0.6142322097378277,1.7116104868913857
1630249,Vít Krejčí,1610612737,ATL,24,57,17,0.075,8,22,0.364,0.455,0.2958801498127341,0.41947565543071164,0.6142322097378277,1.3295880149812733
1631209,Isaiah Wong,1610612766,CHA,24,20,13,0.21,7,22,0.318,0.364,0.9775280898876404,0.41947565543071164,0.33146067415730335,1.7284644194756555
1627780,Gary Payton II,1610612744,GSW,32,60,18,0.076,7,22,0.318,0.409,0.31273408239700373,0.41947565543071164,0.4737827715355805,1.205992509363296
1627936,Alex Caruso,1610612760,OKC,31,53,18,0.072,5,22,0.227,0.273,0.26591760299625467,0.41947565543071164,0.14606741573033707,0.8314606741573034
1630188,Jalen Smith,1610612741,CHI,25,63,21,0.053,11,21,0.524,0.619,0.0749063670411985,0.40636704119850187,0.9101123595505618,1.3913857677902621
1630231,KJ Martin,1610612762,UTA,24,43,15,0.104,10,21,0.476,0.524,0.6441947565543071,0.40636704119850187,0.8108614232209738,1.8614232209737827
1629684,Grant Williams,1610612766,CHA,26,16,10,0.171,8,21,0.381,0.381,0.9588014981273408,0.40636704119850187,0.398876404494382,1.7640449438202248
1629004,Svi Mykhailiuk,1610612762,UTA,27,37,15,0.071,8,21,0.381,0.452,0.25280898876404495,0.40636704119850187,0.6067415730337079,1.2659176029962547
1631115,Orlando Robinson,1610612761,TOR,24,43,16,0.082,6,21,0.286,0.286,0.3838951310861423,0.40636704119850187,0.15730337078651685,0.9475655430711609
203901,Elfrid Payton,1610612740,NOP,31,24,13,0.172,5,21,0.238,0.238,0.9606741573033708,0.40636704119850187,0.11235955056179775,1.4794007490636705
1630243,Trevelin Queen,1610612753,ORL,28,31,14,0.143,5,21,0.238,0.31,0.8951310861423221,0.40636704119850187,0.1853932584269663,1.4868913857677901
1629674,Neemias Queta,1610612738,BOS,25,61,17,0.105,11,20,0.55,0.55,0.653558052434457,0.39325842696629215,0.8539325842696629,1.9007490636704119
1629659,Talen Horton-Tucker,1610612741,CHI,24,57,15,0.069,10,20,0.5,0.65,0.2303370786516854,0.39325842696629215,0.9269662921348315,1.5505617977528092
1641810,Antonio Reeves,1610612740,NOP,22,44,18,0.081,8,20,0.4,0.525,0.37640449438202245,0.39325842696629215,0.8127340823970037,1.5823970037453183
1630191,Isaiah Stewart,1610612765,DET,23,71,18,0.064,8,20,0.4,0.4,0.1853932584269663,0.39325842696629215,0.44569288389513106,1.0243445692883895
1642270,Donovan Clingan,1610612757,POR,21,67,17,0.06,7,20,0.35,0.35,0.14794007490636704,0.39325842696629215,0.29775280898876405,0.8389513108614233
1629610,DaQuan Jeffries,1610612766,CHA,27,46,16,0.07,6,20,0.3,0.35,0.24157303370786518,0.39325842696629215,0.29775280898876405,0.9325842696629214
1626153,Delon Wright,1610612752,NYK,32,40,15,0.153,5,20,0.25,0.3,0.9307116104868914,0.39325842696629215,0.1704119850187266,1.4943820224719102
1628392,Isaiah Hartenstein,1610612760,OKC,26,57,15,0.04,11,19,0.579,0.579,0.026217228464419477,0.3782771535580524,0.8857677902621723,1.2902621722846441
1630572,Sandro Mamukelashvili,1610612759,SAS,25,61,17,0.068,9,19,0.474,0.553,0.2209737827715356,0.3782771535580524,0.8558052434456929,1.4550561797752808
1630256,Jae'Sean Tate,1610612745,HOU,29,51,14,0.129,9,19,0.474,0.579,0.8146067415730337,0.3782771535580524,0.8857677902621723,2.0786516853932584
1631103,Malaki Branham,1610612759,SAS,21,47,16,0.1,9,19,0.474,0.553,0.602996254681648,0.3782771535580524,0.8558052434456929,1.8370786516853932
1642263,Reed Sheppard,1610612745,HOU,20,52,15,0.079,7,19,0.368,0.474,0.36142322097378277,0.3782771535580524,0.6816479400749064,1.4213483146067416
1629013,Landry Shamet,1610612752,NYK,28,49,16,0.083,6,19,0.316,0.368,0.40074906367041196,0.3782771535580524,0.35580524344569286,1.1348314606741572
1629022,Lonnie Walker IV,1610612755,PHI,26,20,15,0.09,6,19,0.316,0.342,0.4794007490636704,0.3782771535580524,0.27340823970037453,1.1310861423220975
1641720,Jalen Hood-Schifino,1610612755,PHI,21,15,10,0.194,5,19,0.263,0.368,0.9700374531835206,0.3782771535580524,0.35580524344569286,1.7041198501872659
1641732,Colby Jones,1610612764,WAS,22,39,12,0.14,7,18,0.389,0.472,0.8801498127340824,0.3651685393258427,0.6797752808988764,1.9250936329588015
1626204,Larry Nance Jr.,1610612737,ATL,32,24,13,0.116,7,18,0.389,0.417,0.7322097378277154,0.3651685393258427,0.50187265917603,1.5992509363295881
1630171,Isaac Okoro,1610612739,CLE,24,55,14,0.067,6,18,0.333,0.417,0.20786516853932585,0.3651685393258427,0.50187265917603,1.0749063670411987
203957,Danté Exum,1610612742,DAL,29,20,13,0.134,6,18,0.333,0.361,0.8614232209737828,0.3651685393258427,0.3295880149812734,1.5561797752808988
1641744,Zach Edey,1610612763,MEM,22,65,17,0.042,6,18,0.333,0.333,0.03932584269662921,0.3651685393258427,0.2397003745318352,0.6441947565543071
1630692,Jordan Goodwin,1610612747,LAL,26,28,13,0.13,6,18,0.333,0.417,0.8220973782771536,0.3651685393258427,0.50187265917603,1.6891385767790261
1630534,Ochai Agbaji,1610612761,TOR,24,64,15,0.034,3,18,0.167,0.222,0.011235955056179775,0.3651685393258427,0.09925093632958802,0.47565543071161054
1641737,Adem Bona,1610612755,PHI,22,58,16,0.089,11,17,0.647,0.647,0.45880149812734083,0.35580524344569286,0.9250936329588015,1.7397003745318353
1642345,Oso Ighodaro,1610612756,PHX,22,61,14,0.091,7,17,0.412,0.412,0.4868913857677903,0.35580524344569286,0.4887640449438202,1.3314606741573034
203991,Clint Capela,1610612737,ATL,30,54,14,0.045,6,17,0.353,0.353,0.052434456928838954,0.35580524344569286,0.3052434456928839,0.7134831460674158
203914,Gary Harris,1610612753,ORL,30,47,10,0.129,5,17,0.294,0.412,0.8146067415730337,0.35580524344569286,0.4887640449438202,1.6591760299625469
1641757,Jordan Miller,1610612746,LAC,25,36,14,0.132,5,17,0.294,0.324,0.8426966292134831,0.35580524344569286,0.2209737827715356,1.4194756554307115
1629637,Jaxson Hayes,1610612747,LAL,24,56,16,0.072,10,16,0.625,0.625,0.26591760299625467,0.3408239700374532,0.9157303370786517,1.5224719101123596
1642265,Rob Dillingham,1610612750,MIN,20,49,12,0.076,6,16,0.375,0.438,0.31273408239700373,0.3408239700374532,0.5711610486891385,1.2247191011235954
1627763,Malcolm Brogdon,1610612764,WAS,32,24,12,0.067,6,16,0.375,0.406,0.20786516853932585,0.3408239700374532,0.4681647940074906,1.0168539325842696
1631119,Jaylin Williams,1610612760,OKC,22,46,13,0.075,5,16,0.313,0.406,0.2958801498127341,0.3408239700374532,0.4681647940074906,1.104868913857678
1642366,Quinten Post,1610612744,GSW,25,40,15,0.062,5,16,0.313,0.375,0.16666666666666666,0.3408239700374532,0.36704119850187267,0.8745318352059925
1641765,Olivier-Maxence Prosper,1610612742,DAL,22,52,13,0.092,5,16,0.313,0.375,0.5037453183520599,0.3408239700374532,0.36704119850187267,1.2116104868913857
1629622,Max Strus,1610612739,CLE,29,50,15,0.043,4,16,0.25,0.375,0.04307116104868914,0.3408239700374532,0.36704119850187267,0.7509363295880149
1628366,Lonzo Ball,1610612741,CHI,27,35,15,0.066,1,16,0.063,0.094,0.20037453183520598,0.3408239700374532,0.07116104868913857,0.6123595505617977
1631111,Wendell Moore Jr.,1610612766,CHA,23,35,12,0.123,7,15,0.467,0.5,0.7827715355805244,0.33146067415730335,0.7322097378277154,1.846441947565543
1629111,Jock Landale,1610612745,HOU,29,41,13,0.099,6,15,0.4,0.467,0.5861423220973783,0.33146067415730335,0.6647940074906367,1.5823970037453183
1629731,Dean Wade,1610612739,CLE,28,59,15,0.055,4,15,0.267,0.367,0.09925093632958802,0.33146067415730335,0.350187265917603,0.7808988764044944
1630611,Gui Santos,1610612744,GSW,22,54,12,0.093,3,15,0.2,0.2,0.5149812734082397,0.33146067415730335,0.08614232209737828,0.9325842696629214
1631246,Vince Williams Jr.,1610612763,MEM,24,26,13,0.093,2,15,0.133,0.133,0.5149812734082397,0.33146067415730335,0.07677902621722846,0.9232209737827716
1630643,Jay Huff,1610612763,MEM,27,64,13,0.046,8,14,0.571,0.643,0.056179775280898875,0.3202247191011236,0.9232209737827716,1.299625468164794
1641736,Reece Beekman,1610612751,BKN,23,36,13,0.131,7,14,0.5,0.5,0.8389513108614233,0.3202247191011236,0.7322097378277154,1.8913857677902621
1630639,A.J. Lawson,1610612761,TOR,24,25,10,0.078,6,14,0.429,0.464,0.350187265917603,0.3202247191011236,0.6573033707865169,1.3277153558052435
1631096,Chet Holmgren,1610612760,OKC,22,32,11,0.041,6,14,0.429,0.571,0.0299625468164794,0.3202247191011236,0.8782771535580525,1.2284644194756555
1629021,Moritz Wagner,1610612753,ORL,27,30,11,0.056,4,14,0.286,0.321,0.10299625468164794,0.3202247191011236,0.21348314606741572,0.6367041198501873
1641796,Pelle Larsson,1610612748,MIA,24,55,11,0.069,3,14,0.214,0.25,0.2303370786516854,0.3202247191011236,0.11797752808988764,0.6685393258426966
1629626,Bol Bol,1610612756,PHX,25,36,9,0.071,8,13,0.615,0.769,0.25280898876404495,0.30337078651685395,0.9681647940074907,1.5243445692883895
1631232,Keion Brooks Jr.,1610612740,NOP,24,14,9,0.119,7,13,0.538,0.577,0.7528089887640449,0.30337078651685395,0.8838951310861424,1.940074906367041
1631207,Dalen Terry,1610612741,CHI,22,72,11,0.049,6,13,0.462,0.538,0.06179775280898876,0.30337078651685395,0.8295880149812734,1.1947565543071161
1631288,Jamal Cain,1610612740,NOP,26,36,10,0.084,6,13,0.462,0.5,0.4157303370786517,0.30337078651685395,0.7322097378277154,1.451310861423221
1630264,Anthony Gill,1610612764,WAS,32,51,12,0.148,6,13,0.462,0.538,0.9138576779026217,0.30337078651685395,0.8295880149812734,2.046816479400749
1629629,Cam Reddish,1610612747,LAL,25,33,9,0.138,4,13,0.308,0.423,0.8745318352059925,0.30337078651685395,0.5299625468164794,1.707865168539326
1641794,Dillon Jones,1610612760,OKC,23,54,11,0.098,3,13,0.231,0.308,0.5655430711610487,0.30337078651685395,0.1797752808988764,1.0486891385767791
1630811,Keaton Wallace,1610612737,ATL,26,30,12,0.08,3,13,0.231,0.269,0.37265917602996257,0.30337078651685395,0.1441947565543071,0.8202247191011236
1641854,Craig Porter Jr.,1610612739,CLE,25,51,10,0.093,3,13,0.231,0.308,0.5149812734082397,0.30337078651685395,0.1797752808988764,0.9981273408239701
201599,DeAndre Jordan,1610612743,DEN,36,56,10,0.086,9,12,0.75,0.75,0.4288389513108614,0.2883895131086142,0.9550561797752809,1.6722846441947565
1631243,Mouhamed Gueye,1610612737,ATL,22,32,9,0.072,7,12,0.583,0.667,0.26591760299625467,0.2883895131086142,0.9288389513108615,1.4831460674157304
1629234,Drew Eubanks,1610612746,LAC,28,60,11,0.063,5,12,0.417,0.458,0.17415730337078653,0.2883895131086142,0.6348314606741573,1.097378277153558
1629162,Jordan McLaughlin,1610612759,SAS,29,46,9,0.167,5,12,0.417,0.5,0.9531835205992509,0.2883895131086142,0.7322097378277154,1.9737827715355807
1641774,Tristan Vukcevic,1610612764,WAS,22,35,10,0.05,4,12,0.333,0.375,0.06741573033707865,0.2883895131086142,0.36704119850187267,0.7228464419475655
201567,Kevin Love,1610612748,MIA,36,23,9,0.104,4,12,0.333,0.458,0.6441947565543071,0.2883895131086142,0.6348314606741573,1.5674157303370788
1641713,GG Jackson,1610612763,MEM,20,29,8,0.06,2,12,0.167,0.167,0.14794007490636704,0.2883895131086142,0.08426966292134831,0.5205992509363295
1641816,Hunter Tyson,1610612743,DEN,24,51,11,0.1,2,12,0.167,0.208,0.602996254681648,0.2883895131086142,0.09550561797752809,0.9868913857677902
1630314,Brandon Williams,1610612742,DAL,25,33,9,0.059,5,11,0.455,0.545,0.13295880149812733,0.2696629213483146,0.8445692883895131,1.247191011235955
203500,Steven Adams,1610612745,HOU,31,57,10,0.068,5,11,0.455,0.455,0.2209737827715356,0.2696629213483146,0.6142322097378277,1.1048689138576777
1629020,Jarred Vanderbilt,1610612747,LAL,26,35,8,0.095,5,11,0.455,0.545,0.5355805243445693,0.2696629213483146,0.8445692883895131,1.649812734082397
1641712,Rayan Rupert,1610612757,POR,20,52,7,0.077,4,11,0.364,0.409,0.32771535580524347,0.2696629213483146,0.4737827715355805,1.0711610486891385
1641998,Trey Jemison III,1610612747,LAL,25,37,10,0.151,4,11,0.364,0.364,0.9250936329588015,0.2696629213483146,0.33146067415730335,1.5262172284644195
1631311,Lester Quinones,1610612740,NOP,24,13,6,0.141,4,11,0.364,0.5,0.8876404494382022,0.2696629213483146,0.7322097378277154,1.8895131086142323
1631248,Baylor Scheierman,1610612738,BOS,24,30,8,0.102,4,11,0.364,0.455,0.6310861423220974,0.2696629213483146,0.6142322097378277,1.5149812734082397
1630322,Lindy Waters III,1610612765,DET,27,51,10,0.045,4,11,0.364,0.455,0.052434456928838954,0.2696629213483146,0.6142322097378277,0.9363295880149812
1631223,David Roddy,1610612745,HOU,24,33,10,0.088,3,11,0.273,0.364,0.44756554307116103,0.2696629213483146,0.33146067415730335,1.048689138576779
1629726,Garrison Mathews,1610612737,ATL,28,47,11,0.043,3,11,0.273,0.364,0.04307116104868914,0.2696629213483146,0.33146067415730335,0.6441947565543071
202684,Tristan Thompson,1610612739,CLE,34,40,8,0.141,4,10,0.4,0.4,0.8876404494382022,0.24719101123595505,0.44569288389513106,1.5805243445692883
1642285,Cam Spencer,1610612763,MEM,25,25,6,0.122,4,10,0.4,0.5,0.7677902621722846,0.24719101123595505,0.7322097378277154,1.7471910112359552
1631166,Drew Timme,1610612751,BKN,24,9,7,0.098,4,10,0.4,0.5,0.5655430711610487,0.24719101123595505,0.7322097378277154,1.5449438202247192
1641798,Jaylen Martin,1610612764,WAS,21,16,7,0.135,3,10,0.3,0.35,0.8670411985018727,0.24719101123595505,0.29775280898876405,1.4119850187265917
1642349,Ajay Mitchell,1610612760,OKC,22,36,9,0.054,3,10,0.3,0.4,0.08801498127340825,0.24719101123595505,0.44569288389513106,0.7808988764044944
1629723,John Konchar,1610612763,MEM,29,46,9,0.11,3,10,0.3,0.45,0.6985018726591761,0.24719101123595505,0.602996254681648,1.548689138576779
1630311,Pat Spencer,1610612744,GSW,28,38,8,0.099,3,10,0.3,0.3,0.5861423220973783,0.24719101123595505,0.1704119850187266,1.00374531835206
1642281,Jaylon Tyson,1610612739,CLE,22,47,8,0.067,2,10,0.2,0.25,0.20786516853932585,0.24719101123595505,0.11797752808988764,0.5730337078651685
1630538,Bones Hyland,1610612750,MIN,24,23,8,0.09,2,10,0.2,0.25,0.4794007490636704,0.24719101123595505,0.11797752808988764,0.8445692883895131
201145,Jeff Green,1610612745,HOU,38,31,8,0.083,2,10,0.2,0.2,0.40074906367041196,0.24719101123595505,0.08614232209737828,0.7340823970037453
1629057,Robert Williams III,1610612757,POR,27,20,8,0.128,2,10,0.2,0.2,0.8108614232209738,0.24719101123595505,0.08614232209737828,1.1441947565543071
1641727,Dariq Whitehead,1610612751,BKN,20,20,6,0.104,2,10,0.2,0.3,0.6441947565543071,0.24719101123595505,0.1704119850187266,1.0617977528089888
1642403,Isaac Jones,1610612758,SAC,24,40,7,0.108,6,9,0.667,0.667,0.6779026217228464,0.22284644194756553,0.9288389513108615,1.8295880149812733
1630579,Jericho Sims,1610612749,MIL,26,52,8,0.129,5,9,0.556,0.556,0.8146067415730337,0.22284644194756553,0.8595505617977528,1.8970037453183521
1631245,Quenton Jackson,1610612754,IND,26,27,8,0.076,4,9,0.444,0.5,0.31273408239700373,0.22284644194756553,0.7322097378277154,1.2677902621722845
1628975,Jevon Carter,1610612741,CHI,29,36,8,0.062,4,9,0.444,0.5,0.16666666666666666,0.22284644194756553,0.7322097378277154,1.1217228464419475
203967,Dario Šarić,1610612743,DEN,31,16,6,0.161,4,9,0.444,0.556,0.947565543071161,0.22284644194756553,0.8595505617977528,2.0299625468164795
1631172,Ousmane Dieng,1610612760,OKC,21,36,4,0.073,4,9,0.444,0.556,0.28277153558052437,0.22284644194756553,0.8595505617977528,1.3651685393258428
1630192,Zeke Nnaji,1610612743,DEN,24,57,9,0.065,3,9,0.333,0.333,0.19288389513108614,0.22284644194756553,0.2397003745318352,0.6554307116104869
1641723,Kobe Bufkin,1610612737,ATL,21,10,6,0.191,3,9,0.333,0.389,0.9681647940074907,0.22284644194756553,0.4157303370786517,1.606741573033708
1642277,Johnny Furphy,1610612754,IND,20,50,8,0.098,3,9,0.333,0.444,0.5655430711610487,0.22284644194756553,0.5880149812734082,1.3764044943820224
203926,Doug McDermott,1610612758,SAC,33,42,9,0.077,3,9,0.333,0.444,0.32771535580524347,0.22284644194756553,0.5880149812734082,1.1385767790262173
1630568,Luka Garza,1610612750,MIN,26,39,8,0.086,2,9,0.222,0.222,0.4288389513108614,0.22284644194756553,0.09925093632958802,0.750936329588015
1627814,Damion Lee,1610612756,PHX,32,25,9,0.122,2,9,0.222,0.222,0.7677902621722846,0.22284644194756553,0.09925093632958802,1.0898876404494382
1629669,Jaylen Nowell,1610612740,NOP,25,8,5,0.123,2,9,0.222,0.222,0.7827715355805244,0.22284644194756553,0.09925093632958802,1.104868913857678
1630194,Paul Reed,1610612765,DET,25,45,7,0.056,6,8,0.75,0.75,0.10299625468164794,0.20224719101123595,0.9550561797752809,1.2602996254681647
1628964,Mo Bamba,1610612740,NOP,26,31,7,0.073,5,8,0.625,0.813,0.28277153558052437,0.20224719101123595,0.9719101123595506,1.4569288389513109
1641721,Maxwell Lewis,1610612751,BKN,22,28,8,0.074,4,8,0.5,0.563,0.2940074906367041,0.20224719101123595,0.8670411985018727,1.3632958801498127
1626158,Richaun Holmes,1610612764,WAS,31,30,7,0.063,3,8,0.375,0.375,0.17415730337078653,0.20224719101123595,0.36704119850187267,0.7434456928838952
1641763,Julian Phillips,1610612741,CHI,21,78,8,0.028,3,8,0.375,0.375,0.0018726591760299626,0.20224719101123595,0.36704119850187267,0.5711610486891385
1641890,Tyler Smith,1610612749,MIL,20,23,4,0.16,2,8,0.25,0.313,0.9438202247191011,0.20224719101123595,0.19101123595505617,1.3370786516853932
1628365,Markelle Fultz,1610612758,SAC,26,21,5,0.119,2,8,0.25,0.313,0.7528089887640449,0.20224719101123595,0.19101123595505617,1.146067415730337
1630214,Xavier Tillman,1610612738,BOS,26,33,8,0.151,2,8,0.25,0.25,0.9250936329588015,0.20224719101123595,0.11797752808988764,1.2453183520599251
1630556,Kessler Edwards,1610612742,DAL,24,40,8,0.059,2,8,0.25,0.25,0.13295880149812733,0.20224719101123595,0.11797752808988764,0.45318352059925093
202066,Garrett Temple,1610612761,TOR,38,28,6,0.133,2,8,0.25,0.25,0.8520599250936329,0.20224719101123595,0.11797752808988764,1.1722846441947565
1641738,Kobe Brown,1610612746,LAC,25,39,7,0.123,1,8,0.125,0.125,0.7827715355805244,0.20224719101123595,0.07303370786516854,1.0580524344569289
1629646,Charles Bassey,1610612759,SAS,24,36,7,0.06,7,7,1,1,0.14794007490636704,0.1797752808988764,0.9794007490636704,1.3071161048689137
1641726,Dereck Lively II,1610612742,DAL,21,36,6,0.037,5,7,0.714,0.714,0.02247191011235955,0.1797752808988764,0.949438202247191,1.151685393258427
1641745,Adam Flagler,1610612760,OKC,25,36,6,0.073,4,7,0.571,0.714,0.28277153558052437,0.1797752808988764,0.949438202247191,1.4119850187265919
201959,Taj Gibson,1610612766,CHA,39,36,7,0.077,3,7,0.429,0.5,0.32771535580524347,0.1797752808988764,0.7322097378277154,1.2397003745318353
1628470,Torrey Craig,1610612738,BOS,34,26,7,0.078,3,7,0.429,0.571,0.350187265917603,0.1797752808988764,0.8782771535580525,1.408239700374532
1641740,Jaylen Clark,1610612750,MIN,23,40,7,0.058,3,7,0.429,0.5,0.1254681647940075,0.1797752808988764,0.7322097378277154,1.0374531835205993
1630531,Jaden Springer,1610612762,UTA,22,42,6,0.083,2,7,0.286,0.357,0.40074906367041196,0.1797752808988764,0.31835205992509363,0.898876404494382
1642278,Tyler Kolek,1610612752,NYK,24,41,6,0.085,2,7,0.286,0.286,0.41760299625468167,0.1797752808988764,0.15730337078651685,0.7546816479400749
1641871,Duop Reath,1610612757,POR,28,46,5,0.042,2,7,0.286,0.357,0.03932584269662921,0.1797752808988764,0.31835205992509363,0.5374531835205992
1630695,Micah Potter,1610612762,UTA,27,38,7,0.052,1,7,0.143,0.143,0.07303370786516854,0.1797752808988764,0.07865168539325842,0.3314606741573034
1631197,Jared Rhoden,1610612761,TOR,25,13,7,0.089,1,7,0.143,0.143,0.45880149812734083,0.1797752808988764,0.07865168539325842,0.7172284644194756
1628464,Daniel Theis,1610612740,NOP,33,38,7,0.054,1,7,0.143,0.143,0.08801498127340825,0.1797752808988764,0.07865168539325842,0.34644194756554303
1629011,Mitchell Robinson,1610612752,NYK,27,16,6,0.115,4,6,0.667,0.667,0.7265917602996255,0.15543071161048688,0.9288389513108615,1.8108614232209739
1631250,Pete Nance,1610612749,MIL,25,13,3,0.188,3,6,0.5,0.667,0.9644194756554307,0.15543071161048688,0.9288389513108615,2.048689138576779
202687,Bismack Biyombo,1610612759,SAS,32,28,6,0.053,3,6,0.5,0.5,0.0749063670411985,0.15543071161048688,0.7322097378277154,0.9625468164794008
1630205,Lamar Stevens,1610612763,MEM,27,17,5,0.095,3,6,0.5,0.5,0.5355805243445693,0.15543071161048688,0.7322097378277154,1.4232209737827715
1630545,Terrence Shannon Jr.,1610612750,MIN,24,32,6,0.053,3,6,0.5,0.583,0.0749063670411985,0.15543071161048688,0.8951310861423221,1.1254681647940075
1629643,Chuma Okeke,1610612739,CLE,26,9,5,0.15,3,6,0.5,0.5,0.9232209737827716,0.15543071161048688,0.7322097378277154,1.8108614232209739
1631230,Dominick Barlow,1610612737,ATL,21,35,6,0.053,2,6,0.333,0.333,0.0749063670411985,0.15543071161048688,0.2397003745318352,0.47003745318352064
203458,Alex Len,1610612747,LAL,31,45,6,0.095,2,6,0.333,0.333,0.5355805243445693,0.15543071161048688,0.2397003745318352,0.9307116104868914
1631301,Jaylen Sims,1610612766,CHA,26,6,4,0.214,2,6,0.333,0.5,0.9794007490636704,0.15543071161048688,0.7322097378277154,1.8670411985018727
201988,Patty Mills,1610612746,LAC,36,29,5,0.063,2,6,0.333,0.417,0.17415730337078653,0.15543071161048688,0.50187265917603,0.8314606741573034
1641775,Jordan Walsh,1610612738,BOS,21,51,6,0.073,2,6,0.333,0.417,0.28277153558052437,0.15543071161048688,0.50187265917603,0.9400749063670413
1630529,Herbert Jones,1610612740,NOP,26,20,5,0.035,1,6,0.167,0.25,0.016853932584269662,0.15543071161048688,0.11797752808988764,0.2902621722846442
202693,Markieff Morris,1610612747,LAL,35,15,5,0.086,1,6,0.167,0.25,0.4288389513108614,0.15543071161048688,0.11797752808988764,0.7022471910112359
203939,Dwight Powell,1610612742,DAL,33,55,5,0.082,4,5,0.8,0.8,0.3838951310861423,0.1348314606741573,0.9700374531835206,1.4887640449438204
1630550,JT Thor,1610612764,WAS,22,20,5,0.085,3,5,0.6,0.7,0.41760299625468167,0.1348314606741573,0.947565543071161,1.5
1631169,Josh Minott,1610612750,MIN,22,46,5,0.056,3,5,0.6,0.6,0.10299625468164794,0.1348314606741573,0.9026217228464419,1.1404494382022472
1630658,Colin Castleton,1610612761,TOR,24,25,5,0.054,2,5,0.4,0.4,0.08801498127340825,0.1348314606741573,0.44569288389513106,0.6685393258426966
1641809,Drew Peterson,1610612738,BOS,25,25,5,0.122,2,5,0.4,0.4,0.7677902621722846,0.1348314606741573,0.44569288389513106,1.348314606741573
1631321,Sidy Cissoko,1610612757,POR,21,22,5,0.167,1,5,0.2,0.2,0.9531835205992509,0.1348314606741573,0.08614232209737828,1.1741573033707864
1642382,Branden Carlson,1610612760,OKC,25,31,5,0.054,1,5,0.2,0.2,0.08801498127340825,0.1348314606741573,0.08614232209737828,0.3089887640449438
1626196,Josh Richardson,1610612748,MIA,31,8,4,0.132,0,5,0,0,0.8426966292134831,0.1348314606741573,0,0.9775280898876404
1631120,JD Davison,1610612738,BOS,22,16,2,0.147,0,5,0,0,0.9101123595505618,0.1348314606741573,0,1.0449438202247192
1630699,MarJon Beauchamp,1610612752,NYK,24,35,5,0.077,0,5,0,0,0.32771535580524347,0.1348314606741573,0,0.46254681647940077
1642355,Bronny James,1610612747,LAL,20,27,4,0.075,0,5,0,0,0.2958801498127341,0.1348314606741573,0,0.4307116104868914
1629052,Oshae Brissett,1610612755,PHI,26,6,3,0.103,3,4,0.75,0.875,0.6423220973782772,0.11423220973782772,0.9756554307116105,1.7322097378277155
1641734,Emoni Bates,1610612739,CLE,21,10,1,0.105,3,4,0.75,0.875,0.653558052434457,0.11423220973782772,0.9756554307116105,1.7434456928838953
1641753,Chris Livingston,1610612749,MIL,21,21,4,0.148,2,4,0.5,0.5,0.9138576779026217,0.11423220973782772,0.7322097378277154,1.7602996254681647
1631102,TyTy Washington Jr.,1610612756,PHX,23,16,2,0.089,2,4,0.5,0.625,0.45880149812734083,0.11423220973782772,0.9157303370786517,1.4887640449438204
1628427,Vlatko Čančar,1610612743,DEN,28,13,3,0.154,2,4,0.5,0.625,0.9325842696629213,0.11423220973782772,0.9157303370786517,1.9625468164794007
1628995,Kevin Knox II,1610612744,GSW,25,14,3,0.111,2,4,0.5,0.5,0.7078651685393258,0.11423220973782772,0.7322097378277154,1.554307116104869
1630696,Dru Smith,1610612748,MIA,27,14,3,0.066,1,4,0.25,0.375,0.20037453183520598,0.11423220973782772,0.36704119850187267,0.6816479400749064
1631306,Cole Swider,1610612761,TOR,25,10,3,0.063,1,4,0.25,0.25,0.17415730337078653,0.11423220973782772,0.11797752808988764,0.4063670411985019
1630623,Tyson Etienne,1610612751,BKN,25,7,3,0.077,1,4,0.25,0.375,0.32771535580524347,0.11423220973782772,0.36704119850187267,0.8089887640449438
1631303,Justin Minaya,1610612757,POR,26,19,4,0.19,0,4,0,0,0.9662921348314607,0.11423220973782772,0,1.0805243445692885
1641878,Damion Baugh,1610612766,CHA,24,14,4,0.035,0,4,0,0,0.016853932584269662,0.11423220973782772,0,0.13108614232209737
1642359,Pacôme Dadiet,1610612752,NYK,19,18,3,0.097,3,3,1,1.167,0.5599250936329588,0.08052434456928839,0.9925093632958801,1.6329588014981273
203109,Jae Crowder,1610612758,SAC,34,9,2,0.136,2,3,0.667,0.833,0.8689138576779026,0.08052434456928839,0.9737827715355806,1.9232209737827715
1629680,Matisse Thybulle,1610612757,POR,28,15,3,0.034,2,3,0.667,0.667,0.011235955056179775,0.08052434456928839,0.9288389513108615,1.0205992509363297
1641790,PJ Hall,1610612743,DEN,23,19,3,0.125,2,3,0.667,0.667,0.7940074906367042,0.08052434456928839,0.9288389513108615,1.803370786516854
1630574,Ariel Hukporti,1610612752,NYK,23,25,3,0.097,2,3,0.667,0.667,0.5599250936329588,0.08052434456928839,0.9288389513108615,1.5692883895131087
1631131,Oscar Tshiebwe,1610612762,UTA,25,14,2,0.043,1,3,0.333,0.333,0.04307116104868914,0.08052434456928839,0.2397003745318352,0.36329588014981273
1642024,Alex Reese,1610612755,PHI,25,15,3,0.056,1,3,0.333,0.333,0.10299625468164794,0.08052434456928839,0.2397003745318352,0.42322097378277157
1630585,Marcus Garrett,1610612766,CHA,26,4,3,0.111,1,3,0.333,0.5,0.7078651685393258,0.08052434456928839,0.7322097378277154,1.5205992509363295
1641725,Trey Alexander,1610612743,DEN,21,24,2,0.073,1,3,0.333,0.5,0.28277153558052437,0.08052434456928839,0.7322097378277154,1.095505617977528
1630561,David Duke Jr.,1610612759,SAS,25,6,3,0.214,1,3,0.333,0.5,0.9794007490636704,0.08052434456928839,0.7322097378277154,1.792134831460674
1641772,Nae'Qwan Tomlin,1610612739,CLE,24,5,2,0.094,0,3,0,0,0.5299625468164794,0.08052434456928839,0,0.6104868913857677
1628396,Tony Bradley,1610612754,IND,27,14,3,0.067,0,3,0,0,0.20786516853932585,0.08052434456928839,0,0.28838951310861427
1641803,Tristen Newton,1610612750,MIN,23,8,3,0.375,0,3,0,0,0.9962546816479401,0.08052434456928839,0,1.0767790262172285
1628963,Marvin Bagley III,1610612763,MEM,26,31,3,0.028,0,3,0,0,0.0018726591760299626,0.08052434456928839,0,0.08239700374531836
1641789,Jazian Gortman,1610612742,DAL,22,16,3,0.13,0,3,0,0,0.8220973782771536,0.08052434456928839,0,0.9026217228464419
1630165,Killian Hayes,1610612751,BKN,23,6,2,0.07,0,3,0,0,0.24157303370786518,0.08052434456928839,0,0.32209737827715357
201949,James Johnson,1610612754,IND,38,12,3,0.273,0,3,0,0,0.9887640449438202,0.08052434456928839,0,1.0692883895131087
1630539,Kai Jones,1610612742,DAL,24,40,3,0.028,0,3,0,0,0.0018726591760299626,0.08052434456928839,0,0.08239700374531836
1631123,Jamaree Bouyea,1610612749,MIL,25,5,1,0.167,2,2,1,1.25,0.9531835205992509,0.0299625468164794,0.9943820224719101,1.9775280898876404
1630604,E.J. Liddell,1610612741,CHI,24,12,2,0.133,2,2,1,1,0.8520599250936329,0.0299625468164794,0.9794007490636704,1.8614232209737827
1631116,Patrick Baldwin Jr.,1610612746,LAC,22,24,2,0.057,2,2,1,1.5,0.11610486891385768,0.0299625468164794,0.99812734082397,1.1441947565543071
1641752,Bobi Klintman,1610612765,DET,22,8,1,0.2,2,2,1,1.25,0.9756554307116105,0.0299625468164794,0.9943820224719101,2
1630537,Chris Duarte,1610612741,CHI,27,17,2,0.077,1,2,0.5,0.75,0.32771535580524347,0.0299625468164794,0.9550561797752809,1.3127340823970037
1631121,Bryce McGowens,1610612757,POR,22,13,2,0.143,1,2,0.5,0.5,0.8951310861423221,0.0299625468164794,0.7322097378277154,1.6573033707865168
1629650,Moses Brown,1610612742,DAL,25,13,2,0.041,1,2,0.5,0.5,0.0299625468164794,0.0299625468164794,0.7322097378277154,0.7921348314606742
1631159,Leonard Miller,1610612750,MIN,21,13,2,0.133,1,2,0.5,0.5,0.8520599250936329,0.0299625468164794,0.7322097378277154,1.6142322097378277
1629098,Jack McVeigh,1610612745,HOU,28,9,2,0.118,1,2,0.5,0.75,0.7434456928838952,0.0299625468164794,0.9550561797752809,1.7284644194756553
1642461,Spencer Jones,1610612743,DEN,23,20,2,0.059,1,2,0.5,0.5,0.13295880149812733,0.0299625468164794,0.7322097378277154,0.8951310861423221
1642484,RayJ Dennis,1610612754,IND,24,11,2,0.061,1,2,0.5,0.75,0.15917602996254682,0.0299625468164794,0.9550561797752809,1.1441947565543071
1631132,Christian Koloko,1610612747,LAL,24,37,2,0.03,1,2,0.5,0.5,0.009363295880149813,0.0299625468164794,0.7322097378277154,0.7715355805243446
1630346,Matt Ryan,1610612752,NYK,27,19,2,0.065,1,2,0.5,0.75,0.19288389513108614,0.0299625468164794,0.9550561797752809,1.1779026217228465
1631247,Luke Travers,1610612739,CLE,23,12,2,0.1,0,2,0,0,0.602996254681648,0.0299625468164794,0,0.6329588014981273
1630649,Stanley Umude,1610612749,MIL,26,22,2,0.077,0,2,0,0,0.32771535580524347,0.0299625468164794,0,0.3576779026217229
1630542,Marcus Bagley,1610612755,PHI,23,10,2,0.029,0,2,0,0,0.00749063670411985,0.0299625468164794,0,0.03745318352059925
1631098,Johnny Davis,1610612764,WAS,23,34,2,0.026,0,2,0,0,0,0.0299625468164794,0,0.0299625468164794
1630543,Isaiah Jackson,1610612754,IND,23,5,2,0.087,0,2,0,0,0.43820224719101125,0.0299625468164794,0,0.46816479400749067
1629001,De'Anthony Melton,1610612751,BKN,26,6,2,0.037,0,2,0,0,0.02247191011235955,0.0299625468164794,0,0.052434456928838954
1641755,Kevin McCullar Jr.,1610612752,NYK,24,4,1,0.286,0,2,0,0,0.9906367041198502,0.0299625468164794,0,1.0205992509363295
1642353,Cam Christie,1610612746,LAC,19,12,2,0.087,0,2,0,0,0.43820224719101125,0.0299625468164794,0,0.46816479400749067
1642385,Cui Yongxi,1610612751,BKN,21,5,2,0.286,0,2,0,0,0.9906367041198502,0.0299625468164794,0,1.0205992509363295
1642402,Enrique Freeman,1610612754,IND,24,22,2,0.054,0,2,0,0,0.08801498127340825,0.0299625468164794,0,0.11797752808988765
1628981,Bruno Fernando,1610612761,TOR,26,17,2,0.041,0,2,0,0,0.0299625468164794,0.0299625468164794,0,0.0599250936329588
1630618,D.J. Carton,1610612761,TOR,24,4,1,0.286,0,2,0,0,0.9906367041198502,0.0299625468164794,0,1.0205992509363295
1631466,Nate Williams,1610612745,HOU,26,19,2,0.034,0,2,0,0,0.011235955056179775,0.0299625468164794,0,0.04119850187265918
1630762,Phillip Wheeler,1610612755,PHI,22,5,1,0.095,0,2,0,0,0.5355805243445693,0.0299625468164794,0,0.5655430711610486
1641817,Anton Watson,1610612752,NYK,24,9,1,0.111,1,1,1,1,0.7078651685393258,0,0.9794007490636704,1.6872659176029963
1642449,Tolu Smith,1610612765,DET,24,1,1,0.111,1,1,1,1,0.7078651685393258,0,0.9794007490636704,1.6872659176029963
1641766,Adama Sanogo,1610612741,CHI,23,4,1,0.143,1,1,1,1,0.8951310861423221,0,0.9794007490636704,1.8745318352059925
1631342,Daeqwon Plowden,1610612737,ATL,26,6,1,0.04,1,1,1,1.5,0.026217228464419477,0,0.99812734082397,1.0243445692883895
1631214,Alondes Williams,1610612765,DET,25,1,1,0.5,1,1,1,1,0.99812734082397,0,0.9794007490636704,1.9775280898876404
1630222,Mason Jones,1610612758,SAC,26,10,1,0.056,1,1,1,1,0.10299625468164794,0,0.9794007490636704,1.0823970037453183
1631386,Tazé Moore,1610612757,POR,26,2,1,0.1,0,1,0,0,0.602996254681648,0,0,0.602996254681648
1642450,Daniss Jenkins,1610612765,DET,23,7,1,0.1,0,1,0,0,0.602996254681648,0,0,0.602996254681648
200782,P.J. Tucker,1610612752,NYK,39,3,1,0.143,0,1,0,0,0.8951310861423221,0,0,0.8951310861423221
1641779,Jalen Bridges,1610612756,PHX,23,8,1,0.143,0,1,0,0,0.8951310861423221,0,0,0.8951310861423221
1642050,Jackson Rowe,1610612744,GSW,28,6,1,0.059,0,1,0,0,0.13295880149812733,0,0,0.13295880149812733
204060,Joe Ingles,1610612750,MIN,37,19,1,0.043,0,1,0,0,0.04307116104868914,0,0,0.04307116104868914
1641936,Miles Norris,1610612738,BOS,24,3,1,0.111,0,1,0,0,0.7078651685393258,0,0,0.7078651685393258
1630644,Mac McClung,1610612753,ORL,26,2,1,0.5,0,1,0,0,0.99812734082397,0,0,0.99812734082397
1642422,Armel Traoré,1610612747,LAL,22,9,1,0.053,0,1,0,0,0.0749063670411985,0,0,0.0749063670411985
1642280,Trentyn Flowers,1610612746,LAC,20,6,1,0.091,0,1,0,0,0.4868913857677903,0,0,0.4868913857677903
